/home/mint/smart-db/core/text_processor.py:17: FutureWarning: 

All support for the `google.generativeai` package has ended. It will no longer be receiving 
updates or bug fixes. Please switch to the `google.genai` package as soon as possible.
See README for more details:

https://github.com/google-gemini/deprecated-generative-ai-python/blob/main/README.md

  import google.generativeai as genai
2026-06-15 16:40:55,072 [INFO] Started ingestion daemon. Monitoring /home/mint/smart-db/INPUT
Initializing Docling DocumentConverter with Russian OCR...
Docling ready.
2026-06-15 16:40:55,072 [INFO] Started ingestion daemon. Monitoring /home/mint/smart-db/INPUT
2026-06-15 16:40:55,072 [INFO] Ingesting В.А. Обвинцеву Тангенс2000 УПК ЮНИТ в ремонт 2026 согл.docx via OCR...
2026-06-15 16:40:55,072 [INFO] Ingesting В.А. Обвинцеву Тангенс2000 УПК ЮНИТ в ремонт 2026 согл.docx via OCR...
2026-06-15 16:40:55,072 [INFO] detected formats: [<InputFormat.DOCX: 'docx'>]
Processing В.А. Обвинцеву Тангенс2000 УПК ЮНИТ в ремонт 2026 согл.docx with Docling...
2026-06-15 16:40:55,072 [INFO] detected formats: [<InputFormat.DOCX: 'docx'>]
2026-06-15 16:40:55,080 [INFO] Going to convert document batch...
2026-06-15 16:40:55,080 [INFO] Going to convert document batch...
2026-06-15 16:40:55,081 [INFO] Initializing pipeline for SimplePipeline with options hash 7d306d2d021deac65a97d1a5f925362a
2026-06-15 16:40:55,081 [INFO] Initializing pipeline for SimplePipeline with options hash 7d306d2d021deac65a97d1a5f925362a
2026-06-15 16:40:55,086 [INFO] Loading plugin 'docling_defaults'
2026-06-15 16:40:55,086 [INFO] Loading plugin 'docling_defaults'
2026-06-15 16:40:55,088 [INFO] Registered picture descriptions: ['picture_description_vlm_engine', 'vlm', 'api']
2026-06-15 16:40:55,088 [INFO] Registered picture descriptions: ['picture_description_vlm_engine', 'vlm', 'api']
2026-06-15 16:40:55,088 [INFO] Processing document В.А. Обвинцеву Тангенс2000 УПК ЮНИТ в ремонт 2026 согл.docx
2026-06-15 16:40:55,088 [INFO] Processing document В.А. Обвинцеву Тангенс2000 УПК ЮНИТ в ремонт 2026 согл.docx
2026-06-15 16:40:55,282 [INFO] Finished converting document В.А. Обвинцеву Тангенс2000 УПК ЮНИТ в ремонт 2026 согл.docx in 0.21 sec.
2026-06-15 16:40:55,282 [INFO] Finished converting document В.А. Обвинцеву Тангенс2000 УПК ЮНИТ в ремонт 2026 согл.docx in 0.21 sec.
ℹ️ No complex elements flagged for Tier 3 processing.
2026-06-15 16:40:55,427 [INFO] Successfully processed В.А. Обвинцеву Тангенс2000 УПК ЮНИТ в ремонт 2026 согл.docx.
Saved Markdown archive: /home/mint/smart-db/PROCESSED/В.А. Обвинцеву Тангенс2000 УПК ЮНИТ в ремонт 2026 согл.docx.md
2026-06-15 16:40:55,427 [INFO] Successfully processed В.А. Обвинцеву Тангенс2000 УПК ЮНИТ в ремонт 2026 согл.docx.
2026-06-15 16:40:55,427 [INFO] Ingesting Кыш Инст.pdf via OCR...
2026-06-15 16:40:55,427 [INFO] Ingesting Кыш Инст.pdf via OCR...
2026-06-15 16:40:55,428 [INFO] detected formats: [<InputFormat.PDF: 'pdf'>]
Processing Кыш Инст.pdf with Docling...
2026-06-15 16:40:55,428 [INFO] detected formats: [<InputFormat.PDF: 'pdf'>]
2026-06-15 16:40:55,467 [INFO] Going to convert document batch...
2026-06-15 16:40:55,467 [INFO] Going to convert document batch...
2026-06-15 16:40:55,468 [INFO] Initializing pipeline for StandardPdfPipeline with options hash 0be8f8cc83886825b392a99e0fdb6525
2026-06-15 16:40:55,468 [INFO] Initializing pipeline for StandardPdfPipeline with options hash 0be8f8cc83886825b392a99e0fdb6525
2026-06-15 16:40:55,475 [INFO] Loading plugin 'docling_defaults'
2026-06-15 16:40:55,475 [INFO] Loading plugin 'docling_defaults'
2026-06-15 16:40:55,484 [INFO] Registered ocr engines: ['auto', 'easyocr', 'kserve_v2_ocr', 'ocrmac', 'rapidocr', 'tesserocr', 'tesseract']
2026-06-15 16:40:55,484 [INFO] Registered ocr engines: ['auto', 'easyocr', 'kserve_v2_ocr', 'ocrmac', 'rapidocr', 'tesserocr', 'tesseract']
2026-06-15 16:40:55,534 [INFO] command: tesseract --list-langs
2026-06-15 16:40:55,534 [INFO] command: tesseract --list-langs
2026-06-15 16:40:55,570 [INFO] Loading plugin 'docling_defaults'
2026-06-15 16:40:55,570 [INFO] Loading plugin 'docling_defaults'
2026-06-15 16:40:55,573 [INFO] Registered layout engines: ['layout_object_detection', 'docling_layout_default', 'docling_experimental_table_crops_layout']
2026-06-15 16:40:55,573 [INFO] Registered layout engines: ['layout_object_detection', 'docling_layout_default', 'docling_experimental_table_crops_layout']
2026-06-15 16:40:55,694 [INFO] Accelerator device: 'cuda:0'
2026-06-15 16:40:55,694 [INFO] Accelerator device: 'cuda:0'
2026-06-15 16:40:56,264 [INFO] HTTP Request: GET https://huggingface.co/api/agent-harnesses "HTTP/1.1 200 OK"
2026-06-15 16:40:56,264 [INFO] HTTP Request: GET https://huggingface.co/api/agent-harnesses "HTTP/1.1 200 OK"
2026-06-15 16:40:56,522 [INFO] HTTP Request: GET https://huggingface.co/api/models/docling-project/docling-layout-heron/revision/main "HTTP/1.1 200 OK"
2026-06-15 16:40:56,522 [INFO] HTTP Request: GET https://huggingface.co/api/models/docling-project/docling-layout-heron/revision/main "HTTP/1.1 200 OK"
Loading weights:   0%|          | 0/770 [00:00<?, ?it/s]Loading weights:  29%|██▉       | 226/770 [00:00<00:00, 2257.61it/s]Loading weights:  59%|█████▊    | 452/770 [00:00<00:00, 1580.68it/s]Loading weights:  91%|█████████▏| 704/770 [00:00<00:00, 1919.11it/s]Loading weights: 100%|██████████| 770/770 [00:00<00:00, 1888.42it/s]
2026-06-15 16:40:57,359 [INFO] Loading plugin 'docling_defaults'
2026-06-15 16:40:57,359 [INFO] Loading plugin 'docling_defaults'
2026-06-15 16:40:57,364 [INFO] Registered table structure engines: ['docling_tableformer', 'docling_tableformer_v2', 'granite_vision_table']
2026-06-15 16:40:57,364 [INFO] Registered table structure engines: ['docling_tableformer', 'docling_tableformer_v2', 'granite_vision_table']
2026-06-15 16:40:57,648 [INFO] HTTP Request: GET https://huggingface.co/api/models/docling-project/docling-models/revision/v2.3.0 "HTTP/1.1 200 OK"
2026-06-15 16:40:57,648 [INFO] HTTP Request: GET https://huggingface.co/api/models/docling-project/docling-models/revision/v2.3.0 "HTTP/1.1 200 OK"
2026-06-15 16:40:57,838 [INFO] Accelerator device: 'cuda:0'
2026-06-15 16:40:57,838 [INFO] Accelerator device: 'cuda:0'
2026-06-15 16:40:58,351 [INFO] Processing document Кыш Инст.pdf
2026-06-15 16:40:58,351 [INFO] Processing document Кыш Инст.pdf
2026-06-15 16:40:58,874 [INFO] command: tesseract --psm 0 -l osd /tmp/tmphxyz2_0k.png stdout
2026-06-15 16:40:58,874 [INFO] command: tesseract --psm 0 -l osd /tmp/tmphxyz2_0k.png stdout
2026-06-15 16:40:59,910 [INFO] command: tesseract -l rus+eng /tmp/tmphxyz2_0k.png stdout tsv
2026-06-15 16:40:59,910 [INFO] command: tesseract -l rus+eng /tmp/tmphxyz2_0k.png stdout tsv
2026-06-15 16:41:03,161 [INFO] Finished converting document Кыш Инст.pdf in 7.73 sec.
2026-06-15 16:41:03,161 [INFO] Finished converting document Кыш Инст.pdf in 7.73 sec.
ℹ️ No complex elements flagged for Tier 3 processing.
2026-06-15 16:41:03,321 [INFO] Successfully processed Кыш Инст.pdf.
Saved Markdown archive: /home/mint/smart-db/PROCESSED/Кыш Инст.pdf.md
2026-06-15 16:41:03,321 [INFO] Successfully processed Кыш Инст.pdf.
2026-06-15 16:41:03,321 [INFO] Ingesting Лазурная ТН-110кВ 2сш фС.pdf via OCR...
2026-06-15 16:41:03,321 [INFO] Ingesting Лазурная ТН-110кВ 2сш фС.pdf via OCR...
2026-06-15 16:41:03,322 [INFO] detected formats: [<InputFormat.PDF: 'pdf'>]
Processing Лазурная ТН-110кВ 2сш фС.pdf with Docling...
2026-06-15 16:41:03,322 [INFO] detected formats: [<InputFormat.PDF: 'pdf'>]
2026-06-15 16:41:03,326 [INFO] Going to convert document batch...
2026-06-15 16:41:03,326 [INFO] Going to convert document batch...
2026-06-15 16:41:03,326 [INFO] Processing document Лазурная ТН-110кВ 2сш фС.pdf
2026-06-15 16:41:03,326 [INFO] Processing document Лазурная ТН-110кВ 2сш фС.pdf
2026-06-15 16:41:03,743 [INFO] command: tesseract --psm 0 -l osd /tmp/tmppoefqkc1.png stdout
2026-06-15 16:41:03,743 [INFO] command: tesseract --psm 0 -l osd /tmp/tmppoefqkc1.png stdout
2026-06-15 16:41:03,798 [ERROR] OSD failed (doc Лазурная ТН-110кВ 2сш фС.pdf, page: 0, OCR rectangle: 0, processed image file <tempfile._TemporaryFileWrapper object at 0x7c9838412420>):
 b'Estimating resolution as 266\nToo few characters. Skipping this page\nWarning. Invalid resolution 0 dpi. Using 70 instead.\nToo few characters. Skipping this page\nError during processing.\n'
2026-06-15 16:41:03,798 [ERROR] OSD failed (doc Лазурная ТН-110кВ 2сш фС.pdf, page: 0, OCR rectangle: 0, processed image file <tempfile._TemporaryFileWrapper object at 0x7c9838412420>):
 b'Estimating resolution as 266\nToo few characters. Skipping this page\nWarning. Invalid resolution 0 dpi. Using 70 instead.\nToo few characters. Skipping this page\nError during processing.\n'
2026-06-15 16:41:03,798 [INFO] command: tesseract -l rus+eng /tmp/tmppoefqkc1.png stdout tsv
2026-06-15 16:41:03,798 [INFO] command: tesseract -l rus+eng /tmp/tmppoefqkc1.png stdout tsv
2026-06-15 16:41:03,880 [INFO] command: tesseract --psm 0 -l osd /tmp/tmpvm7c4ud2.png stdout
2026-06-15 16:41:03,880 [INFO] command: tesseract --psm 0 -l osd /tmp/tmpvm7c4ud2.png stdout
2026-06-15 16:41:03,935 [ERROR] OSD failed (doc Лазурная ТН-110кВ 2сш фС.pdf, page: 0, OCR rectangle: 1, processed image file <tempfile._TemporaryFileWrapper object at 0x7c98385c44d0>):
 b'Estimating resolution as 192\nToo few characters. Skipping this page\nWarning. Invalid resolution 0 dpi. Using 70 instead.\nToo few characters. Skipping this page\nError during processing.\n'
2026-06-15 16:41:03,935 [ERROR] OSD failed (doc Лазурная ТН-110кВ 2сш фС.pdf, page: 0, OCR rectangle: 1, processed image file <tempfile._TemporaryFileWrapper object at 0x7c98385c44d0>):
 b'Estimating resolution as 192\nToo few characters. Skipping this page\nWarning. Invalid resolution 0 dpi. Using 70 instead.\nToo few characters. Skipping this page\nError during processing.\n'
2026-06-15 16:41:03,935 [INFO] command: tesseract -l rus+eng /tmp/tmpvm7c4ud2.png stdout tsv
2026-06-15 16:41:03,935 [INFO] command: tesseract -l rus+eng /tmp/tmpvm7c4ud2.png stdout tsv
2026-06-15 16:41:04,082 [INFO] command: tesseract --psm 0 -l osd /tmp/tmpeh89af2a.png stdout
2026-06-15 16:41:04,082 [INFO] command: tesseract --psm 0 -l osd /tmp/tmpeh89af2a.png stdout
2026-06-15 16:41:04,310 [INFO] command: tesseract -l rus+eng /tmp/tmpeh89af2a.png stdout tsv
2026-06-15 16:41:04,310 [INFO] command: tesseract -l rus+eng /tmp/tmpeh89af2a.png stdout tsv
2026-06-15 16:41:05,047 [INFO] Finished converting document Лазурная ТН-110кВ 2сш фС.pdf in 1.73 sec.
2026-06-15 16:41:05,047 [INFO] Finished converting document Лазурная ТН-110кВ 2сш фС.pdf in 1.73 sec.
ℹ️ No complex elements flagged for Tier 3 processing.
2026-06-15 16:41:05,205 [INFO] Successfully processed Лазурная ТН-110кВ 2сш фС.pdf.
Saved Markdown archive: /home/mint/smart-db/PROCESSED/Лазурная ТН-110кВ 2сш фС.pdf.md
2026-06-15 16:41:05,205 [INFO] Successfully processed Лазурная ТН-110кВ 2сш фС.pdf.
2026-06-15 16:41:05,205 [INFO] Ingesting Служебная записка возложение обязанностей ЗАВ-ЕАЮ (3).doc via OCR...
2026-06-15 16:41:05,205 [INFO] Ingesting Служебная записка возложение обязанностей ЗАВ-ЕАЮ (3).doc via OCR...
2026-06-15 16:41:06,176 [INFO] detected formats: [<InputFormat.PDF: 'pdf'>]
Legacy .doc detected: Служебная записка возложение обязанностей ЗАВ-ЕАЮ (3).doc. Converting to PDF via LibreOffice...
Processing Служебная записка возложение обязанностей ЗАВ-ЕАЮ (3).doc with Docling...
2026-06-15 16:41:06,176 [INFO] detected formats: [<InputFormat.PDF: 'pdf'>]
2026-06-15 16:41:06,177 [INFO] Going to convert document batch...
2026-06-15 16:41:06,177 [INFO] Going to convert document batch...
2026-06-15 16:41:06,177 [INFO] Processing document Служебная записка возложение обязанностей ЗАВ-ЕАЮ (3).pdf
2026-06-15 16:41:06,177 [INFO] Processing document Служебная записка возложение обязанностей ЗАВ-ЕАЮ (3).pdf
2026-06-15 16:41:06,406 [INFO] command: tesseract --psm 0 -l osd /tmp/tmpwbh931dq.png stdout
2026-06-15 16:41:06,406 [INFO] command: tesseract --psm 0 -l osd /tmp/tmpwbh931dq.png stdout
2026-06-15 16:41:06,692 [INFO] command: tesseract -l rus+eng /tmp/tmpwbh931dq.png stdout tsv
2026-06-15 16:41:06,692 [INFO] command: tesseract -l rus+eng /tmp/tmpwbh931dq.png stdout tsv
2026-06-15 16:41:07,054 [INFO] Finished converting document Служебная записка возложение обязанностей ЗАВ-ЕАЮ (3).pdf in 0.88 sec.
2026-06-15 16:41:07,054 [INFO] Finished converting document Служебная записка возложение обязанностей ЗАВ-ЕАЮ (3).pdf in 0.88 sec.
ℹ️ No complex elements flagged for Tier 3 processing.
2026-06-15 16:41:07,201 [INFO] Successfully processed Служебная записка возложение обязанностей ЗАВ-ЕАЮ (3).doc.
Saved Markdown archive: /home/mint/smart-db/PROCESSED/Служебная записка возложение обязанностей ЗАВ-ЕАЮ (3).doc.md
2026-06-15 16:41:07,201 [INFO] Successfully processed Служебная записка возложение обязанностей ЗАВ-ЕАЮ (3).doc.
2026-06-15 16:41:07,201 [INFO] Ingesting совмещение ЧИВ ОДИ ХАА ЕАЮ.pdf via OCR...
2026-06-15 16:41:07,201 [INFO] Ingesting совмещение ЧИВ ОДИ ХАА ЕАЮ.pdf via OCR...
2026-06-15 16:41:07,202 [INFO] detected formats: [<InputFormat.PDF: 'pdf'>]
Processing совмещение ЧИВ ОДИ ХАА ЕАЮ.pdf with Docling...
2026-06-15 16:41:07,202 [INFO] detected formats: [<InputFormat.PDF: 'pdf'>]
2026-06-15 16:41:07,203 [INFO] Going to convert document batch...
2026-06-15 16:41:07,203 [INFO] Going to convert document batch...
2026-06-15 16:41:07,203 [INFO] Processing document совмещение ЧИВ ОДИ ХАА ЕАЮ.pdf
2026-06-15 16:41:07,203 [INFO] Processing document совмещение ЧИВ ОДИ ХАА ЕАЮ.pdf
2026-06-15 16:41:07,615 [INFO] command: tesseract --psm 0 -l osd /tmp/tmpapfhvm4z.png stdout
2026-06-15 16:41:07,615 [INFO] command: tesseract --psm 0 -l osd /tmp/tmpapfhvm4z.png stdout
2026-06-15 16:41:08,289 [INFO] command: tesseract -l rus+eng /tmp/tmpapfhvm4z.png stdout tsv
2026-06-15 16:41:08,289 [INFO] command: tesseract -l rus+eng /tmp/tmpapfhvm4z.png stdout tsv
2026-06-15 16:41:09,578 [INFO] Finished converting document совмещение ЧИВ ОДИ ХАА ЕАЮ.pdf in 2.38 sec.
2026-06-15 16:41:09,578 [INFO] Finished converting document совмещение ЧИВ ОДИ ХАА ЕАЮ.pdf in 2.38 sec.
ℹ️ No complex elements flagged for Tier 3 processing.
2026-06-15 16:41:09,740 [INFO] Successfully processed совмещение ЧИВ ОДИ ХАА ЕАЮ.pdf.
Saved Markdown archive: /home/mint/smart-db/PROCESSED/совмещение ЧИВ ОДИ ХАА ЕАЮ.pdf.md
2026-06-15 16:41:09,740 [INFO] Successfully processed совмещение ЧИВ ОДИ ХАА ЕАЮ.pdf.
2026-06-15 16:41:09,740 [INFO] Ingesting Служебная записка возложение обязанностей МКА-ЕАЮ 24.02.docx via OCR...
2026-06-15 16:41:09,740 [INFO] Ingesting Служебная записка возложение обязанностей МКА-ЕАЮ 24.02.docx via OCR...
2026-06-15 16:41:09,741 [INFO] detected formats: [<InputFormat.DOCX: 'docx'>]
Processing Служебная записка возложение обязанностей МКА-ЕАЮ 24.02.docx with Docling...
2026-06-15 16:41:09,741 [INFO] detected formats: [<InputFormat.DOCX: 'docx'>]
2026-06-15 16:41:09,748 [INFO] Going to convert document batch...
2026-06-15 16:41:09,748 [INFO] Going to convert document batch...
2026-06-15 16:41:09,748 [INFO] Processing document Служебная записка возложение обязанностей МКА-ЕАЮ 24.02.docx
2026-06-15 16:41:09,748 [INFO] Processing document Служебная записка возложение обязанностей МКА-ЕАЮ 24.02.docx
2026-06-15 16:41:09,878 [INFO] Finished converting document Служебная записка возложение обязанностей МКА-ЕАЮ 24.02.docx in 0.14 sec.
2026-06-15 16:41:09,878 [INFO] Finished converting document Служебная записка возложение обязанностей МКА-ЕАЮ 24.02.docx in 0.14 sec.
ℹ️ No complex elements flagged for Tier 3 processing.
2026-06-15 16:41:10,034 [INFO] Successfully processed Служебная записка возложение обязанностей МКА-ЕАЮ 24.02.docx.
Saved Markdown archive: /home/mint/smart-db/PROCESSED/Служебная записка возложение обязанностей МКА-ЕАЮ 24.02.docx.md
2026-06-15 16:41:10,034 [INFO] Successfully processed Служебная записка возложение обязанностей МКА-ЕАЮ 24.02.docx.
2026-06-15 16:41:10,034 [INFO] Ingesting План-задание корокам 2023.docx via OCR...
2026-06-15 16:41:10,034 [INFO] Ingesting План-задание корокам 2023.docx via OCR...
2026-06-15 16:41:10,034 [INFO] detected formats: [<InputFormat.DOCX: 'docx'>]
Processing План-задание корокам 2023.docx with Docling...
2026-06-15 16:41:10,034 [INFO] detected formats: [<InputFormat.DOCX: 'docx'>]
2026-06-15 16:41:10,037 [INFO] Going to convert document batch...
2026-06-15 16:41:10,037 [INFO] Going to convert document batch...
2026-06-15 16:41:10,037 [INFO] Processing document План-задание корокам 2023.docx
2026-06-15 16:41:10,037 [INFO] Processing document План-задание корокам 2023.docx
2026-06-15 16:41:10,059 [INFO] Finished converting document План-задание корокам 2023.docx in 0.03 sec.
2026-06-15 16:41:10,059 [INFO] Finished converting document План-задание корокам 2023.docx in 0.03 sec.
ℹ️ No complex elements flagged for Tier 3 processing.
2026-06-15 16:41:10,213 [INFO] Successfully processed План-задание корокам 2023.docx.
Saved Markdown archive: /home/mint/smart-db/PROCESSED/План-задание корокам 2023.docx.md
2026-06-15 16:41:10,213 [INFO] Successfully processed План-задание корокам 2023.docx.
2026-06-15 16:41:10,213 [INFO] Ingesting Служебная записка возложение обязанностей МАН-ЧИВ (3).docx via OCR...
2026-06-15 16:41:10,213 [INFO] Ingesting Служебная записка возложение обязанностей МАН-ЧИВ (3).docx via OCR...
2026-06-15 16:41:10,214 [INFO] detected formats: [<InputFormat.DOCX: 'docx'>]
Processing Служебная записка возложение обязанностей МАН-ЧИВ (3).docx with Docling...
2026-06-15 16:41:10,214 [INFO] detected formats: [<InputFormat.DOCX: 'docx'>]
2026-06-15 16:41:10,221 [INFO] Going to convert document batch...
2026-06-15 16:41:10,221 [INFO] Going to convert document batch...
2026-06-15 16:41:10,221 [INFO] Processing document Служебная записка возложение обязанностей МАН-ЧИВ (3).docx
2026-06-15 16:41:10,221 [INFO] Processing document Служебная записка возложение обязанностей МАН-ЧИВ (3).docx
2026-06-15 16:41:10,316 [INFO] Finished converting document Служебная записка возложение обязанностей МАН-ЧИВ (3).docx in 0.10 sec.
2026-06-15 16:41:10,316 [INFO] Finished converting document Служебная записка возложение обязанностей МАН-ЧИВ (3).docx in 0.10 sec.
ℹ️ No complex elements flagged for Tier 3 processing.
2026-06-15 16:41:10,458 [INFO] Successfully processed Служебная записка возложение обязанностей МАН-ЧИВ (3).docx.
Saved Markdown archive: /home/mint/smart-db/PROCESSED/Служебная записка возложение обязанностей МАН-ЧИВ (3).docx.md
2026-06-15 16:41:10,458 [INFO] Successfully processed Служебная записка возложение обязанностей МАН-ЧИВ (3).docx.
2026-06-15 16:41:10,458 [INFO] Ingesting Служебная записка возложение обязанностей МАБ-ВЕЮ (1).docx via OCR...
2026-06-15 16:41:10,458 [INFO] Ingesting Служебная записка возложение обязанностей МАБ-ВЕЮ (1).docx via OCR...
2026-06-15 16:41:10,458 [INFO] detected formats: [<InputFormat.DOCX: 'docx'>]
Processing Служебная записка возложение обязанностей МАБ-ВЕЮ (1).docx with Docling...
2026-06-15 16:41:10,458 [INFO] detected formats: [<InputFormat.DOCX: 'docx'>]
2026-06-15 16:41:10,465 [INFO] Going to convert document batch...
2026-06-15 16:41:10,465 [INFO] Going to convert document batch...
2026-06-15 16:41:10,465 [INFO] Processing document Служебная записка возложение обязанностей МАБ-ВЕЮ (1).docx
2026-06-15 16:41:10,465 [INFO] Processing document Служебная записка возложение обязанностей МАБ-ВЕЮ (1).docx
2026-06-15 16:41:10,558 [INFO] Finished converting document Служебная записка возложение обязанностей МАБ-ВЕЮ (1).docx in 0.10 sec.
2026-06-15 16:41:10,558 [INFO] Finished converting document Служебная записка возложение обязанностей МАБ-ВЕЮ (1).docx in 0.10 sec.
ℹ️ No complex elements flagged for Tier 3 processing.
2026-06-15 16:41:10,703 [INFO] Successfully processed Служебная записка возложение обязанностей МАБ-ВЕЮ (1).docx.
Saved Markdown archive: /home/mint/smart-db/PROCESSED/Служебная записка возложение обязанностей МАБ-ВЕЮ (1).docx.md
2026-06-15 16:41:10,703 [INFO] Successfully processed Служебная записка возложение обязанностей МАБ-ВЕЮ (1).docx.
2026-06-15 16:41:10,703 [INFO] Ingesting ! 20260515 форма 51_оборуд на контр.xlsx via OCR...
2026-06-15 16:41:10,703 [INFO] Ingesting ! 20260515 форма 51_оборуд на контр.xlsx via OCR...
2026-06-15 16:41:10,704 [INFO] detected formats: [<InputFormat.XLSX: 'xlsx'>]
Processing ! 20260515 форма 51_оборуд на контр.xlsx with Docling...
2026-06-15 16:41:10,704 [INFO] detected formats: [<InputFormat.XLSX: 'xlsx'>]
2026-06-15 16:41:11,487 [INFO] Going to convert document batch...
2026-06-15 16:41:11,487 [INFO] Going to convert document batch...
2026-06-15 16:41:11,487 [INFO] Processing document ! 20260515 форма 51_оборуд на контр.xlsx
2026-06-15 16:41:11,487 [INFO] Processing document ! 20260515 форма 51_оборуд на контр.xlsx
2026-06-15 16:41:11,487 [INFO] Processing sheet 0: СТ_ВВИ as page 1
2026-06-15 16:41:11,487 [INFO] Processing sheet 0: СТ_ВВИ as page 1
2026-06-15 16:41:11,562 [INFO] Processing sheet 1: Вводы_ВВИ as page 2
2026-06-15 16:41:11,562 [INFO] Processing sheet 1: Вводы_ВВИ as page 2
2026-06-15 16:41:11,638 [INFO] Processing sheet 2: ТТ_ВВИ as page 3
2026-06-15 16:41:11,638 [INFO] Processing sheet 2: ТТ_ВВИ as page 3
2026-06-15 16:41:11,667 [INFO] Processing sheet 3: ТН_ВВИ as page 4
2026-06-15 16:41:11,667 [INFO] Processing sheet 3: ТН_ВВИ as page 4
2026-06-15 16:41:11,697 [INFO] Processing sheet 4: СТ ФХА as page 5
2026-06-15 16:41:11,697 [INFO] Processing sheet 4: СТ ФХА as page 5
2026-06-15 16:41:11,703 [INFO] Processing sheet 5: Вводы ФХА as page 6
2026-06-15 16:41:11,703 [INFO] Processing sheet 5: Вводы ФХА as page 6
2026-06-15 16:41:11,812 [INFO] Processing sheet 6: Выкл ФХА as page 7
2026-06-15 16:41:11,812 [INFO] Processing sheet 6: Выкл ФХА as page 7
2026-06-15 16:41:11,891 [INFO] Processing sheet 7: ТТ ФХА as page 8
2026-06-15 16:41:11,891 [INFO] Processing sheet 7: ТТ ФХА as page 8
2026-06-15 16:41:11,901 [INFO] Processing sheet 8: ТН ФХА as page 9
2026-06-15 16:41:11,901 [INFO] Processing sheet 8: ТН ФХА as page 9
2026-06-15 16:41:11,908 [INFO] Processing sheet 9: СТ ХАРГ as page 10
2026-06-15 16:41:11,908 [INFO] Processing sheet 9: СТ ХАРГ as page 10
2026-06-15 16:41:12,111 [INFO] Processing sheet 10: Вводы ХАРГ as page 11
2026-06-15 16:41:12,111 [INFO] Processing sheet 10: Вводы ХАРГ as page 11
2026-06-15 16:41:12,129 [INFO] Processing sheet 11: ТТ ХАРГ as page 12
2026-06-15 16:41:12,129 [INFO] Processing sheet 11: ТТ ХАРГ as page 12
2026-06-15 16:41:12,212 [INFO] Processing sheet 12: ТН ХАРГ as page 13
2026-06-15 16:41:12,212 [INFO] Processing sheet 12: ТН ХАРГ as page 13
2026-06-15 16:41:12,279 [INFO] Processing sheet 13: ТВК ВЛ as page 14
2026-06-15 16:41:12,279 [INFO] Processing sheet 13: ТВК ВЛ as page 14
2026-06-15 16:41:12,290 [INFO] Processing sheet 14: ТВК ПС as page 15
2026-06-15 16:41:12,290 [INFO] Processing sheet 14: ТВК ПС as page 15
2026-06-15 16:41:12,488 [INFO] Processing sheet 15: УФ ВЛ as page 16
2026-06-15 16:41:12,488 [INFO] Processing sheet 15: УФ ВЛ as page 16
2026-06-15 16:41:12,589 [INFO] Processing sheet 16: УФ ПС as page 17
2026-06-15 16:41:12,589 [INFO] Processing sheet 16: УФ ПС as page 17
2026-06-15 16:41:12,625 [INFO] Processing sheet 17: Свод диагн форма as page 18
2026-06-15 16:41:12,625 [INFO] Processing sheet 17: Свод диагн форма as page 18
2026-06-15 16:41:13,837 [INFO] Finished converting document ! 20260515 форма 51_оборуд на контр.xlsx in 3.13 sec.
2026-06-15 16:41:13,837 [INFO] Finished converting document ! 20260515 форма 51_оборуд на контр.xlsx in 3.13 sec.
ℹ️ No complex elements flagged for Tier 3 processing.
2026-06-15 16:41:14,509 [INFO] Successfully processed ! 20260515 форма 51_оборуд на контр.xlsx.
Duplicate file detected: ! 20260515 форма 51_оборуд на контр.xlsx. Permanently deleting.
2026-06-15 16:41:14,509 [INFO] Successfully processed ! 20260515 форма 51_оборуд на контр.xlsx.
2026-06-15 16:41:14,509 [INFO] Ingesting План-задание приборы 2023.docx via OCR...
2026-06-15 16:41:14,509 [INFO] Ingesting План-задание приборы 2023.docx via OCR...
2026-06-15 16:41:14,509 [INFO] detected formats: [<InputFormat.DOCX: 'docx'>]
Processing План-задание приборы 2023.docx with Docling...
2026-06-15 16:41:14,509 [INFO] detected formats: [<InputFormat.DOCX: 'docx'>]
2026-06-15 16:41:14,512 [INFO] Going to convert document batch...
2026-06-15 16:41:14,512 [INFO] Going to convert document batch...
2026-06-15 16:41:14,512 [INFO] Processing document План-задание приборы 2023.docx
2026-06-15 16:41:14,512 [INFO] Processing document План-задание приборы 2023.docx
2026-06-15 16:41:14,543 [INFO] Finished converting document План-задание приборы 2023.docx in 0.03 sec.
2026-06-15 16:41:14,543 [INFO] Finished converting document План-задание приборы 2023.docx in 0.03 sec.
ℹ️ No complex elements flagged for Tier 3 processing.
2026-06-15 16:41:14,769 [INFO] Successfully processed План-задание приборы 2023.docx.
Saved Markdown archive: /home/mint/smart-db/PROCESSED/План-задание приборы 2023.docx.md
2026-06-15 16:41:14,769 [INFO] Successfully processed План-задание приборы 2023.docx.
2026-06-15 16:41:14,769 [INFO] Ingesting Служебная записка возложение обязанностей АЮА-БЮВ 2026 ...docx via OCR...
2026-06-15 16:41:14,769 [INFO] Ingesting Служебная записка возложение обязанностей АЮА-БЮВ 2026 ...docx via OCR...
2026-06-15 16:41:14,770 [INFO] detected formats: [<InputFormat.DOCX: 'docx'>]
Processing Служебная записка возложение обязанностей АЮА-БЮВ 2026 ...docx with Docling...
2026-06-15 16:41:14,770 [INFO] detected formats: [<InputFormat.DOCX: 'docx'>]
2026-06-15 16:41:14,776 [INFO] Going to convert document batch...
2026-06-15 16:41:14,776 [INFO] Going to convert document batch...
2026-06-15 16:41:14,776 [INFO] Processing document Служебная записка возложение обязанностей АЮА-БЮВ 2026 ...docx
2026-06-15 16:41:14,776 [INFO] Processing document Служебная записка возложение обязанностей АЮА-БЮВ 2026 ...docx
2026-06-15 16:41:14,907 [INFO] Finished converting document Служебная записка возложение обязанностей АЮА-БЮВ 2026 ...docx in 0.14 sec.
2026-06-15 16:41:14,907 [INFO] Finished converting document Служебная записка возложение обязанностей АЮА-БЮВ 2026 ...docx in 0.14 sec.
ℹ️ No complex elements flagged for Tier 3 processing.
2026-06-15 16:41:15,050 [INFO] Successfully processed Служебная записка возложение обязанностей АЮА-БЮВ 2026 ...docx.
Saved Markdown archive: /home/mint/smart-db/PROCESSED/Служебная записка возложение обязанностей АЮА-БЮВ 2026 ...docx.md
2026-06-15 16:41:15,050 [INFO] Successfully processed Служебная записка возложение обязанностей АЮА-БЮВ 2026 ...docx.
2026-06-15 16:41:15,051 [INFO] Ingesting В.А. Обвинцеву латр согл.docx via OCR...
2026-06-15 16:41:15,051 [INFO] Ingesting В.А. Обвинцеву латр согл.docx via OCR...
2026-06-15 16:41:15,051 [INFO] detected formats: [<InputFormat.DOCX: 'docx'>]
Processing В.А. Обвинцеву латр согл.docx with Docling...
2026-06-15 16:41:15,051 [INFO] detected formats: [<InputFormat.DOCX: 'docx'>]
2026-06-15 16:41:15,055 [INFO] Going to convert document batch...
2026-06-15 16:41:15,055 [INFO] Going to convert document batch...
2026-06-15 16:41:15,055 [INFO] Processing document В.А. Обвинцеву латр согл.docx
2026-06-15 16:41:15,055 [INFO] Processing document В.А. Обвинцеву латр согл.docx
2026-06-15 16:41:15,140 [INFO] Finished converting document В.А. Обвинцеву латр согл.docx in 0.09 sec.
2026-06-15 16:41:15,140 [INFO] Finished converting document В.А. Обвинцеву латр согл.docx in 0.09 sec.
ℹ️ No complex elements flagged for Tier 3 processing.
2026-06-15 16:41:15,290 [INFO] Successfully processed В.А. Обвинцеву латр согл.docx.
Saved Markdown archive: /home/mint/smart-db/PROCESSED/В.А. Обвинцеву латр согл.docx.md
2026-06-15 16:41:15,290 [INFO] Successfully processed В.А. Обвинцеву латр согл.docx.
2026-06-15 16:41:15,290 [INFO] Ingesting В.А. Обвинцеву ЭТЛ35К в ремонт.docx via OCR...
2026-06-15 16:41:15,290 [INFO] Ingesting В.А. Обвинцеву ЭТЛ35К в ремонт.docx via OCR...
2026-06-15 16:41:15,291 [INFO] detected formats: [<InputFormat.DOCX: 'docx'>]
Processing В.А. Обвинцеву ЭТЛ35К в ремонт.docx with Docling...
2026-06-15 16:41:15,291 [INFO] detected formats: [<InputFormat.DOCX: 'docx'>]
2026-06-15 16:41:15,297 [INFO] Going to convert document batch...
2026-06-15 16:41:15,297 [INFO] Going to convert document batch...
2026-06-15 16:41:15,297 [INFO] Processing document В.А. Обвинцеву ЭТЛ35К в ремонт.docx
2026-06-15 16:41:15,297 [INFO] Processing document В.А. Обвинцеву ЭТЛ35К в ремонт.docx
2026-06-15 16:41:15,462 [INFO] Finished converting document В.А. Обвинцеву ЭТЛ35К в ремонт.docx in 0.17 sec.
2026-06-15 16:41:15,462 [INFO] Finished converting document В.А. Обвинцеву ЭТЛ35К в ремонт.docx in 0.17 sec.
ℹ️ No complex elements flagged for Tier 3 processing.
2026-06-15 16:41:15,599 [INFO] Successfully processed В.А. Обвинцеву ЭТЛ35К в ремонт.docx.
Saved Markdown archive: /home/mint/smart-db/PROCESSED/В.А. Обвинцеву ЭТЛ35К в ремонт.docx.md
2026-06-15 16:41:15,599 [INFO] Successfully processed В.А. Обвинцеву ЭТЛ35К в ремонт.docx.
2026-06-15 16:41:15,599 [INFO] Ingesting Служебная записка возложение обязанностей АЮА-БЮВ 2026.docx via OCR...
2026-06-15 16:41:15,599 [INFO] Ingesting Служебная записка возложение обязанностей АЮА-БЮВ 2026.docx via OCR...
2026-06-15 16:41:15,600 [INFO] detected formats: [<InputFormat.DOCX: 'docx'>]
Processing Служебная записка возложение обязанностей АЮА-БЮВ 2026.docx with Docling...
2026-06-15 16:41:15,600 [INFO] detected formats: [<InputFormat.DOCX: 'docx'>]
2026-06-15 16:41:15,607 [INFO] Going to convert document batch...
2026-06-15 16:41:15,607 [INFO] Going to convert document batch...
2026-06-15 16:41:15,607 [INFO] Processing document Служебная записка возложение обязанностей АЮА-БЮВ 2026.docx
2026-06-15 16:41:15,607 [INFO] Processing document Служебная записка возложение обязанностей АЮА-БЮВ 2026.docx
2026-06-15 16:41:15,739 [INFO] Finished converting document Служебная записка возложение обязанностей АЮА-БЮВ 2026.docx in 0.14 sec.
2026-06-15 16:41:15,739 [INFO] Finished converting document Служебная записка возложение обязанностей АЮА-БЮВ 2026.docx in 0.14 sec.
ℹ️ No complex elements flagged for Tier 3 processing.
2026-06-15 16:41:15,881 [INFO] Successfully processed Служебная записка возложение обязанностей АЮА-БЮВ 2026.docx.
Saved Markdown archive: /home/mint/smart-db/PROCESSED/Служебная записка возложение обязанностей АЮА-БЮВ 2026.docx.md
2026-06-15 16:41:15,881 [INFO] Successfully processed Служебная записка возложение обязанностей АЮА-БЮВ 2026.docx.
2026-06-15 16:41:15,881 [INFO] Ingesting Служебная записка возложение обязанностей БЮВ-АЮА !!.docx via OCR...
2026-06-15 16:41:15,881 [INFO] Ingesting Служебная записка возложение обязанностей БЮВ-АЮА !!.docx via OCR...
2026-06-15 16:41:15,881 [INFO] detected formats: [<InputFormat.DOCX: 'docx'>]
Processing Служебная записка возложение обязанностей БЮВ-АЮА !!.docx with Docling...
2026-06-15 16:41:15,881 [INFO] detected formats: [<InputFormat.DOCX: 'docx'>]
2026-06-15 16:41:15,891 [INFO] Going to convert document batch...
2026-06-15 16:41:15,891 [INFO] Going to convert document batch...
2026-06-15 16:41:15,891 [INFO] Processing document Служебная записка возложение обязанностей БЮВ-АЮА !!.docx
2026-06-15 16:41:15,891 [INFO] Processing document Служебная записка возложение обязанностей БЮВ-АЮА !!.docx
2026-06-15 16:41:15,995 [INFO] Finished converting document Служебная записка возложение обязанностей БЮВ-АЮА !!.docx in 0.11 sec.
2026-06-15 16:41:15,995 [INFO] Finished converting document Служебная записка возложение обязанностей БЮВ-АЮА !!.docx in 0.11 sec.
ℹ️ No complex elements flagged for Tier 3 processing.
2026-06-15 16:41:16,137 [INFO] Successfully processed Служебная записка возложение обязанностей БЮВ-АЮА !!.docx.
Saved Markdown archive: /home/mint/smart-db/PROCESSED/Служебная записка возложение обязанностей БЮВ-АЮА !!.docx.md
2026-06-15 16:41:16,137 [INFO] Successfully processed Служебная записка возложение обязанностей БЮВ-АЮА !!.docx.
2026-06-15 16:41:16,137 [INFO] Ingesting Юрину 2023 согл.docx via OCR...
2026-06-15 16:41:16,137 [INFO] Ingesting Юрину 2023 согл.docx via OCR...
2026-06-15 16:41:16,138 [INFO] detected formats: [<InputFormat.DOCX: 'docx'>]
Processing Юрину 2023 согл.docx with Docling...
2026-06-15 16:41:16,138 [INFO] detected formats: [<InputFormat.DOCX: 'docx'>]
2026-06-15 16:41:16,142 [INFO] Going to convert document batch...
2026-06-15 16:41:16,142 [INFO] Going to convert document batch...
2026-06-15 16:41:16,142 [INFO] Processing document Юрину 2023 согл.docx
2026-06-15 16:41:16,142 [INFO] Processing document Юрину 2023 согл.docx
2026-06-15 16:41:16,226 [INFO] Finished converting document Юрину 2023 согл.docx in 0.09 sec.
2026-06-15 16:41:16,226 [INFO] Finished converting document Юрину 2023 согл.docx in 0.09 sec.
ℹ️ No complex elements flagged for Tier 3 processing.
/home/mint/smart-db/core/text_processor.py:17: FutureWarning: 

All support for the `google.generativeai` package has ended. It will no longer be receiving 
updates or bug fixes. Please switch to the `google.genai` package as soon as possible.
See README for more details:

https://github.com/google-gemini/deprecated-generative-ai-python/blob/main/README.md

  import google.generativeai as genai
2026-06-15 16:41:16,371 [INFO] Successfully processed Юрину 2023 согл.docx.
Saved Markdown archive: /home/mint/smart-db/PROCESSED/Юрину 2023 согл.docx.md
2026-06-15 16:41:16,371 [INFO] Successfully processed Юрину 2023 согл.docx.
2026-06-15 16:41:16,371 [INFO] Ingesting Служебная записка возложение обязанностей БАГ-ХАА3.doc via OCR...
2026-06-15 16:41:16,371 [INFO] Ingesting Служебная записка возложение обязанностей БАГ-ХАА3.doc via OCR...
2026-06-15 16:41:17,029 [INFO] detected formats: [<InputFormat.PDF: 'pdf'>]
Legacy .doc detected: Служебная записка возложение обязанностей БАГ-ХАА3.doc. Converting to PDF via LibreOffice...
Processing Служебная записка возложение обязанностей БАГ-ХАА3.doc with Docling...
2026-06-15 16:41:17,029 [INFO] detected formats: [<InputFormat.PDF: 'pdf'>]
2026-06-15 16:41:17,030 [INFO] Going to convert document batch...
2026-06-15 16:41:17,030 [INFO] Going to convert document batch...
2026-06-15 16:41:17,030 [INFO] Processing document Служебная записка возложение обязанностей БАГ-ХАА3.pdf
2026-06-15 16:41:17,030 [INFO] Processing document Служебная записка возложение обязанностей БАГ-ХАА3.pdf
2026-06-15 16:41:17,264 [INFO] command: tesseract --psm 0 -l osd /tmp/tmpwoes9pwo.png stdout
2026-06-15 16:41:17,264 [INFO] command: tesseract --psm 0 -l osd /tmp/tmpwoes9pwo.png stdout
2026-06-15 16:41:17,545 [INFO] command: tesseract -l rus+eng /tmp/tmpwoes9pwo.png stdout tsv
2026-06-15 16:41:17,545 [INFO] command: tesseract -l rus+eng /tmp/tmpwoes9pwo.png stdout tsv
2026-06-15 16:41:17,925 [INFO] Finished converting document Служебная записка возложение обязанностей БАГ-ХАА3.pdf in 0.90 sec.
2026-06-15 16:41:17,925 [INFO] Finished converting document Служебная записка возложение обязанностей БАГ-ХАА3.pdf in 0.90 sec.
ℹ️ No complex elements flagged for Tier 3 processing.
2026-06-15 16:41:18,062 [INFO] Successfully processed Служебная записка возложение обязанностей БАГ-ХАА3.doc.
Saved Markdown archive: /home/mint/smart-db/PROCESSED/Служебная записка возложение обязанностей БАГ-ХАА3.doc.md
2026-06-15 16:41:18,062 [INFO] Successfully processed Служебная записка возложение обязанностей БАГ-ХАА3.doc.
2026-06-15 16:41:18,062 [INFO] Ingesting Служебная записка возложение обязанностей БАГ-ХАА3 — копия.doc via OCR...
2026-06-15 16:41:18,062 [INFO] Ingesting Служебная записка возложение обязанностей БАГ-ХАА3 — копия.doc via OCR...
2026-06-15 16:41:18,717 [INFO] detected formats: [<InputFormat.PDF: 'pdf'>]
Legacy .doc detected: Служебная записка возложение обязанностей БАГ-ХАА3 — копия.doc. Converting to PDF via LibreOffice...
Processing Служебная записка возложение обязанностей БАГ-ХАА3 — копия.doc with Docling...
2026-06-15 16:41:18,717 [INFO] detected formats: [<InputFormat.PDF: 'pdf'>]
2026-06-15 16:41:18,718 [INFO] Going to convert document batch...
2026-06-15 16:41:18,718 [INFO] Going to convert document batch...
2026-06-15 16:41:18,718 [INFO] Processing document Служебная записка возложение обязанностей БАГ-ХАА3 — копия.pdf
2026-06-15 16:41:18,718 [INFO] Processing document Служебная записка возложение обязанностей БАГ-ХАА3 — копия.pdf
2026-06-15 16:41:18,947 [INFO] command: tesseract --psm 0 -l osd /tmp/tmpukscgejm.png stdout
2026-06-15 16:41:18,947 [INFO] command: tesseract --psm 0 -l osd /tmp/tmpukscgejm.png stdout
2026-06-15 16:41:19,224 [INFO] command: tesseract -l rus+eng /tmp/tmpukscgejm.png stdout tsv
2026-06-15 16:41:19,224 [INFO] command: tesseract -l rus+eng /tmp/tmpukscgejm.png stdout tsv
2026-06-15 16:41:19,674 [INFO] Finished converting document Служебная записка возложение обязанностей БАГ-ХАА3 — копия.pdf in 0.96 sec.
2026-06-15 16:41:19,674 [INFO] Finished converting document Служебная записка возложение обязанностей БАГ-ХАА3 — копия.pdf in 0.96 sec.
ℹ️ No complex elements flagged for Tier 3 processing.
2026-06-15 16:41:19,676 [INFO] Successfully processed Служебная записка возложение обязанностей БАГ-ХАА3 — копия.doc.
Duplicate file detected: Служебная записка возложение обязанностей БАГ-ХАА3 — копия.doc. Permanently deleting.
2026-06-15 16:41:19,676 [INFO] Successfully processed Служебная записка возложение обязанностей БАГ-ХАА3 — копия.doc.
2026-06-15 16:41:19,676 [INFO] Ingesting В.А. Обвинцеву Корокам согл.docx via OCR...
2026-06-15 16:41:19,676 [INFO] Ingesting В.А. Обвинцеву Корокам согл.docx via OCR...
2026-06-15 16:41:19,677 [INFO] detected formats: [<InputFormat.DOCX: 'docx'>]
Processing В.А. Обвинцеву Корокам согл.docx with Docling...
2026-06-15 16:41:19,677 [INFO] detected formats: [<InputFormat.DOCX: 'docx'>]
2026-06-15 16:41:19,680 [INFO] Going to convert document batch...
2026-06-15 16:41:19,680 [INFO] Going to convert document batch...
2026-06-15 16:41:19,680 [INFO] Processing document В.А. Обвинцеву Корокам согл.docx
2026-06-15 16:41:19,680 [INFO] Processing document В.А. Обвинцеву Корокам согл.docx
2026-06-15 16:41:19,713 [INFO] Started ingestion daemon. Monitoring /home/mint/smart-db/INPUT
Initializing Docling DocumentConverter with Russian OCR...
Docling ready.
2026-06-15 16:41:19,713 [INFO] Started ingestion daemon. Monitoring /home/mint/smart-db/INPUT
2026-06-15 16:41:19,714 [INFO] Ingesting В.А. Обвинцеву Корокам согл.docx via OCR...
2026-06-15 16:41:19,714 [INFO] Ingesting В.А. Обвинцеву Корокам согл.docx via OCR...
2026-06-15 16:41:19,714 [INFO] detected formats: [<InputFormat.DOCX: 'docx'>]
Processing В.А. Обвинцеву Корокам согл.docx with Docling...
2026-06-15 16:41:19,714 [INFO] detected formats: [<InputFormat.DOCX: 'docx'>]
2026-06-15 16:41:19,718 [INFO] Going to convert document batch...
2026-06-15 16:41:19,718 [INFO] Going to convert document batch...
2026-06-15 16:41:19,718 [INFO] Initializing pipeline for SimplePipeline with options hash 7d306d2d021deac65a97d1a5f925362a
2026-06-15 16:41:19,718 [INFO] Initializing pipeline for SimplePipeline with options hash 7d306d2d021deac65a97d1a5f925362a
2026-06-15 16:41:19,722 [INFO] Loading plugin 'docling_defaults'
2026-06-15 16:41:19,722 [INFO] Loading plugin 'docling_defaults'
2026-06-15 16:41:19,723 [INFO] Registered picture descriptions: ['picture_description_vlm_engine', 'vlm', 'api']
2026-06-15 16:41:19,723 [INFO] Registered picture descriptions: ['picture_description_vlm_engine', 'vlm', 'api']
2026-06-15 16:41:19,723 [INFO] Processing document В.А. Обвинцеву Корокам согл.docx
2026-06-15 16:41:19,723 [INFO] Processing document В.А. Обвинцеву Корокам согл.docx
2026-06-15 16:41:19,765 [INFO] Finished converting document В.А. Обвинцеву Корокам согл.docx in 0.09 sec.
2026-06-15 16:41:19,765 [INFO] Finished converting document В.А. Обвинцеву Корокам согл.docx in 0.09 sec.
ℹ️ No complex elements flagged for Tier 3 processing.
2026-06-15 16:41:19,768 [INFO] Successfully processed В.А. Обвинцеву Корокам согл.docx.
Duplicate file detected: В.А. Обвинцеву Корокам согл.docx. Permanently deleting.
2026-06-15 16:41:19,768 [INFO] Successfully processed В.А. Обвинцеву Корокам согл.docx.
2026-06-15 16:41:19,768 [INFO] Ingesting 25_28012025 Гибкая система льгот.zip via OCR...
2026-06-15 16:41:19,768 [INFO] Ingesting 25_28012025 Гибкая система льгот.zip via OCR...
2026-06-15 16:41:19,769 [INFO] detected formats: []
Processing 25_28012025 Гибкая система льгот.zip with Docling...
2026-06-15 16:41:19,769 [INFO] detected formats: []
2026-06-15 16:41:19,769 [ERROR] Input document 25_28012025 Гибкая система льгот.zip with format None does not match any allowed format: (dict_keys([<InputFormat.PDF: 'pdf'>, <InputFormat.DOCX: 'docx'>, <InputFormat.XLSX: 'xlsx'>, <InputFormat.IMAGE: 'image'>]))
2026-06-15 16:41:19,769 [ERROR] Input document 25_28012025 Гибкая система льгот.zip with format None does not match any allowed format: (dict_keys([<InputFormat.PDF: 'pdf'>, <InputFormat.DOCX: 'docx'>, <InputFormat.XLSX: 'xlsx'>, <InputFormat.IMAGE: 'image'>]))
2026-06-15 16:41:19,770 [INFO] Going to convert document batch...
2026-06-15 16:41:19,770 [INFO] Going to convert document batch...
2026-06-15 16:41:19,770 [INFO] Successfully processed 25_28012025 Гибкая система льгот.zip.
Docling conversion failed for 25_28012025 Гибкая система льгот.zip: File format not allowed: 25_28012025 Гибкая система льгот.zip. Moving to OUTPUT (Quarantine).
2026-06-15 16:41:19,770 [INFO] Successfully processed 25_28012025 Гибкая система льгот.zip.
2026-06-15 16:41:19,770 [INFO] Ingesting Служебная записка возложение обязанностей ЧИВ-УСА (2).doc via OCR...
2026-06-15 16:41:19,770 [INFO] Ingesting Служебная записка возложение обязанностей ЧИВ-УСА (2).doc via OCR...
2026-06-15 16:41:19,814 [INFO] Finished converting document В.А. Обвинцеву Корокам согл.docx in 0.10 sec.
2026-06-15 16:41:19,814 [INFO] Finished converting document В.А. Обвинцеву Корокам согл.docx in 0.10 sec.
ℹ️ No complex elements flagged for Tier 3 processing.
2026-06-15 16:41:19,829 [INFO] Successfully processed В.А. Обвинцеву Корокам согл.docx.
Duplicate file detected: В.А. Обвинцеву Корокам согл.docx. Permanently deleting.
2026-06-15 16:41:19,829 [INFO] Successfully processed В.А. Обвинцеву Корокам согл.docx.
2026-06-15 16:41:19,829 [INFO] Ingesting Служебная записка возложение обязанностей ЧИВ-УСА (2).doc via OCR...
2026-06-15 16:41:19,829 [INFO] Ingesting Служебная записка возложение обязанностей ЧИВ-УСА (2).doc via OCR...
2026-06-15 16:41:20,405 [INFO] detected formats: [<InputFormat.PDF: 'pdf'>]
Legacy .doc detected: Служебная записка возложение обязанностей ЧИВ-УСА (2).doc. Converting to PDF via LibreOffice...
Processing Служебная записка возложение обязанностей ЧИВ-УСА (2).doc with Docling...
2026-06-15 16:41:20,405 [INFO] detected formats: [<InputFormat.PDF: 'pdf'>]
2026-06-15 16:41:20,406 [INFO] Going to convert document batch...
2026-06-15 16:41:20,406 [INFO] Going to convert document batch...
2026-06-15 16:41:20,406 [INFO] Processing document Служебная записка возложение обязанностей ЧИВ-УСА (2).pdf
2026-06-15 16:41:20,406 [INFO] Processing document Служебная записка возложение обязанностей ЧИВ-УСА (2).pdf
2026-06-15 16:41:20,631 [INFO] command: tesseract --psm 0 -l osd /tmp/tmp7dfo0n60.png stdout
2026-06-15 16:41:20,631 [INFO] command: tesseract --psm 0 -l osd /tmp/tmp7dfo0n60.png stdout
2026-06-15 16:41:20,913 [INFO] command: tesseract -l rus+eng /tmp/tmp7dfo0n60.png stdout tsv
2026-06-15 16:41:20,913 [INFO] command: tesseract -l rus+eng /tmp/tmp7dfo0n60.png stdout tsv
2026-06-15 16:41:21,000 [INFO] detected formats: [<InputFormat.PDF: 'pdf'>]
Legacy .doc detected: Служебная записка возложение обязанностей ЧИВ-УСА (2).doc. Converting to PDF via LibreOffice...
Processing Служебная записка возложение обязанностей ЧИВ-УСА (2).doc with Docling...
2026-06-15 16:41:21,000 [INFO] detected formats: [<InputFormat.PDF: 'pdf'>]
2026-06-15 16:41:21,005 [INFO] Going to convert document batch...
2026-06-15 16:41:21,005 [INFO] Going to convert document batch...
2026-06-15 16:41:21,006 [INFO] Initializing pipeline for StandardPdfPipeline with options hash 0be8f8cc83886825b392a99e0fdb6525
2026-06-15 16:41:21,006 [INFO] Initializing pipeline for StandardPdfPipeline with options hash 0be8f8cc83886825b392a99e0fdb6525
2026-06-15 16:41:21,009 [INFO] Loading plugin 'docling_defaults'
2026-06-15 16:41:21,009 [INFO] Loading plugin 'docling_defaults'
2026-06-15 16:41:21,015 [INFO] Registered ocr engines: ['auto', 'easyocr', 'kserve_v2_ocr', 'ocrmac', 'rapidocr', 'tesserocr', 'tesseract']
2026-06-15 16:41:21,015 [INFO] Registered ocr engines: ['auto', 'easyocr', 'kserve_v2_ocr', 'ocrmac', 'rapidocr', 'tesserocr', 'tesseract']
2026-06-15 16:41:21,053 [INFO] command: tesseract --list-langs
2026-06-15 16:41:21,053 [INFO] command: tesseract --list-langs
2026-06-15 16:41:21,069 [INFO] Loading plugin 'docling_defaults'
2026-06-15 16:41:21,069 [INFO] Loading plugin 'docling_defaults'
2026-06-15 16:41:21,071 [INFO] Registered layout engines: ['layout_object_detection', 'docling_layout_default', 'docling_experimental_table_crops_layout']
2026-06-15 16:41:21,071 [INFO] Registered layout engines: ['layout_object_detection', 'docling_layout_default', 'docling_experimental_table_crops_layout']
2026-06-15 16:41:21,088 [INFO] Accelerator device: 'cuda:0'
2026-06-15 16:41:21,088 [INFO] Accelerator device: 'cuda:0'
2026-06-15 16:41:21,284 [INFO] Finished converting document Служебная записка возложение обязанностей ЧИВ-УСА (2).pdf in 0.88 sec.
2026-06-15 16:41:21,284 [INFO] Finished converting document Служебная записка возложение обязанностей ЧИВ-УСА (2).pdf in 0.88 sec.
ℹ️ No complex elements flagged for Tier 3 processing.
2026-06-15 16:41:21,425 [INFO] Successfully processed Служебная записка возложение обязанностей ЧИВ-УСА (2).doc.
Saved Markdown archive: /home/mint/smart-db/PROCESSED/Служебная записка возложение обязанностей ЧИВ-УСА (2).doc.md
2026-06-15 16:41:21,425 [INFO] Successfully processed Служебная записка возложение обязанностей ЧИВ-УСА (2).doc.
2026-06-15 16:41:21,425 [INFO] Ingesting 00 2013 Отчет по ЭМС ПС Первомайка (Изм.1).pdf via OCR...
2026-06-15 16:41:21,425 [INFO] Ingesting 00 2013 Отчет по ЭМС ПС Первомайка (Изм.1).pdf via OCR...
2026-06-15 16:41:21,432 [INFO] detected formats: [<InputFormat.PDF: 'pdf'>]
Processing 00 2013 Отчет по ЭМС ПС Первомайка (Изм.1).pdf with Docling...
2026-06-15 16:41:21,432 [INFO] detected formats: [<InputFormat.PDF: 'pdf'>]
2026-06-15 16:41:21,453 [INFO] Going to convert document batch...
2026-06-15 16:41:21,453 [INFO] Going to convert document batch...
2026-06-15 16:41:21,453 [INFO] Processing document 00 2013 Отчет по ЭМС ПС Первомайка (Изм.1).pdf
2026-06-15 16:41:21,453 [INFO] Processing document 00 2013 Отчет по ЭМС ПС Первомайка (Изм.1).pdf
2026-06-15 16:41:21,603 [INFO] HTTP Request: GET https://huggingface.co/api/models/docling-project/docling-layout-heron/revision/main "HTTP/1.1 200 OK"
2026-06-15 16:41:21,603 [INFO] HTTP Request: GET https://huggingface.co/api/models/docling-project/docling-layout-heron/revision/main "HTTP/1.1 200 OK"
Loading weights:   0%|          | 0/770 [00:00<?, ?it/s]Loading weights: 100%|██████████| 770/770 [00:00<00:00, 8851.73it/s]
2026-06-15 16:41:21,951 [INFO] Loading plugin 'docling_defaults'
2026-06-15 16:41:21,951 [INFO] Loading plugin 'docling_defaults'
2026-06-15 16:41:21,952 [INFO] Registered table structure engines: ['docling_tableformer', 'docling_tableformer_v2', 'granite_vision_table']
2026-06-15 16:41:21,952 [INFO] Registered table structure engines: ['docling_tableformer', 'docling_tableformer_v2', 'granite_vision_table']
2026-06-15 16:41:22,216 [INFO] HTTP Request: GET https://huggingface.co/api/models/docling-project/docling-models/revision/v2.3.0 "HTTP/1.1 200 OK"
2026-06-15 16:41:22,216 [INFO] HTTP Request: GET https://huggingface.co/api/models/docling-project/docling-models/revision/v2.3.0 "HTTP/1.1 200 OK"
2026-06-15 16:41:22,248 [INFO] Accelerator device: 'cuda:0'
2026-06-15 16:41:22,248 [INFO] Accelerator device: 'cuda:0'
2026-06-15 16:41:22,570 [INFO] Processing document Служебная записка возложение обязанностей ЧИВ-УСА (2).pdf
2026-06-15 16:41:22,570 [INFO] Processing document Служебная записка возложение обязанностей ЧИВ-УСА (2).pdf
2026-06-15 16:41:22,800 [INFO] command: tesseract --psm 0 -l osd /tmp/tmpnyijik_u.png stdout
2026-06-15 16:41:22,800 [INFO] command: tesseract --psm 0 -l osd /tmp/tmpnyijik_u.png stdout
2026-06-15 16:41:22,995 [INFO] command: tesseract --psm 0 -l osd /tmp/tmpco1tw3_g.png stdout
2026-06-15 16:41:22,995 [INFO] command: tesseract --psm 0 -l osd /tmp/tmpco1tw3_g.png stdout
2026-06-15 16:41:23,080 [INFO] command: tesseract -l rus+eng /tmp/tmpnyijik_u.png stdout tsv
2026-06-15 16:41:23,080 [INFO] command: tesseract -l rus+eng /tmp/tmpnyijik_u.png stdout tsv
2026-06-15 16:41:23,619 [INFO] command: tesseract -l rus+eng /tmp/tmpco1tw3_g.png stdout tsv
2026-06-15 16:41:23,619 [INFO] command: tesseract -l rus+eng /tmp/tmpco1tw3_g.png stdout tsv
2026-06-15 16:41:23,810 [INFO] Finished converting document Служебная записка возложение обязанностей ЧИВ-УСА (2).pdf in 2.81 sec.
2026-06-15 16:41:23,810 [INFO] Finished converting document Служебная записка возложение обязанностей ЧИВ-УСА (2).pdf in 2.81 sec.
ℹ️ No complex elements flagged for Tier 3 processing.
2026-06-15 16:41:23,812 [INFO] Successfully processed Служебная записка возложение обязанностей ЧИВ-УСА (2).doc.
Duplicate file detected: Служебная записка возложение обязанностей ЧИВ-УСА (2).doc. Permanently deleting.
2026-06-15 16:41:23,812 [INFO] Successfully processed Служебная записка возложение обязанностей ЧИВ-УСА (2).doc.
2026-06-15 16:41:23,812 [INFO] Ingesting 00 2013 Отчет по ЭМС ПС Первомайка (Изм.1).pdf via OCR...
2026-06-15 16:41:23,812 [INFO] Ingesting 00 2013 Отчет по ЭМС ПС Первомайка (Изм.1).pdf via OCR...
2026-06-15 16:41:23,820 [INFO] detected formats: [<InputFormat.PDF: 'pdf'>]
Processing 00 2013 Отчет по ЭМС ПС Первомайка (Изм.1).pdf with Docling...
2026-06-15 16:41:23,820 [INFO] detected formats: [<InputFormat.PDF: 'pdf'>]
2026-06-15 16:41:23,841 [INFO] Going to convert document batch...
2026-06-15 16:41:23,841 [INFO] Going to convert document batch...
2026-06-15 16:41:23,842 [INFO] Processing document 00 2013 Отчет по ЭМС ПС Первомайка (Изм.1).pdf
2026-06-15 16:41:23,842 [INFO] Processing document 00 2013 Отчет по ЭМС ПС Первомайка (Изм.1).pdf
2026-06-15 16:41:25,185 [INFO] command: tesseract --psm 0 -l osd /tmp/tmp_68lwd66.png stdout
2026-06-15 16:41:25,185 [INFO] command: tesseract --psm 0 -l osd /tmp/tmp_68lwd66.png stdout
2026-06-15 16:41:25,839 [INFO] command: tesseract -l rus+eng /tmp/tmp_68lwd66.png stdout tsv
2026-06-15 16:41:25,839 [INFO] command: tesseract -l rus+eng /tmp/tmp_68lwd66.png stdout tsv
2026-06-15 16:41:25,974 [INFO] command: tesseract --psm 0 -l osd /tmp/tmpwzp0ivqc.png stdout
2026-06-15 16:41:25,974 [INFO] command: tesseract --psm 0 -l osd /tmp/tmpwzp0ivqc.png stdout
2026-06-15 16:41:26,727 [INFO] command: tesseract -l rus+eng /tmp/tmpwzp0ivqc.png stdout tsv
2026-06-15 16:41:26,727 [INFO] command: tesseract -l rus+eng /tmp/tmpwzp0ivqc.png stdout tsv
2026-06-15 16:41:28,428 [INFO] command: tesseract --psm 0 -l osd /tmp/tmp81g2iawg.png stdout
2026-06-15 16:41:28,428 [INFO] command: tesseract --psm 0 -l osd /tmp/tmp81g2iawg.png stdout
2026-06-15 16:41:29,211 [INFO] command: tesseract -l rus+eng /tmp/tmp81g2iawg.png stdout tsv
2026-06-15 16:41:29,211 [INFO] command: tesseract -l rus+eng /tmp/tmp81g2iawg.png stdout tsv
2026-06-15 16:41:30,771 [INFO] command: tesseract --psm 0 -l osd /tmp/tmpada89803.png stdout
2026-06-15 16:41:30,771 [INFO] command: tesseract --psm 0 -l osd /tmp/tmpada89803.png stdout
2026-06-15 16:41:31,465 [INFO] command: tesseract -l rus+eng /tmp/tmpada89803.png stdout tsv
2026-06-15 16:41:31,465 [INFO] command: tesseract -l rus+eng /tmp/tmpada89803.png stdout tsv
2026-06-15 16:41:33,136 [INFO] command: tesseract --psm 0 -l osd /tmp/tmpm_yb8ig3.png stdout
2026-06-15 16:41:33,136 [INFO] command: tesseract --psm 0 -l osd /tmp/tmpm_yb8ig3.png stdout
2026-06-15 16:41:33,213 [INFO] command: tesseract --psm 0 -l osd /tmp/tmpy6wzn8oa.png stdout
2026-06-15 16:41:33,213 [INFO] command: tesseract --psm 0 -l osd /tmp/tmpy6wzn8oa.png stdout
2026-06-15 16:41:34,116 [INFO] command: tesseract -l rus+eng /tmp/tmpm_yb8ig3.png stdout tsv
2026-06-15 16:41:34,116 [INFO] command: tesseract -l rus+eng /tmp/tmpm_yb8ig3.png stdout tsv
2026-06-15 16:41:34,206 [INFO] command: tesseract -l rus+eng /tmp/tmpy6wzn8oa.png stdout tsv
2026-06-15 16:41:34,206 [INFO] command: tesseract -l rus+eng /tmp/tmpy6wzn8oa.png stdout tsv
2026-06-15 16:41:36,000 [INFO] command: tesseract --psm 0 -l osd /tmp/tmpzj3y3j2d.png stdout
2026-06-15 16:41:36,000 [INFO] command: tesseract --psm 0 -l osd /tmp/tmpzj3y3j2d.png stdout
2026-06-15 16:41:36,801 [INFO] command: tesseract -l rus+eng /tmp/tmpzj3y3j2d.png stdout tsv
2026-06-15 16:41:36,801 [INFO] command: tesseract -l rus+eng /tmp/tmpzj3y3j2d.png stdout tsv
2026-06-15 16:41:38,160 [INFO] command: tesseract --psm 0 -l osd /tmp/tmpmum9nd4c.png stdout
2026-06-15 16:41:38,160 [INFO] command: tesseract --psm 0 -l osd /tmp/tmpmum9nd4c.png stdout
2026-06-15 16:41:38,937 [INFO] command: tesseract -l rus+eng /tmp/tmpmum9nd4c.png stdout tsv
2026-06-15 16:41:38,937 [INFO] command: tesseract -l rus+eng /tmp/tmpmum9nd4c.png stdout tsv
2026-06-15 16:41:40,706 [INFO] command: tesseract --psm 0 -l osd /tmp/tmpucqwrifa.png stdout
2026-06-15 16:41:40,706 [INFO] command: tesseract --psm 0 -l osd /tmp/tmpucqwrifa.png stdout
2026-06-15 16:41:41,514 [INFO] command: tesseract -l rus+eng /tmp/tmpucqwrifa.png stdout tsv
2026-06-15 16:41:41,514 [INFO] command: tesseract -l rus+eng /tmp/tmpucqwrifa.png stdout tsv
2026-06-15 16:41:42,082 [INFO] command: tesseract --psm 0 -l osd /tmp/tmpp6nt1pq3.png stdout
2026-06-15 16:41:42,082 [INFO] command: tesseract --psm 0 -l osd /tmp/tmpp6nt1pq3.png stdout
2026-06-15 16:41:42,947 [INFO] command: tesseract -l rus+eng /tmp/tmpp6nt1pq3.png stdout tsv
2026-06-15 16:41:42,947 [INFO] command: tesseract -l rus+eng /tmp/tmpp6nt1pq3.png stdout tsv
2026-06-15 16:41:44,648 [INFO] command: tesseract --psm 0 -l osd /tmp/tmp8__coe73.png stdout
2026-06-15 16:41:44,648 [INFO] command: tesseract --psm 0 -l osd /tmp/tmp8__coe73.png stdout
2026-06-15 16:41:45,504 [INFO] command: tesseract -l rus+eng /tmp/tmp8__coe73.png stdout tsv
2026-06-15 16:41:45,504 [INFO] command: tesseract -l rus+eng /tmp/tmp8__coe73.png stdout tsv
2026-06-15 16:41:47,342 [INFO] command: tesseract --psm 0 -l osd /tmp/tmpy92x2e73.png stdout
2026-06-15 16:41:47,342 [INFO] command: tesseract --psm 0 -l osd /tmp/tmpy92x2e73.png stdout
2026-06-15 16:41:48,256 [INFO] command: tesseract -l rus+eng /tmp/tmpy92x2e73.png stdout tsv
2026-06-15 16:41:48,256 [INFO] command: tesseract -l rus+eng /tmp/tmpy92x2e73.png stdout tsv
2026-06-15 16:41:50,172 [INFO] command: tesseract --psm 0 -l osd /tmp/tmpcg7le54o.png stdout
2026-06-15 16:41:50,172 [INFO] command: tesseract --psm 0 -l osd /tmp/tmpcg7le54o.png stdout
2026-06-15 16:41:51,675 [INFO] command: tesseract --psm 0 -l osd /tmp/tmp2yon2plk.png stdout
2026-06-15 16:41:51,675 [INFO] command: tesseract --psm 0 -l osd /tmp/tmp2yon2plk.png stdout
2026-06-15 16:41:51,734 [INFO] command: tesseract -l rus+eng /tmp/tmpcg7le54o.png stdout tsv
2026-06-15 16:41:51,734 [INFO] command: tesseract -l rus+eng /tmp/tmpcg7le54o.png stdout tsv
2026-06-15 16:41:53,553 [INFO] command: tesseract -l rus+eng /tmp/tmp2yon2plk.png stdout tsv
2026-06-15 16:41:53,553 [INFO] command: tesseract -l rus+eng /tmp/tmp2yon2plk.png stdout tsv
2026-06-15 16:41:55,950 [INFO] command: tesseract --psm 0 -l osd /tmp/tmp9ak6n5ls.png stdout
2026-06-15 16:41:55,950 [INFO] command: tesseract --psm 0 -l osd /tmp/tmp9ak6n5ls.png stdout
2026-06-15 16:41:56,466 [INFO] command: tesseract --psm 0 -l osd /tmp/tmpfuk7zipr.png stdout
2026-06-15 16:41:56,466 [INFO] command: tesseract --psm 0 -l osd /tmp/tmpfuk7zipr.png stdout
2026-06-15 16:41:56,778 [INFO] command: tesseract -l rus+eng /tmp/tmp9ak6n5ls.png stdout tsv
2026-06-15 16:41:56,778 [INFO] command: tesseract -l rus+eng /tmp/tmp9ak6n5ls.png stdout tsv
2026-06-15 16:41:57,184 [INFO] command: tesseract -l rus+eng /tmp/tmpfuk7zipr.png stdout tsv
2026-06-15 16:41:57,184 [INFO] command: tesseract -l rus+eng /tmp/tmpfuk7zipr.png stdout tsv
2026-06-15 16:41:59,676 [INFO] command: tesseract --psm 0 -l osd /tmp/tmp24l7wpzv.png stdout
2026-06-15 16:41:59,676 [INFO] command: tesseract --psm 0 -l osd /tmp/tmp24l7wpzv.png stdout
2026-06-15 16:42:00,022 [INFO] command: tesseract --psm 0 -l osd /tmp/tmp_tmbg837.png stdout
2026-06-15 16:42:00,022 [INFO] command: tesseract --psm 0 -l osd /tmp/tmp_tmbg837.png stdout
2026-06-15 16:42:00,396 [INFO] command: tesseract -l rus+eng /tmp/tmp24l7wpzv.png stdout tsv
2026-06-15 16:42:00,396 [INFO] command: tesseract -l rus+eng /tmp/tmp24l7wpzv.png stdout tsv
2026-06-15 16:42:00,781 [INFO] command: tesseract -l rus+eng /tmp/tmp_tmbg837.png stdout tsv
2026-06-15 16:42:00,781 [INFO] command: tesseract -l rus+eng /tmp/tmp_tmbg837.png stdout tsv
2026-06-15 16:42:03,007 [INFO] command: tesseract --psm 0 -l osd /tmp/tmp9i6g6jvs.png stdout
2026-06-15 16:42:03,007 [INFO] command: tesseract --psm 0 -l osd /tmp/tmp9i6g6jvs.png stdout
2026-06-15 16:42:03,771 [INFO] command: tesseract -l rus+eng /tmp/tmp9i6g6jvs.png stdout tsv
2026-06-15 16:42:03,771 [INFO] command: tesseract -l rus+eng /tmp/tmp9i6g6jvs.png stdout tsv
2026-06-15 16:42:04,398 [INFO] command: tesseract --psm 0 -l osd /tmp/tmpsqc6d2ws.png stdout
2026-06-15 16:42:04,398 [INFO] command: tesseract --psm 0 -l osd /tmp/tmpsqc6d2ws.png stdout
2026-06-15 16:42:05,139 [INFO] command: tesseract -l rus+eng /tmp/tmpsqc6d2ws.png stdout tsv
2026-06-15 16:42:05,139 [INFO] command: tesseract -l rus+eng /tmp/tmpsqc6d2ws.png stdout tsv
2026-06-15 16:42:07,333 [INFO] command: tesseract --psm 0 -l osd /tmp/tmp_f4y7c5w.png stdout
2026-06-15 16:42:07,333 [INFO] command: tesseract --psm 0 -l osd /tmp/tmp_f4y7c5w.png stdout
2026-06-15 16:42:07,867 [INFO] command: tesseract --psm 0 -l osd /tmp/tmpqg1lt6u3.png stdout
2026-06-15 16:42:07,867 [INFO] command: tesseract --psm 0 -l osd /tmp/tmpqg1lt6u3.png stdout
2026-06-15 16:42:08,062 [INFO] command: tesseract -l rus+eng /tmp/tmp_f4y7c5w.png stdout tsv
2026-06-15 16:42:08,062 [INFO] command: tesseract -l rus+eng /tmp/tmp_f4y7c5w.png stdout tsv
2026-06-15 16:42:08,543 [INFO] command: tesseract -l rus+eng /tmp/tmpqg1lt6u3.png stdout tsv
2026-06-15 16:42:08,543 [INFO] command: tesseract -l rus+eng /tmp/tmpqg1lt6u3.png stdout tsv
2026-06-15 16:42:10,772 [INFO] command: tesseract --psm 0 -l osd /tmp/tmp97srwhlm.png stdout
2026-06-15 16:42:10,772 [INFO] command: tesseract --psm 0 -l osd /tmp/tmp97srwhlm.png stdout
2026-06-15 16:42:11,465 [INFO] command: tesseract -l rus+eng /tmp/tmp97srwhlm.png stdout tsv
2026-06-15 16:42:11,465 [INFO] command: tesseract -l rus+eng /tmp/tmp97srwhlm.png stdout tsv
2026-06-15 16:42:12,055 [INFO] command: tesseract --psm 0 -l osd /tmp/tmphvhifqf_.png stdout
2026-06-15 16:42:12,055 [INFO] command: tesseract --psm 0 -l osd /tmp/tmphvhifqf_.png stdout
2026-06-15 16:42:12,732 [INFO] command: tesseract -l rus+eng /tmp/tmphvhifqf_.png stdout tsv
2026-06-15 16:42:12,732 [INFO] command: tesseract -l rus+eng /tmp/tmphvhifqf_.png stdout tsv
2026-06-15 16:42:15,068 [INFO] command: tesseract --psm 0 -l osd /tmp/tmpz8ooa_uu.png stdout
2026-06-15 16:42:15,068 [INFO] command: tesseract --psm 0 -l osd /tmp/tmpz8ooa_uu.png stdout
2026-06-15 16:42:15,739 [INFO] command: tesseract -l rus+eng /tmp/tmpz8ooa_uu.png stdout tsv
2026-06-15 16:42:15,739 [INFO] command: tesseract -l rus+eng /tmp/tmpz8ooa_uu.png stdout tsv
2026-06-15 16:42:16,466 [INFO] command: tesseract --psm 0 -l osd /tmp/tmpbbeafhut.png stdout
2026-06-15 16:42:16,466 [INFO] command: tesseract --psm 0 -l osd /tmp/tmpbbeafhut.png stdout
2026-06-15 16:42:17,194 [INFO] command: tesseract -l rus+eng /tmp/tmpbbeafhut.png stdout tsv
2026-06-15 16:42:17,194 [INFO] command: tesseract -l rus+eng /tmp/tmpbbeafhut.png stdout tsv
2026-06-15 16:42:19,506 [INFO] command: tesseract --psm 0 -l osd /tmp/tmpoep50t4b.png stdout
2026-06-15 16:42:19,506 [INFO] command: tesseract --psm 0 -l osd /tmp/tmpoep50t4b.png stdout
2026-06-15 16:42:20,196 [INFO] command: tesseract -l rus+eng /tmp/tmpoep50t4b.png stdout tsv
2026-06-15 16:42:20,196 [INFO] command: tesseract -l rus+eng /tmp/tmpoep50t4b.png stdout tsv
2026-06-15 16:42:20,466 [INFO] command: tesseract --psm 0 -l osd /tmp/tmpw_sp38kt.png stdout
2026-06-15 16:42:20,466 [INFO] command: tesseract --psm 0 -l osd /tmp/tmpw_sp38kt.png stdout
2026-06-15 16:42:21,110 [INFO] command: tesseract -l rus+eng /tmp/tmpw_sp38kt.png stdout tsv
2026-06-15 16:42:21,110 [INFO] command: tesseract -l rus+eng /tmp/tmpw_sp38kt.png stdout tsv
2026-06-15 16:42:23,014 [INFO] command: tesseract --psm 0 -l osd /tmp/tmpekmrguur.png stdout
2026-06-15 16:42:23,014 [INFO] command: tesseract --psm 0 -l osd /tmp/tmpekmrguur.png stdout
2026-06-15 16:42:23,346 [INFO] command: tesseract --psm 0 -l osd /tmp/tmp8b_8sm05.png stdout
2026-06-15 16:42:23,346 [INFO] command: tesseract --psm 0 -l osd /tmp/tmp8b_8sm05.png stdout
2026-06-15 16:42:23,684 [INFO] command: tesseract -l rus+eng /tmp/tmpekmrguur.png stdout tsv
2026-06-15 16:42:23,684 [INFO] command: tesseract -l rus+eng /tmp/tmpekmrguur.png stdout tsv
2026-06-15 16:42:23,987 [INFO] command: tesseract -l rus+eng /tmp/tmp8b_8sm05.png stdout tsv
2026-06-15 16:42:23,987 [INFO] command: tesseract -l rus+eng /tmp/tmp8b_8sm05.png stdout tsv
2026-06-15 16:42:25,900 [INFO] command: tesseract --psm 0 -l osd /tmp/tmpcpx3pz6w.png stdout
2026-06-15 16:42:25,900 [INFO] command: tesseract --psm 0 -l osd /tmp/tmpcpx3pz6w.png stdout
2026-06-15 16:42:26,572 [INFO] command: tesseract -l rus+eng /tmp/tmpcpx3pz6w.png stdout tsv
2026-06-15 16:42:26,572 [INFO] command: tesseract -l rus+eng /tmp/tmpcpx3pz6w.png stdout tsv
2026-06-15 16:42:26,768 [INFO] command: tesseract --psm 0 -l osd /tmp/tmp0u01haac.png stdout
2026-06-15 16:42:26,768 [INFO] command: tesseract --psm 0 -l osd /tmp/tmp0u01haac.png stdout
2026-06-15 16:42:27,411 [INFO] command: tesseract -l rus+eng /tmp/tmp0u01haac.png stdout tsv
2026-06-15 16:42:27,411 [INFO] command: tesseract -l rus+eng /tmp/tmp0u01haac.png stdout tsv
2026-06-15 16:42:29,619 [INFO] command: tesseract --psm 0 -l osd /tmp/tmppdtt5g37.png stdout
2026-06-15 16:42:29,619 [INFO] command: tesseract --psm 0 -l osd /tmp/tmppdtt5g37.png stdout
2026-06-15 16:42:29,792 [INFO] command: tesseract --psm 0 -l osd /tmp/tmpmyn6y666.png stdout
2026-06-15 16:42:29,792 [INFO] command: tesseract --psm 0 -l osd /tmp/tmpmyn6y666.png stdout
2026-06-15 16:42:30,274 [INFO] command: tesseract -l rus+eng /tmp/tmppdtt5g37.png stdout tsv
2026-06-15 16:42:30,274 [INFO] command: tesseract -l rus+eng /tmp/tmppdtt5g37.png stdout tsv
2026-06-15 16:42:30,464 [INFO] command: tesseract -l rus+eng /tmp/tmpmyn6y666.png stdout tsv
2026-06-15 16:42:30,464 [INFO] command: tesseract -l rus+eng /tmp/tmpmyn6y666.png stdout tsv
2026-06-15 16:42:32,614 [INFO] command: tesseract --psm 0 -l osd /tmp/tmp04yd5hpr.png stdout
2026-06-15 16:42:32,614 [INFO] command: tesseract --psm 0 -l osd /tmp/tmp04yd5hpr.png stdout
2026-06-15 16:42:33,179 [INFO] command: tesseract --psm 0 -l osd /tmp/tmps627y3k1.png stdout
2026-06-15 16:42:33,179 [INFO] command: tesseract --psm 0 -l osd /tmp/tmps627y3k1.png stdout
2026-06-15 16:42:33,282 [INFO] command: tesseract -l rus+eng /tmp/tmp04yd5hpr.png stdout tsv
2026-06-15 16:42:33,282 [INFO] command: tesseract -l rus+eng /tmp/tmp04yd5hpr.png stdout tsv
2026-06-15 16:42:33,849 [INFO] command: tesseract -l rus+eng /tmp/tmps627y3k1.png stdout tsv
2026-06-15 16:42:33,849 [INFO] command: tesseract -l rus+eng /tmp/tmps627y3k1.png stdout tsv
2026-06-15 16:42:36,068 [INFO] command: tesseract --psm 0 -l osd /tmp/tmp1ccu9e1g.png stdout
2026-06-15 16:42:36,068 [INFO] command: tesseract --psm 0 -l osd /tmp/tmp1ccu9e1g.png stdout
2026-06-15 16:42:36,755 [INFO] command: tesseract -l rus+eng /tmp/tmp1ccu9e1g.png stdout tsv
2026-06-15 16:42:36,755 [INFO] command: tesseract -l rus+eng /tmp/tmp1ccu9e1g.png stdout tsv
2026-06-15 16:42:36,871 [INFO] command: tesseract --psm 0 -l osd /tmp/tmp4tgyabyf.png stdout
2026-06-15 16:42:36,871 [INFO] command: tesseract --psm 0 -l osd /tmp/tmp4tgyabyf.png stdout
2026-06-15 16:42:37,606 [INFO] command: tesseract -l rus+eng /tmp/tmp4tgyabyf.png stdout tsv
2026-06-15 16:42:37,606 [INFO] command: tesseract -l rus+eng /tmp/tmp4tgyabyf.png stdout tsv
2026-06-15 16:42:39,801 [INFO] command: tesseract --psm 0 -l osd /tmp/tmp_kfg0ogo.png stdout
2026-06-15 16:42:39,801 [INFO] command: tesseract --psm 0 -l osd /tmp/tmp_kfg0ogo.png stdout
2026-06-15 16:42:40,515 [INFO] command: tesseract -l rus+eng /tmp/tmp_kfg0ogo.png stdout tsv
2026-06-15 16:42:40,515 [INFO] command: tesseract -l rus+eng /tmp/tmp_kfg0ogo.png stdout tsv
2026-06-15 16:42:41,450 [INFO] command: tesseract --psm 0 -l osd /tmp/tmp47nld0uw.png stdout
2026-06-15 16:42:41,450 [INFO] command: tesseract --psm 0 -l osd /tmp/tmp47nld0uw.png stdout
2026-06-15 16:42:42,139 [INFO] command: tesseract -l rus+eng /tmp/tmp47nld0uw.png stdout tsv
2026-06-15 16:42:42,139 [INFO] command: tesseract -l rus+eng /tmp/tmp47nld0uw.png stdout tsv
2026-06-15 16:42:44,355 [INFO] command: tesseract --psm 0 -l osd /tmp/tmpbzkip9in.png stdout
2026-06-15 16:42:44,355 [INFO] command: tesseract --psm 0 -l osd /tmp/tmpbzkip9in.png stdout
2026-06-15 16:42:45,047 [INFO] command: tesseract -l rus+eng /tmp/tmpbzkip9in.png stdout tsv
2026-06-15 16:42:45,047 [INFO] command: tesseract -l rus+eng /tmp/tmpbzkip9in.png stdout tsv
2026-06-15 16:42:45,991 [INFO] command: tesseract --psm 0 -l osd /tmp/tmpci2zlggx.png stdout
2026-06-15 16:42:45,991 [INFO] command: tesseract --psm 0 -l osd /tmp/tmpci2zlggx.png stdout
2026-06-15 16:42:46,667 [INFO] command: tesseract -l rus+eng /tmp/tmpci2zlggx.png stdout tsv
2026-06-15 16:42:46,667 [INFO] command: tesseract -l rus+eng /tmp/tmpci2zlggx.png stdout tsv
2026-06-15 16:42:49,097 [INFO] command: tesseract --psm 0 -l osd /tmp/tmpjdkg7xmi.png stdout
2026-06-15 16:42:49,097 [INFO] command: tesseract --psm 0 -l osd /tmp/tmpjdkg7xmi.png stdout
2026-06-15 16:42:49,779 [INFO] command: tesseract -l rus+eng /tmp/tmpjdkg7xmi.png stdout tsv
2026-06-15 16:42:49,779 [INFO] command: tesseract -l rus+eng /tmp/tmpjdkg7xmi.png stdout tsv
2026-06-15 16:42:50,458 [INFO] command: tesseract --psm 0 -l osd /tmp/tmpf7oq26dx.png stdout
2026-06-15 16:42:50,458 [INFO] command: tesseract --psm 0 -l osd /tmp/tmpf7oq26dx.png stdout
2026-06-15 16:42:51,108 [INFO] command: tesseract -l rus+eng /tmp/tmpf7oq26dx.png stdout tsv
2026-06-15 16:42:51,108 [INFO] command: tesseract -l rus+eng /tmp/tmpf7oq26dx.png stdout tsv
2026-06-15 16:42:53,196 [INFO] command: tesseract --psm 0 -l osd /tmp/tmpaj_swzlh.png stdout
2026-06-15 16:42:53,196 [INFO] command: tesseract --psm 0 -l osd /tmp/tmpaj_swzlh.png stdout
2026-06-15 16:42:53,499 [INFO] command: tesseract --psm 0 -l osd /tmp/tmpkysd0cts.png stdout
2026-06-15 16:42:53,499 [INFO] command: tesseract --psm 0 -l osd /tmp/tmpkysd0cts.png stdout
2026-06-15 16:42:53,848 [INFO] command: tesseract -l rus+eng /tmp/tmpaj_swzlh.png stdout tsv
2026-06-15 16:42:53,848 [INFO] command: tesseract -l rus+eng /tmp/tmpaj_swzlh.png stdout tsv
2026-06-15 16:42:54,137 [INFO] command: tesseract -l rus+eng /tmp/tmpkysd0cts.png stdout tsv
2026-06-15 16:42:54,137 [INFO] command: tesseract -l rus+eng /tmp/tmpkysd0cts.png stdout tsv
2026-06-15 16:42:56,049 [INFO] command: tesseract --psm 0 -l osd /tmp/tmp_13wpk85.png stdout
2026-06-15 16:42:56,049 [INFO] command: tesseract --psm 0 -l osd /tmp/tmp_13wpk85.png stdout
2026-06-15 16:42:56,227 [INFO] command: tesseract --psm 0 -l osd /tmp/tmpt_8obzcg.png stdout
2026-06-15 16:42:56,227 [INFO] command: tesseract --psm 0 -l osd /tmp/tmpt_8obzcg.png stdout
2026-06-15 16:42:56,726 [INFO] command: tesseract -l rus+eng /tmp/tmp_13wpk85.png stdout tsv
2026-06-15 16:42:56,726 [INFO] command: tesseract -l rus+eng /tmp/tmp_13wpk85.png stdout tsv
2026-06-15 16:42:56,869 [INFO] command: tesseract -l rus+eng /tmp/tmpt_8obzcg.png stdout tsv
2026-06-15 16:42:56,869 [INFO] command: tesseract -l rus+eng /tmp/tmpt_8obzcg.png stdout tsv
2026-06-15 16:42:59,088 [INFO] command: tesseract --psm 0 -l osd /tmp/tmpzt6zv3h4.png stdout
2026-06-15 16:42:59,088 [INFO] command: tesseract --psm 0 -l osd /tmp/tmpzt6zv3h4.png stdout
2026-06-15 16:42:59,773 [INFO] command: tesseract -l rus+eng /tmp/tmpzt6zv3h4.png stdout tsv
2026-06-15 16:42:59,773 [INFO] command: tesseract -l rus+eng /tmp/tmpzt6zv3h4.png stdout tsv
2026-06-15 16:43:00,016 [INFO] command: tesseract --psm 0 -l osd /tmp/tmpm1ivhgck.png stdout
2026-06-15 16:43:00,016 [INFO] command: tesseract --psm 0 -l osd /tmp/tmpm1ivhgck.png stdout
2026-06-15 16:43:00,699 [INFO] command: tesseract -l rus+eng /tmp/tmpm1ivhgck.png stdout tsv
2026-06-15 16:43:00,699 [INFO] command: tesseract -l rus+eng /tmp/tmpm1ivhgck.png stdout tsv
2026-06-15 16:43:02,894 [INFO] command: tesseract --psm 0 -l osd /tmp/tmph143nr4m.png stdout
2026-06-15 16:43:02,894 [INFO] command: tesseract --psm 0 -l osd /tmp/tmph143nr4m.png stdout
2026-06-15 16:43:03,062 [INFO] command: tesseract --psm 0 -l osd /tmp/tmpqsyhjfq5.png stdout
2026-06-15 16:43:03,062 [INFO] command: tesseract --psm 0 -l osd /tmp/tmpqsyhjfq5.png stdout
2026-06-15 16:43:03,557 [INFO] command: tesseract -l rus+eng /tmp/tmph143nr4m.png stdout tsv
2026-06-15 16:43:03,557 [INFO] command: tesseract -l rus+eng /tmp/tmph143nr4m.png stdout tsv
2026-06-15 16:43:03,742 [INFO] command: tesseract -l rus+eng /tmp/tmpqsyhjfq5.png stdout tsv
2026-06-15 16:43:03,742 [INFO] command: tesseract -l rus+eng /tmp/tmpqsyhjfq5.png stdout tsv
2026-06-15 16:43:04,854 [INFO] command: tesseract --psm 0 -l osd /tmp/tmpj7f54dwa.png stdout
2026-06-15 16:43:04,854 [INFO] command: tesseract --psm 0 -l osd /tmp/tmpj7f54dwa.png stdout
2026-06-15 16:43:05,589 [INFO] command: tesseract -l rus+eng /tmp/tmpj7f54dwa.png stdout tsv
2026-06-15 16:43:05,589 [INFO] command: tesseract -l rus+eng /tmp/tmpj7f54dwa.png stdout tsv
2026-06-15 16:43:05,879 [INFO] command: tesseract --psm 0 -l osd /tmp/tmpksr65cs1.png stdout
2026-06-15 16:43:05,879 [INFO] command: tesseract --psm 0 -l osd /tmp/tmpksr65cs1.png stdout
2026-06-15 16:43:06,534 [INFO] command: tesseract -l rus+eng /tmp/tmpksr65cs1.png stdout tsv
2026-06-15 16:43:06,534 [INFO] command: tesseract -l rus+eng /tmp/tmpksr65cs1.png stdout tsv
2026-06-15 16:43:07,195 [INFO] command: tesseract --psm 0 -l osd /tmp/tmpg_tetqip.png stdout
2026-06-15 16:43:07,195 [INFO] command: tesseract --psm 0 -l osd /tmp/tmpg_tetqip.png stdout
2026-06-15 16:43:07,801 [INFO] command: tesseract --psm 0 -l osd /tmp/tmpw9jocvrr.png stdout
2026-06-15 16:43:07,801 [INFO] command: tesseract --psm 0 -l osd /tmp/tmpw9jocvrr.png stdout
2026-06-15 16:43:07,854 [INFO] command: tesseract -l rus+eng /tmp/tmpg_tetqip.png stdout tsv
2026-06-15 16:43:07,854 [INFO] command: tesseract -l rus+eng /tmp/tmpg_tetqip.png stdout tsv
2026-06-15 16:43:08,542 [INFO] command: tesseract -l rus+eng /tmp/tmpw9jocvrr.png stdout tsv
2026-06-15 16:43:08,542 [INFO] command: tesseract -l rus+eng /tmp/tmpw9jocvrr.png stdout tsv
2026-06-15 16:43:10,188 [INFO] command: tesseract --psm 0 -l osd /tmp/tmpy4b886c0.png stdout
2026-06-15 16:43:10,188 [INFO] command: tesseract --psm 0 -l osd /tmp/tmpy4b886c0.png stdout
2026-06-15 16:43:10,341 [INFO] command: tesseract --psm 0 -l osd /tmp/tmpem1p5f9v.png stdout
2026-06-15 16:43:10,341 [INFO] command: tesseract --psm 0 -l osd /tmp/tmpem1p5f9v.png stdout
2026-06-15 16:43:10,843 [INFO] command: tesseract -l rus+eng /tmp/tmpy4b886c0.png stdout tsv
2026-06-15 16:43:10,843 [INFO] command: tesseract -l rus+eng /tmp/tmpy4b886c0.png stdout tsv
2026-06-15 16:43:11,062 [INFO] command: tesseract -l rus+eng /tmp/tmpem1p5f9v.png stdout tsv
2026-06-15 16:43:11,062 [INFO] command: tesseract -l rus+eng /tmp/tmpem1p5f9v.png stdout tsv
2026-06-15 16:43:13,370 [INFO] command: tesseract --psm 0 -l osd /tmp/tmpg6v8ob_x.png stdout
2026-06-15 16:43:13,370 [INFO] command: tesseract --psm 0 -l osd /tmp/tmpg6v8ob_x.png stdout
2026-06-15 16:43:13,605 [INFO] command: tesseract --psm 0 -l osd /tmp/tmp_3n20oms.png stdout
2026-06-15 16:43:13,605 [INFO] command: tesseract --psm 0 -l osd /tmp/tmp_3n20oms.png stdout
2026-06-15 16:43:14,095 [INFO] command: tesseract -l rus+eng /tmp/tmpg6v8ob_x.png stdout tsv
2026-06-15 16:43:14,095 [INFO] command: tesseract -l rus+eng /tmp/tmpg6v8ob_x.png stdout tsv
2026-06-15 16:43:14,275 [INFO] command: tesseract -l rus+eng /tmp/tmp_3n20oms.png stdout tsv
2026-06-15 16:43:14,275 [INFO] command: tesseract -l rus+eng /tmp/tmp_3n20oms.png stdout tsv
2026-06-15 16:43:16,633 [INFO] command: tesseract --psm 0 -l osd /tmp/tmpabi17upp.png stdout
2026-06-15 16:43:16,633 [INFO] command: tesseract --psm 0 -l osd /tmp/tmpabi17upp.png stdout
2026-06-15 16:43:17,061 [INFO] command: tesseract --psm 0 -l osd /tmp/tmp3bh9sm60.png stdout
2026-06-15 16:43:17,061 [INFO] command: tesseract --psm 0 -l osd /tmp/tmp3bh9sm60.png stdout
2026-06-15 16:43:17,310 [INFO] command: tesseract -l rus+eng /tmp/tmpabi17upp.png stdout tsv
2026-06-15 16:43:17,310 [INFO] command: tesseract -l rus+eng /tmp/tmpabi17upp.png stdout tsv
2026-06-15 16:43:17,814 [INFO] command: tesseract -l rus+eng /tmp/tmp3bh9sm60.png stdout tsv
2026-06-15 16:43:17,814 [INFO] command: tesseract -l rus+eng /tmp/tmp3bh9sm60.png stdout tsv
2026-06-15 16:43:20,046 [INFO] command: tesseract --psm 0 -l osd /tmp/tmp_actu5kp.png stdout
2026-06-15 16:43:20,046 [INFO] command: tesseract --psm 0 -l osd /tmp/tmp_actu5kp.png stdout
2026-06-15 16:43:20,361 [INFO] command: tesseract --psm 0 -l osd /tmp/tmpi9bmchlu.png stdout
2026-06-15 16:43:20,361 [INFO] command: tesseract --psm 0 -l osd /tmp/tmpi9bmchlu.png stdout
2026-06-15 16:43:20,804 [INFO] command: tesseract -l rus+eng /tmp/tmp_actu5kp.png stdout tsv
2026-06-15 16:43:20,804 [INFO] command: tesseract -l rus+eng /tmp/tmp_actu5kp.png stdout tsv
2026-06-15 16:43:21,001 [INFO] command: tesseract -l rus+eng /tmp/tmpi9bmchlu.png stdout tsv
2026-06-15 16:43:21,001 [INFO] command: tesseract -l rus+eng /tmp/tmpi9bmchlu.png stdout tsv
2026-06-15 16:43:22,532 [INFO] command: tesseract --psm 0 -l osd /tmp/tmpvdu3t5nx.png stdout
2026-06-15 16:43:22,532 [INFO] command: tesseract --psm 0 -l osd /tmp/tmpvdu3t5nx.png stdout
2026-06-15 16:43:23,201 [INFO] command: tesseract -l rus+eng /tmp/tmpvdu3t5nx.png stdout tsv
2026-06-15 16:43:23,201 [INFO] command: tesseract -l rus+eng /tmp/tmpvdu3t5nx.png stdout tsv
2026-06-15 16:43:23,398 [INFO] command: tesseract --psm 0 -l osd /tmp/tmpmjyjyp6h.png stdout
2026-06-15 16:43:23,398 [INFO] command: tesseract --psm 0 -l osd /tmp/tmpmjyjyp6h.png stdout
2026-06-15 16:43:24,028 [INFO] command: tesseract -l rus+eng /tmp/tmpmjyjyp6h.png stdout tsv
2026-06-15 16:43:24,028 [INFO] command: tesseract -l rus+eng /tmp/tmpmjyjyp6h.png stdout tsv
2026-06-15 16:43:24,885 [INFO] command: tesseract --psm 0 -l osd /tmp/tmp0sp0jq5o.png stdout
2026-06-15 16:43:24,885 [INFO] command: tesseract --psm 0 -l osd /tmp/tmp0sp0jq5o.png stdout
2026-06-15 16:43:25,455 [INFO] command: tesseract -l rus+eng /tmp/tmp0sp0jq5o.png stdout tsv
2026-06-15 16:43:25,455 [INFO] command: tesseract -l rus+eng /tmp/tmp0sp0jq5o.png stdout tsv
2026-06-15 16:43:25,467 [INFO] command: tesseract --psm 0 -l osd /tmp/tmph33wx85n.png stdout
2026-06-15 16:43:25,467 [INFO] command: tesseract --psm 0 -l osd /tmp/tmph33wx85n.png stdout
2026-06-15 16:43:26,139 [INFO] command: tesseract -l rus+eng /tmp/tmph33wx85n.png stdout tsv
2026-06-15 16:43:26,139 [INFO] command: tesseract -l rus+eng /tmp/tmph33wx85n.png stdout tsv
2026-06-15 16:43:26,525 [INFO] command: tesseract --psm 0 -l osd /tmp/tmpnxing8ae.png stdout
2026-06-15 16:43:26,525 [INFO] command: tesseract --psm 0 -l osd /tmp/tmpnxing8ae.png stdout
2026-06-15 16:43:27,078 [INFO] command: tesseract -l rus+eng /tmp/tmpnxing8ae.png stdout tsv
2026-06-15 16:43:27,078 [INFO] command: tesseract -l rus+eng /tmp/tmpnxing8ae.png stdout tsv
2026-06-15 16:43:27,827 [INFO] command: tesseract --psm 0 -l osd /tmp/tmpdlo19ud9.png stdout
2026-06-15 16:43:27,827 [INFO] command: tesseract --psm 0 -l osd /tmp/tmpdlo19ud9.png stdout
2026-06-15 16:43:28,140 [INFO] command: tesseract --psm 0 -l osd /tmp/tmp0smob1ez.png stdout
2026-06-15 16:43:28,140 [INFO] command: tesseract --psm 0 -l osd /tmp/tmp0smob1ez.png stdout
2026-06-15 16:43:28,403 [INFO] command: tesseract -l rus+eng /tmp/tmpdlo19ud9.png stdout tsv
2026-06-15 16:43:28,403 [INFO] command: tesseract -l rus+eng /tmp/tmpdlo19ud9.png stdout tsv
2026-06-15 16:43:28,711 [INFO] command: tesseract -l rus+eng /tmp/tmp0smob1ez.png stdout tsv
2026-06-15 16:43:28,711 [INFO] command: tesseract -l rus+eng /tmp/tmp0smob1ez.png stdout tsv
2026-06-15 16:43:29,498 [INFO] command: tesseract --psm 0 -l osd /tmp/tmpruajth94.png stdout
2026-06-15 16:43:29,498 [INFO] command: tesseract --psm 0 -l osd /tmp/tmpruajth94.png stdout
2026-06-15 16:43:29,909 [INFO] command: tesseract --psm 0 -l osd /tmp/tmppg628vxh.png stdout
2026-06-15 16:43:29,909 [INFO] command: tesseract --psm 0 -l osd /tmp/tmppg628vxh.png stdout
2026-06-15 16:43:30,058 [INFO] command: tesseract -l rus+eng /tmp/tmpruajth94.png stdout tsv
2026-06-15 16:43:30,058 [INFO] command: tesseract -l rus+eng /tmp/tmpruajth94.png stdout tsv
2026-06-15 16:43:30,464 [INFO] command: tesseract -l rus+eng /tmp/tmppg628vxh.png stdout tsv
2026-06-15 16:43:30,464 [INFO] command: tesseract -l rus+eng /tmp/tmppg628vxh.png stdout tsv
2026-06-15 16:43:31,093 [INFO] command: tesseract --psm 0 -l osd /tmp/tmpt5cqfuoe.png stdout
2026-06-15 16:43:31,093 [INFO] command: tesseract --psm 0 -l osd /tmp/tmpt5cqfuoe.png stdout
2026-06-15 16:43:31,526 [INFO] command: tesseract --psm 0 -l osd /tmp/tmph__6iltt.png stdout
2026-06-15 16:43:31,526 [INFO] command: tesseract --psm 0 -l osd /tmp/tmph__6iltt.png stdout
2026-06-15 16:43:31,653 [INFO] command: tesseract -l rus+eng /tmp/tmpt5cqfuoe.png stdout tsv
2026-06-15 16:43:31,653 [INFO] command: tesseract -l rus+eng /tmp/tmpt5cqfuoe.png stdout tsv
2026-06-15 16:43:32,093 [INFO] command: tesseract -l rus+eng /tmp/tmph__6iltt.png stdout tsv
2026-06-15 16:43:32,093 [INFO] command: tesseract -l rus+eng /tmp/tmph__6iltt.png stdout tsv
2026-06-15 16:43:32,853 [INFO] command: tesseract --psm 0 -l osd /tmp/tmpoih7zikf.png stdout
2026-06-15 16:43:32,853 [INFO] command: tesseract --psm 0 -l osd /tmp/tmpoih7zikf.png stdout
2026-06-15 16:43:33,090 [INFO] command: tesseract --psm 0 -l osd /tmp/tmpiukmmzpm.png stdout
2026-06-15 16:43:33,090 [INFO] command: tesseract --psm 0 -l osd /tmp/tmpiukmmzpm.png stdout
2026-06-15 16:43:33,407 [INFO] command: tesseract -l rus+eng /tmp/tmpoih7zikf.png stdout tsv
2026-06-15 16:43:33,407 [INFO] command: tesseract -l rus+eng /tmp/tmpoih7zikf.png stdout tsv
2026-06-15 16:43:33,748 [INFO] command: tesseract -l rus+eng /tmp/tmpiukmmzpm.png stdout tsv
2026-06-15 16:43:33,748 [INFO] command: tesseract -l rus+eng /tmp/tmpiukmmzpm.png stdout tsv
2026-06-15 16:43:34,459 [INFO] command: tesseract --psm 0 -l osd /tmp/tmpdooj6lhi.png stdout
2026-06-15 16:43:34,459 [INFO] command: tesseract --psm 0 -l osd /tmp/tmpdooj6lhi.png stdout
2026-06-15 16:43:35,014 [INFO] command: tesseract -l rus+eng /tmp/tmpdooj6lhi.png stdout tsv
2026-06-15 16:43:35,014 [INFO] command: tesseract -l rus+eng /tmp/tmpdooj6lhi.png stdout tsv
2026-06-15 16:43:35,194 [INFO] command: tesseract --psm 0 -l osd /tmp/tmptm3wcx8i.png stdout
2026-06-15 16:43:35,194 [INFO] command: tesseract --psm 0 -l osd /tmp/tmptm3wcx8i.png stdout
2026-06-15 16:43:35,848 [INFO] command: tesseract -l rus+eng /tmp/tmptm3wcx8i.png stdout tsv
2026-06-15 16:43:35,848 [INFO] command: tesseract -l rus+eng /tmp/tmptm3wcx8i.png stdout tsv
2026-06-15 16:43:36,006 [INFO] command: tesseract --psm 0 -l osd /tmp/tmp3lbe5g42.png stdout
2026-06-15 16:43:36,006 [INFO] command: tesseract --psm 0 -l osd /tmp/tmp3lbe5g42.png stdout
2026-06-15 16:43:36,660 [INFO] command: tesseract -l rus+eng /tmp/tmp3lbe5g42.png stdout tsv
2026-06-15 16:43:36,660 [INFO] command: tesseract -l rus+eng /tmp/tmp3lbe5g42.png stdout tsv
2026-06-15 16:43:37,657 [INFO] command: tesseract --psm 0 -l osd /tmp/tmptk71o49j.png stdout
2026-06-15 16:43:37,657 [INFO] command: tesseract --psm 0 -l osd /tmp/tmptk71o49j.png stdout
2026-06-15 16:43:38,100 [INFO] command: tesseract --psm 0 -l osd /tmp/tmp3p3vd65h.png stdout
2026-06-15 16:43:38,100 [INFO] command: tesseract --psm 0 -l osd /tmp/tmp3p3vd65h.png stdout
2026-06-15 16:43:38,318 [INFO] command: tesseract -l rus+eng /tmp/tmptk71o49j.png stdout tsv
2026-06-15 16:43:38,318 [INFO] command: tesseract -l rus+eng /tmp/tmptk71o49j.png stdout tsv
2026-06-15 16:43:38,752 [INFO] command: tesseract -l rus+eng /tmp/tmp3p3vd65h.png stdout tsv
2026-06-15 16:43:38,752 [INFO] command: tesseract -l rus+eng /tmp/tmp3p3vd65h.png stdout tsv
2026-06-15 16:43:40,527 [INFO] command: tesseract --psm 0 -l osd /tmp/tmpytq0uoi_.png stdout
2026-06-15 16:43:40,527 [INFO] command: tesseract --psm 0 -l osd /tmp/tmpytq0uoi_.png stdout
2026-06-15 16:43:40,586 [INFO] command: tesseract --psm 0 -l osd /tmp/tmptcy3uyb7.png stdout
2026-06-15 16:43:40,586 [INFO] command: tesseract --psm 0 -l osd /tmp/tmptcy3uyb7.png stdout
2026-06-15 16:43:41,258 [INFO] command: tesseract -l rus+eng /tmp/tmptcy3uyb7.png stdout tsv
2026-06-15 16:43:41,258 [INFO] command: tesseract -l rus+eng /tmp/tmptcy3uyb7.png stdout tsv
2026-06-15 16:43:41,272 [INFO] command: tesseract -l rus+eng /tmp/tmpytq0uoi_.png stdout tsv
2026-06-15 16:43:41,272 [INFO] command: tesseract -l rus+eng /tmp/tmpytq0uoi_.png stdout tsv
2026-06-15 16:43:43,261 [INFO] command: tesseract --psm 0 -l osd /tmp/tmpbtsau5pr.png stdout
2026-06-15 16:43:43,261 [INFO] command: tesseract --psm 0 -l osd /tmp/tmpbtsau5pr.png stdout
2026-06-15 16:43:43,483 [INFO] command: tesseract --psm 0 -l osd /tmp/tmpfprlj2bi.png stdout
2026-06-15 16:43:43,483 [INFO] command: tesseract --psm 0 -l osd /tmp/tmpfprlj2bi.png stdout
2026-06-15 16:43:43,930 [INFO] command: tesseract -l rus+eng /tmp/tmpbtsau5pr.png stdout tsv
2026-06-15 16:43:43,930 [INFO] command: tesseract -l rus+eng /tmp/tmpbtsau5pr.png stdout tsv
2026-06-15 16:43:44,233 [INFO] command: tesseract -l rus+eng /tmp/tmpfprlj2bi.png stdout tsv
2026-06-15 16:43:44,233 [INFO] command: tesseract -l rus+eng /tmp/tmpfprlj2bi.png stdout tsv
2026-06-15 16:43:46,246 [INFO] command: tesseract --psm 0 -l osd /tmp/tmppnkvafp5.png stdout
2026-06-15 16:43:46,246 [INFO] command: tesseract --psm 0 -l osd /tmp/tmppnkvafp5.png stdout
2026-06-15 16:43:46,936 [INFO] command: tesseract -l rus+eng /tmp/tmppnkvafp5.png stdout tsv
2026-06-15 16:43:46,936 [INFO] command: tesseract -l rus+eng /tmp/tmppnkvafp5.png stdout tsv
2026-06-15 16:43:47,261 [INFO] command: tesseract --psm 0 -l osd /tmp/tmpgjutl0uj.png stdout
2026-06-15 16:43:47,261 [INFO] command: tesseract --psm 0 -l osd /tmp/tmpgjutl0uj.png stdout
2026-06-15 16:43:47,939 [INFO] command: tesseract -l rus+eng /tmp/tmpgjutl0uj.png stdout tsv
2026-06-15 16:43:47,939 [INFO] command: tesseract -l rus+eng /tmp/tmpgjutl0uj.png stdout tsv
2026-06-15 16:43:50,257 [INFO] command: tesseract --psm 0 -l osd /tmp/tmpd7l2fn3s.png stdout
2026-06-15 16:43:50,257 [INFO] command: tesseract --psm 0 -l osd /tmp/tmpd7l2fn3s.png stdout
2026-06-15 16:43:50,924 [INFO] command: tesseract -l rus+eng /tmp/tmpd7l2fn3s.png stdout tsv
2026-06-15 16:43:50,924 [INFO] command: tesseract -l rus+eng /tmp/tmpd7l2fn3s.png stdout tsv
2026-06-15 16:43:51,273 [INFO] command: tesseract --psm 0 -l osd /tmp/tmp8_kfu3fr.png stdout
2026-06-15 16:43:51,273 [INFO] command: tesseract --psm 0 -l osd /tmp/tmp8_kfu3fr.png stdout
2026-06-15 16:43:51,915 [INFO] command: tesseract -l rus+eng /tmp/tmp8_kfu3fr.png stdout tsv
2026-06-15 16:43:51,915 [INFO] command: tesseract -l rus+eng /tmp/tmp8_kfu3fr.png stdout tsv
2026-06-15 16:43:54,250 [INFO] command: tesseract --psm 0 -l osd /tmp/tmpmgdlatdn.png stdout
2026-06-15 16:43:54,250 [INFO] command: tesseract --psm 0 -l osd /tmp/tmpmgdlatdn.png stdout
2026-06-15 16:43:54,303 [INFO] command: tesseract --psm 0 -l osd /tmp/tmpqt1p53dn.png stdout
2026-06-15 16:43:54,303 [INFO] command: tesseract --psm 0 -l osd /tmp/tmpqt1p53dn.png stdout
2026-06-15 16:43:54,939 [INFO] command: tesseract -l rus+eng /tmp/tmpmgdlatdn.png stdout tsv
2026-06-15 16:43:54,939 [INFO] command: tesseract -l rus+eng /tmp/tmpmgdlatdn.png stdout tsv
2026-06-15 16:43:54,971 [INFO] command: tesseract -l rus+eng /tmp/tmpqt1p53dn.png stdout tsv
2026-06-15 16:43:54,971 [INFO] command: tesseract -l rus+eng /tmp/tmpqt1p53dn.png stdout tsv
2026-06-15 16:43:56,490 [INFO] command: tesseract --psm 0 -l osd /tmp/tmpiyzm6_d5.png stdout
2026-06-15 16:43:56,490 [INFO] command: tesseract --psm 0 -l osd /tmp/tmpiyzm6_d5.png stdout
2026-06-15 16:43:57,141 [INFO] command: tesseract -l rus+eng /tmp/tmpiyzm6_d5.png stdout tsv
2026-06-15 16:43:57,141 [INFO] command: tesseract -l rus+eng /tmp/tmpiyzm6_d5.png stdout tsv
2026-06-15 16:43:57,225 [INFO] command: tesseract --psm 0 -l osd /tmp/tmp5fmnght9.png stdout
2026-06-15 16:43:57,225 [INFO] command: tesseract --psm 0 -l osd /tmp/tmp5fmnght9.png stdout
2026-06-15 16:43:57,919 [INFO] command: tesseract -l rus+eng /tmp/tmp5fmnght9.png stdout tsv
2026-06-15 16:43:57,919 [INFO] command: tesseract -l rus+eng /tmp/tmp5fmnght9.png stdout tsv
2026-06-15 16:43:58,409 [INFO] command: tesseract --psm 0 -l osd /tmp/tmpyvxjhi0n.png stdout
2026-06-15 16:43:58,409 [INFO] command: tesseract --psm 0 -l osd /tmp/tmpyvxjhi0n.png stdout
2026-06-15 16:43:59,061 [INFO] command: tesseract -l rus+eng /tmp/tmpyvxjhi0n.png stdout tsv
2026-06-15 16:43:59,061 [INFO] command: tesseract -l rus+eng /tmp/tmpyvxjhi0n.png stdout tsv
2026-06-15 16:43:59,480 [INFO] command: tesseract --psm 0 -l osd /tmp/tmp6nmfvvq7.png stdout
2026-06-15 16:43:59,480 [INFO] command: tesseract --psm 0 -l osd /tmp/tmp6nmfvvq7.png stdout
2026-06-15 16:44:00,132 [INFO] command: tesseract -l rus+eng /tmp/tmp6nmfvvq7.png stdout tsv
2026-06-15 16:44:00,132 [INFO] command: tesseract -l rus+eng /tmp/tmp6nmfvvq7.png stdout tsv
2026-06-15 16:44:01,444 [INFO] command: tesseract --psm 0 -l osd /tmp/tmp3d5flggy.png stdout
2026-06-15 16:44:01,444 [INFO] command: tesseract --psm 0 -l osd /tmp/tmp3d5flggy.png stdout
2026-06-15 16:44:01,898 [INFO] command: tesseract --psm 0 -l osd /tmp/tmpi4e7kg7y.png stdout
2026-06-15 16:44:01,898 [INFO] command: tesseract --psm 0 -l osd /tmp/tmpi4e7kg7y.png stdout
2026-06-15 16:44:02,104 [INFO] command: tesseract -l rus+eng /tmp/tmp3d5flggy.png stdout tsv
2026-06-15 16:44:02,104 [INFO] command: tesseract -l rus+eng /tmp/tmp3d5flggy.png stdout tsv
2026-06-15 16:44:02,565 [INFO] command: tesseract -l rus+eng /tmp/tmpi4e7kg7y.png stdout tsv
2026-06-15 16:44:02,565 [INFO] command: tesseract -l rus+eng /tmp/tmpi4e7kg7y.png stdout tsv
2026-06-15 16:44:04,884 [INFO] command: tesseract --psm 0 -l osd /tmp/tmp18pegu2p.png stdout
2026-06-15 16:44:04,884 [INFO] command: tesseract --psm 0 -l osd /tmp/tmp18pegu2p.png stdout
2026-06-15 16:44:05,504 [INFO] command: tesseract --psm 0 -l osd /tmp/tmpp8n5_cqb.png stdout
2026-06-15 16:44:05,504 [INFO] command: tesseract --psm 0 -l osd /tmp/tmpp8n5_cqb.png stdout
2026-06-15 16:44:05,554 [INFO] command: tesseract -l rus+eng /tmp/tmp18pegu2p.png stdout tsv
2026-06-15 16:44:05,554 [INFO] command: tesseract -l rus+eng /tmp/tmp18pegu2p.png stdout tsv
2026-06-15 16:44:06,166 [INFO] command: tesseract -l rus+eng /tmp/tmpp8n5_cqb.png stdout tsv
2026-06-15 16:44:06,166 [INFO] command: tesseract -l rus+eng /tmp/tmpp8n5_cqb.png stdout tsv
2026-06-15 16:44:08,421 [INFO] command: tesseract --psm 0 -l osd /tmp/tmp651tv61y.png stdout
2026-06-15 16:44:08,421 [INFO] command: tesseract --psm 0 -l osd /tmp/tmp651tv61y.png stdout
2026-06-15 16:44:08,892 [INFO] command: tesseract --psm 0 -l osd /tmp/tmpf6z4z_5t.png stdout
2026-06-15 16:44:08,892 [INFO] command: tesseract --psm 0 -l osd /tmp/tmpf6z4z_5t.png stdout
2026-06-15 16:44:09,076 [INFO] command: tesseract -l rus+eng /tmp/tmp651tv61y.png stdout tsv
2026-06-15 16:44:09,076 [INFO] command: tesseract -l rus+eng /tmp/tmp651tv61y.png stdout tsv
2026-06-15 16:44:09,936 [INFO] command: tesseract -l rus+eng /tmp/tmpf6z4z_5t.png stdout tsv
2026-06-15 16:44:09,936 [INFO] command: tesseract -l rus+eng /tmp/tmpf6z4z_5t.png stdout tsv
2026-06-15 16:44:11,786 [INFO] command: tesseract --psm 0 -l osd /tmp/tmpvk7ea4uv.png stdout
2026-06-15 16:44:11,786 [INFO] command: tesseract --psm 0 -l osd /tmp/tmpvk7ea4uv.png stdout
2026-06-15 16:44:12,837 [INFO] command: tesseract -l rus+eng /tmp/tmpvk7ea4uv.png stdout tsv
2026-06-15 16:44:12,837 [INFO] command: tesseract -l rus+eng /tmp/tmpvk7ea4uv.png stdout tsv
2026-06-15 16:44:13,418 [INFO] command: tesseract --psm 0 -l osd /tmp/tmptv1bzlu0.png stdout
2026-06-15 16:44:13,418 [INFO] command: tesseract --psm 0 -l osd /tmp/tmptv1bzlu0.png stdout
2026-06-15 16:44:14,350 [INFO] command: tesseract -l rus+eng /tmp/tmptv1bzlu0.png stdout tsv
2026-06-15 16:44:14,350 [INFO] command: tesseract -l rus+eng /tmp/tmptv1bzlu0.png stdout tsv
2026-06-15 16:44:16,348 [INFO] command: tesseract --psm 0 -l osd /tmp/tmp5tlf_x0k.png stdout
2026-06-15 16:44:16,348 [INFO] command: tesseract --psm 0 -l osd /tmp/tmp5tlf_x0k.png stdout
2026-06-15 16:44:17,285 [INFO] command: tesseract -l rus+eng /tmp/tmp5tlf_x0k.png stdout tsv
2026-06-15 16:44:17,285 [INFO] command: tesseract -l rus+eng /tmp/tmp5tlf_x0k.png stdout tsv
2026-06-15 16:44:17,738 [INFO] Finished converting document 00 2013 Отчет по ЭМС ПС Первомайка (Изм.1).pdf in 176.31 sec.
2026-06-15 16:44:17,738 [INFO] Finished converting document 00 2013 Отчет по ЭМС ПС Первомайка (Изм.1).pdf in 176.31 sec.
☁️ Complex elements (tables/figures) detected on pages: [1, 3, 5, 6, 7, 8, 9, 11, 12, 13, 14, 16, 18, 20, 21, 22, 23, 24, 25, 26, 27, 28, 29, 30, 31, 32, 33, 34, 35, 36, 37, 38, 39, 40, 41, 42, 43, 44, 45, 46, 47, 48, 49, 50, 51, 52, 53]
2026-06-15 16:44:20,469 [INFO] Finished converting document 00 2013 Отчет по ЭМС ПС Первомайка (Изм.1).pdf in 176.66 sec.
2026-06-15 16:44:20,469 [INFO] Finished converting document 00 2013 Отчет по ЭМС ПС Первомайка (Изм.1).pdf in 176.66 sec.
☁️ Complex elements (tables/figures) detected on pages: [1, 3, 5, 6, 7, 8, 9, 11, 12, 13, 14, 16, 18, 20, 21, 22, 23, 24, 25, 26, 27, 28, 29, 30, 31, 32, 33, 34, 35, 36, 37, 38, 39, 40, 41, 42, 43, 44, 45, 46, 47, 48, 49, 50, 51, 52, 53]
Page 1: Complex figure processed via Gemini Vision.
Page 3: Complex figure processed via Gemini Vision.
Page 1: Complex figure processed via Gemini Vision.
Page 3: Complex figure processed via Gemini Vision.
Page 5: Complex figure processed via Gemini Vision.
Page 5: Complex figure processed via Gemini Vision.
Page 6: Complex figure processed via Gemini Vision.
Page 6: Complex figure processed via Gemini Vision.
Page 7: Complex figure processed via Gemini Vision.
Page 8: Complex figure processed via Gemini Vision.
Page 7: Complex figure processed via Gemini Vision.
Page 8: Complex figure processed via Gemini Vision.
Page 9: Complex figure processed via Gemini Vision.
Page 11: Complex figure processed via Gemini Vision.
Page 9: Complex figure processed via Gemini Vision.
Page 12: Complex figure processed via Gemini Vision.
Page 11: Complex figure processed via Gemini Vision.
Page 13: Complex figure processed via Gemini Vision.
Page 12: Complex figure processed via Gemini Vision.
Page 13: Complex figure processed via Gemini Vision.
Page 14: Complex figure processed via Gemini Vision.
Page 14: Complex figure processed via Gemini Vision.
Page 16: Complex figure processed via Gemini Vision.
Page 16: Complex figure processed via Gemini Vision.
Page 18: Complex figure processed via Gemini Vision.
Page 18: Complex figure processed via Gemini Vision.
Page 20: Complex figure processed via Gemini Vision.
Page 20: Complex figure processed via Gemini Vision.
Page 21: Complex figure processed via Gemini Vision.
Page 21: Complex figure processed via Gemini Vision.
Page 22: Complex figure processed via Gemini Vision.
Page 23: Complex figure processed via Gemini Vision.
Page 22: Complex figure processed via Gemini Vision.
Page 24: Complex figure processed via Gemini Vision.
Page 23: Complex figure processed via Gemini Vision.
Page 24: Complex figure processed via Gemini Vision.
Page 25: Complex figure processed via Gemini Vision.
Page 25: Complex figure processed via Gemini Vision.
Page 26: Complex figure processed via Gemini Vision.
Page 26: Complex figure processed via Gemini Vision.
Page 27: Complex figure processed via Gemini Vision.
Page 27: Complex figure processed via Gemini Vision.
Page 28: Complex figure processed via Gemini Vision.
Page 28: Complex figure processed via Gemini Vision.
Page 29: Complex figure processed via Gemini Vision.
Page 29: Complex figure processed via Gemini Vision.
Page 30: Complex figure processed via Gemini Vision.
Page 30: Complex figure processed via Gemini Vision.
Page 31: Complex figure processed via Gemini Vision.
Page 31: Complex figure processed via Gemini Vision.
Page 32: Complex figure processed via Gemini Vision.
Page 32: Complex figure processed via Gemini Vision.
Page 33: Complex figure processed via Gemini Vision.
Page 33: Complex figure processed via Gemini Vision.
Page 34: Complex figure processed via Gemini Vision.
Page 34: Complex figure processed via Gemini Vision.
Page 35: Complex figure processed via Gemini Vision.
Page 35: Complex figure processed via Gemini Vision.
Page 36: Complex figure processed via Gemini Vision.
/home/mint/smart-db/core/text_processor.py:17: FutureWarning: 

All support for the `google.generativeai` package has ended. It will no longer be receiving 
updates or bug fixes. Please switch to the `google.genai` package as soon as possible.
See README for more details:

https://github.com/google-gemini/deprecated-generative-ai-python/blob/main/README.md

  import google.generativeai as genai
2026-06-16 13:05:20,284 [INFO] Started ingestion daemon. Monitoring /home/mint/smart-db/INPUT
Initializing Docling DocumentConverter with Russian OCR...
Docling ready.
2026-06-16 13:05:20,284 [INFO] Started ingestion daemon. Monitoring /home/mint/smart-db/INPUT
2026-06-16 13:05:20,284 [INFO] Ingesting 00 2013 Отчет по ЭМС ПС Первомайка (Изм.1).pdf via OCR...
2026-06-16 13:05:20,284 [INFO] Ingesting 00 2013 Отчет по ЭМС ПС Первомайка (Изм.1).pdf via OCR...
2026-06-16 13:05:20,307 [INFO] detected formats: [<InputFormat.PDF: 'pdf'>]
Processing 00 2013 Отчет по ЭМС ПС Первомайка (Изм.1).pdf with Docling...
2026-06-16 13:05:20,307 [INFO] detected formats: [<InputFormat.PDF: 'pdf'>]
2026-06-16 13:05:20,365 [INFO] Going to convert document batch...
2026-06-16 13:05:20,365 [INFO] Going to convert document batch...
2026-06-16 13:05:20,365 [INFO] Initializing pipeline for StandardPdfPipeline with options hash 0be8f8cc83886825b392a99e0fdb6525
2026-06-16 13:05:20,365 [INFO] Initializing pipeline for StandardPdfPipeline with options hash 0be8f8cc83886825b392a99e0fdb6525
2026-06-16 13:05:20,369 [INFO] Loading plugin 'docling_defaults'
2026-06-16 13:05:20,369 [INFO] Loading plugin 'docling_defaults'
2026-06-16 13:05:20,371 [INFO] Registered picture descriptions: ['picture_description_vlm_engine', 'vlm', 'api']
2026-06-16 13:05:20,371 [INFO] Registered picture descriptions: ['picture_description_vlm_engine', 'vlm', 'api']
2026-06-16 13:05:20,375 [INFO] Loading plugin 'docling_defaults'
2026-06-16 13:05:20,375 [INFO] Loading plugin 'docling_defaults'
2026-06-16 13:05:20,383 [INFO] Registered ocr engines: ['auto', 'easyocr', 'kserve_v2_ocr', 'ocrmac', 'rapidocr', 'tesserocr', 'tesseract']
2026-06-16 13:05:20,383 [INFO] Registered ocr engines: ['auto', 'easyocr', 'kserve_v2_ocr', 'ocrmac', 'rapidocr', 'tesserocr', 'tesseract']
2026-06-16 13:05:20,433 [INFO] command: tesseract --list-langs
2026-06-16 13:05:20,433 [INFO] command: tesseract --list-langs
2026-06-16 13:05:20,461 [INFO] Loading plugin 'docling_defaults'
2026-06-16 13:05:20,461 [INFO] Loading plugin 'docling_defaults'
2026-06-16 13:05:20,464 [INFO] Registered layout engines: ['layout_object_detection', 'docling_layout_default', 'docling_experimental_table_crops_layout']
2026-06-16 13:05:20,464 [INFO] Registered layout engines: ['layout_object_detection', 'docling_layout_default', 'docling_experimental_table_crops_layout']
2026-06-16 13:05:21,416 [INFO] Accelerator device: 'cuda:0'
2026-06-16 13:05:21,416 [INFO] Accelerator device: 'cuda:0'
2026-06-16 13:05:21,851 [INFO] HTTP Request: GET https://huggingface.co/api/models/docling-project/docling-layout-heron/revision/main "HTTP/1.1 200 OK"
2026-06-16 13:05:21,851 [INFO] HTTP Request: GET https://huggingface.co/api/models/docling-project/docling-layout-heron/revision/main "HTTP/1.1 200 OK"
Loading weights:   0%|          | 0/770 [00:00<?, ?it/s]Loading weights:  24%|██▍       | 185/770 [00:00<00:00, 1843.93it/s]Loading weights:  48%|████▊     | 370/770 [00:00<00:00, 1058.60it/s]Loading weights:  75%|███████▌  | 579/770 [00:00<00:00, 1391.87it/s]Loading weights:  97%|█████████▋| 750/770 [00:00<00:00, 1491.24it/s]Loading weights: 100%|██████████| 770/770 [00:00<00:00, 1423.33it/s]
2026-06-16 13:05:22,850 [INFO] Loading plugin 'docling_defaults'
2026-06-16 13:05:22,850 [INFO] Loading plugin 'docling_defaults'
2026-06-16 13:05:22,854 [INFO] Registered table structure engines: ['docling_tableformer', 'docling_tableformer_v2', 'granite_vision_table']
2026-06-16 13:05:22,854 [INFO] Registered table structure engines: ['docling_tableformer', 'docling_tableformer_v2', 'granite_vision_table']
2026-06-16 13:05:23,080 [INFO] HTTP Request: GET https://huggingface.co/api/models/docling-project/docling-models/revision/v2.3.0 "HTTP/1.1 200 OK"
2026-06-16 13:05:23,080 [INFO] HTTP Request: GET https://huggingface.co/api/models/docling-project/docling-models/revision/v2.3.0 "HTTP/1.1 200 OK"
2026-06-16 13:05:23,232 [INFO] Accelerator device: 'cuda:0'
2026-06-16 13:05:23,232 [INFO] Accelerator device: 'cuda:0'
2026-06-16 13:05:23,727 [INFO] Processing document 00 2013 Отчет по ЭМС ПС Первомайка (Изм.1).pdf
2026-06-16 13:05:23,727 [INFO] Processing document 00 2013 Отчет по ЭМС ПС Первомайка (Изм.1).pdf
2026-06-16 13:05:25,249 [INFO] command: tesseract --psm 0 -l osd /tmp/tmpfu0hagge.png stdout
2026-06-16 13:05:25,249 [INFO] command: tesseract --psm 0 -l osd /tmp/tmpfu0hagge.png stdout
2026-06-16 13:05:26,025 [INFO] command: tesseract -l rus+eng /tmp/tmpfu0hagge.png stdout tsv
2026-06-16 13:05:26,025 [INFO] command: tesseract -l rus+eng /tmp/tmpfu0hagge.png stdout tsv
2026-06-16 13:05:28,535 [INFO] command: tesseract --psm 0 -l osd /tmp/tmpzw_zm5e7.png stdout
2026-06-16 13:05:28,535 [INFO] command: tesseract --psm 0 -l osd /tmp/tmpzw_zm5e7.png stdout
2026-06-16 13:05:29,346 [INFO] command: tesseract -l rus+eng /tmp/tmpzw_zm5e7.png stdout tsv
2026-06-16 13:05:29,346 [INFO] command: tesseract -l rus+eng /tmp/tmpzw_zm5e7.png stdout tsv
2026-06-16 13:05:33,321 [INFO] command: tesseract --psm 0 -l osd /tmp/tmpmz49pueo.png stdout
2026-06-16 13:05:33,321 [INFO] command: tesseract --psm 0 -l osd /tmp/tmpmz49pueo.png stdout
2026-06-16 13:05:34,080 [INFO] command: tesseract -l rus+eng /tmp/tmpmz49pueo.png stdout tsv
2026-06-16 13:05:34,080 [INFO] command: tesseract -l rus+eng /tmp/tmpmz49pueo.png stdout tsv
2026-06-16 13:05:35,525 [INFO] command: tesseract --psm 0 -l osd /tmp/tmpq4dh0fqt.png stdout
2026-06-16 13:05:35,525 [INFO] command: tesseract --psm 0 -l osd /tmp/tmpq4dh0fqt.png stdout
2026-06-16 13:05:36,386 [INFO] command: tesseract -l rus+eng /tmp/tmpq4dh0fqt.png stdout tsv
2026-06-16 13:05:36,386 [INFO] command: tesseract -l rus+eng /tmp/tmpq4dh0fqt.png stdout tsv
2026-06-16 13:05:40,269 [INFO] command: tesseract --psm 0 -l osd /tmp/tmp2gkpy_eo.png stdout
2026-06-16 13:05:40,269 [INFO] command: tesseract --psm 0 -l osd /tmp/tmp2gkpy_eo.png stdout
2026-06-16 13:05:41,101 [INFO] command: tesseract -l rus+eng /tmp/tmp2gkpy_eo.png stdout tsv
2026-06-16 13:05:41,101 [INFO] command: tesseract -l rus+eng /tmp/tmp2gkpy_eo.png stdout tsv
2026-06-16 13:05:44,419 [INFO] command: tesseract --psm 0 -l osd /tmp/tmpbkxb0iad.png stdout
2026-06-16 13:05:44,419 [INFO] command: tesseract --psm 0 -l osd /tmp/tmpbkxb0iad.png stdout
2026-06-16 13:05:45,305 [INFO] command: tesseract -l rus+eng /tmp/tmpbkxb0iad.png stdout tsv
2026-06-16 13:05:45,305 [INFO] command: tesseract -l rus+eng /tmp/tmpbkxb0iad.png stdout tsv
2026-06-16 13:05:49,633 [INFO] command: tesseract --psm 0 -l osd /tmp/tmp_21t09w7.png stdout
2026-06-16 13:05:49,633 [INFO] command: tesseract --psm 0 -l osd /tmp/tmp_21t09w7.png stdout
2026-06-16 13:05:50,457 [INFO] command: tesseract -l rus+eng /tmp/tmp_21t09w7.png stdout tsv
2026-06-16 13:05:50,457 [INFO] command: tesseract -l rus+eng /tmp/tmp_21t09w7.png stdout tsv
2026-06-16 13:05:53,177 [INFO] command: tesseract --psm 0 -l osd /tmp/tmp29jfb91w.png stdout
2026-06-16 13:05:53,177 [INFO] command: tesseract --psm 0 -l osd /tmp/tmp29jfb91w.png stdout
2026-06-16 13:05:53,970 [INFO] command: tesseract -l rus+eng /tmp/tmp29jfb91w.png stdout tsv
2026-06-16 13:05:53,970 [INFO] command: tesseract -l rus+eng /tmp/tmp29jfb91w.png stdout tsv
2026-06-16 13:05:56,748 [INFO] command: tesseract --psm 0 -l osd /tmp/tmpfm6oxnic.png stdout
2026-06-16 13:05:56,748 [INFO] command: tesseract --psm 0 -l osd /tmp/tmpfm6oxnic.png stdout
2026-06-16 13:05:57,557 [INFO] command: tesseract -l rus+eng /tmp/tmpfm6oxnic.png stdout tsv
2026-06-16 13:05:57,557 [INFO] command: tesseract -l rus+eng /tmp/tmpfm6oxnic.png stdout tsv
/home/mint/smart-db/core/text_processor.py:17: FutureWarning: 

All support for the `google.generativeai` package has ended. It will no longer be receiving 
updates or bug fixes. Please switch to the `google.genai` package as soon as possible.
See README for more details:

https://github.com/google-gemini/deprecated-generative-ai-python/blob/main/README.md

  import google.generativeai as genai
2026-06-16 13:06:00,353 [INFO] command: tesseract --psm 0 -l osd /tmp/tmp6496xbzw.png stdout
2026-06-16 13:06:00,353 [INFO] command: tesseract --psm 0 -l osd /tmp/tmp6496xbzw.png stdout
2026-06-16 13:06:01,155 [INFO] command: tesseract -l rus+eng /tmp/tmp6496xbzw.png stdout tsv
2026-06-16 13:06:01,155 [INFO] command: tesseract -l rus+eng /tmp/tmp6496xbzw.png stdout tsv
2026-06-16 13:06:03,131 [INFO] Started ingestion daemon. Monitoring /home/mint/smart-db/INPUT
Initializing Docling DocumentConverter with Russian OCR...
Docling ready.
2026-06-16 13:06:03,131 [INFO] Started ingestion daemon. Monitoring /home/mint/smart-db/INPUT
2026-06-16 13:06:03,131 [INFO] Ingesting 00 2013 Отчет по ЭМС ПС Первомайка (Изм.1).pdf via OCR...
2026-06-16 13:06:03,131 [INFO] Ingesting 00 2013 Отчет по ЭМС ПС Первомайка (Изм.1).pdf via OCR...
2026-06-16 13:06:03,139 [INFO] detected formats: [<InputFormat.PDF: 'pdf'>]
Processing 00 2013 Отчет по ЭМС ПС Первомайка (Изм.1).pdf with Docling...
2026-06-16 13:06:03,139 [INFO] detected formats: [<InputFormat.PDF: 'pdf'>]
2026-06-16 13:06:03,165 [INFO] Going to convert document batch...
2026-06-16 13:06:03,165 [INFO] Going to convert document batch...
2026-06-16 13:06:03,165 [INFO] Initializing pipeline for StandardPdfPipeline with options hash 0be8f8cc83886825b392a99e0fdb6525
2026-06-16 13:06:03,165 [INFO] Initializing pipeline for StandardPdfPipeline with options hash 0be8f8cc83886825b392a99e0fdb6525
2026-06-16 13:06:03,169 [INFO] Loading plugin 'docling_defaults'
2026-06-16 13:06:03,169 [INFO] Loading plugin 'docling_defaults'
2026-06-16 13:06:03,170 [INFO] Registered picture descriptions: ['picture_description_vlm_engine', 'vlm', 'api']
2026-06-16 13:06:03,170 [INFO] Registered picture descriptions: ['picture_description_vlm_engine', 'vlm', 'api']
2026-06-16 13:06:03,174 [INFO] Loading plugin 'docling_defaults'
2026-06-16 13:06:03,174 [INFO] Loading plugin 'docling_defaults'
2026-06-16 13:06:03,180 [INFO] Registered ocr engines: ['auto', 'easyocr', 'kserve_v2_ocr', 'ocrmac', 'rapidocr', 'tesserocr', 'tesseract']
2026-06-16 13:06:03,180 [INFO] Registered ocr engines: ['auto', 'easyocr', 'kserve_v2_ocr', 'ocrmac', 'rapidocr', 'tesserocr', 'tesseract']
2026-06-16 13:06:03,216 [INFO] command: tesseract --list-langs
2026-06-16 13:06:03,216 [INFO] command: tesseract --list-langs
2026-06-16 13:06:03,233 [INFO] Loading plugin 'docling_defaults'
2026-06-16 13:06:03,233 [INFO] Loading plugin 'docling_defaults'
2026-06-16 13:06:03,236 [INFO] Registered layout engines: ['layout_object_detection', 'docling_layout_default', 'docling_experimental_table_crops_layout']
2026-06-16 13:06:03,236 [INFO] Registered layout engines: ['layout_object_detection', 'docling_layout_default', 'docling_experimental_table_crops_layout']
2026-06-16 13:06:03,257 [INFO] Accelerator device: 'cuda:0'
2026-06-16 13:06:03,257 [INFO] Accelerator device: 'cuda:0'
2026-06-16 13:06:03,660 [INFO] HTTP Request: GET https://huggingface.co/api/models/docling-project/docling-layout-heron/revision/main "HTTP/1.1 200 OK"
2026-06-16 13:06:03,660 [INFO] HTTP Request: GET https://huggingface.co/api/models/docling-project/docling-layout-heron/revision/main "HTTP/1.1 200 OK"
Loading weights:   0%|          | 0/770 [00:00<?, ?it/s]Loading weights: 100%|██████████| 770/770 [00:00<00:00, 9106.64it/s]
2026-06-16 13:06:04,027 [INFO] Loading plugin 'docling_defaults'
2026-06-16 13:06:04,027 [INFO] Loading plugin 'docling_defaults'
2026-06-16 13:06:04,029 [INFO] Registered table structure engines: ['docling_tableformer', 'docling_tableformer_v2', 'granite_vision_table']
2026-06-16 13:06:04,029 [INFO] Registered table structure engines: ['docling_tableformer', 'docling_tableformer_v2', 'granite_vision_table']
2026-06-16 13:06:04,239 [INFO] HTTP Request: GET https://huggingface.co/api/models/docling-project/docling-models/revision/v2.3.0 "HTTP/1.1 200 OK"
2026-06-16 13:06:04,239 [INFO] HTTP Request: GET https://huggingface.co/api/models/docling-project/docling-models/revision/v2.3.0 "HTTP/1.1 200 OK"
2026-06-16 13:06:04,276 [INFO] Accelerator device: 'cuda:0'
2026-06-16 13:06:04,276 [INFO] Accelerator device: 'cuda:0'
2026-06-16 13:06:04,590 [INFO] Processing document 00 2013 Отчет по ЭМС ПС Первомайка (Изм.1).pdf
2026-06-16 13:06:04,590 [INFO] Processing document 00 2013 Отчет по ЭМС ПС Первомайка (Изм.1).pdf
2026-06-16 13:06:04,946 [INFO] command: tesseract --psm 0 -l osd /tmp/tmp6_o_y63m.png stdout
2026-06-16 13:06:04,946 [INFO] command: tesseract --psm 0 -l osd /tmp/tmp6_o_y63m.png stdout
2026-06-16 13:06:05,732 [INFO] command: tesseract -l rus+eng /tmp/tmp6_o_y63m.png stdout tsv
2026-06-16 13:06:05,732 [INFO] command: tesseract -l rus+eng /tmp/tmp6_o_y63m.png stdout tsv
2026-06-16 13:06:05,981 [INFO] command: tesseract --psm 0 -l osd /tmp/tmppruwcxr7.png stdout
2026-06-16 13:06:05,981 [INFO] command: tesseract --psm 0 -l osd /tmp/tmppruwcxr7.png stdout
2026-06-16 13:06:06,775 [INFO] command: tesseract -l rus+eng /tmp/tmppruwcxr7.png stdout tsv
2026-06-16 13:06:06,775 [INFO] command: tesseract -l rus+eng /tmp/tmppruwcxr7.png stdout tsv
2026-06-16 13:06:08,441 [INFO] command: tesseract --psm 0 -l osd /tmp/tmpw1pd7xk9.png stdout
2026-06-16 13:06:08,441 [INFO] command: tesseract --psm 0 -l osd /tmp/tmpw1pd7xk9.png stdout
2026-06-16 13:06:09,194 [INFO] command: tesseract -l rus+eng /tmp/tmpw1pd7xk9.png stdout tsv
2026-06-16 13:06:09,194 [INFO] command: tesseract -l rus+eng /tmp/tmpw1pd7xk9.png stdout tsv
2026-06-16 13:06:09,415 [INFO] command: tesseract --psm 0 -l osd /tmp/tmpq6ph6hjk.png stdout
2026-06-16 13:06:09,415 [INFO] command: tesseract --psm 0 -l osd /tmp/tmpq6ph6hjk.png stdout
2026-06-16 13:06:10,206 [INFO] command: tesseract -l rus+eng /tmp/tmpq6ph6hjk.png stdout tsv
2026-06-16 13:06:10,206 [INFO] command: tesseract -l rus+eng /tmp/tmpq6ph6hjk.png stdout tsv
2026-06-16 13:06:12,848 [INFO] command: tesseract --psm 0 -l osd /tmp/tmpiw2mcdq2.png stdout
2026-06-16 13:06:12,848 [INFO] command: tesseract --psm 0 -l osd /tmp/tmpiw2mcdq2.png stdout
2026-06-16 13:06:13,567 [INFO] command: tesseract -l rus+eng /tmp/tmpiw2mcdq2.png stdout tsv
2026-06-16 13:06:13,567 [INFO] command: tesseract -l rus+eng /tmp/tmpiw2mcdq2.png stdout tsv
2026-06-16 13:06:14,177 [INFO] command: tesseract --psm 0 -l osd /tmp/tmp2hjb4n3e.png stdout
2026-06-16 13:06:14,177 [INFO] command: tesseract --psm 0 -l osd /tmp/tmp2hjb4n3e.png stdout
2026-06-16 13:06:14,940 [INFO] command: tesseract -l rus+eng /tmp/tmp2hjb4n3e.png stdout tsv
2026-06-16 13:06:14,940 [INFO] command: tesseract -l rus+eng /tmp/tmp2hjb4n3e.png stdout tsv
2026-06-16 13:06:16,839 [INFO] command: tesseract --psm 0 -l osd /tmp/tmpznevjerx.png stdout
2026-06-16 13:06:16,839 [INFO] command: tesseract --psm 0 -l osd /tmp/tmpznevjerx.png stdout
2026-06-16 13:06:17,346 [INFO] command: tesseract --psm 0 -l osd /tmp/tmp_41i38_l.png stdout
2026-06-16 13:06:17,346 [INFO] command: tesseract --psm 0 -l osd /tmp/tmp_41i38_l.png stdout
2026-06-16 13:06:17,677 [INFO] command: tesseract -l rus+eng /tmp/tmpznevjerx.png stdout tsv
2026-06-16 13:06:17,677 [INFO] command: tesseract -l rus+eng /tmp/tmpznevjerx.png stdout tsv
2026-06-16 13:06:18,079 [INFO] command: tesseract -l rus+eng /tmp/tmp_41i38_l.png stdout tsv
2026-06-16 13:06:18,079 [INFO] command: tesseract -l rus+eng /tmp/tmp_41i38_l.png stdout tsv
2026-06-16 13:06:21,355 [INFO] command: tesseract --psm 0 -l osd /tmp/tmpyu_pq59e.png stdout
2026-06-16 13:06:21,355 [INFO] command: tesseract --psm 0 -l osd /tmp/tmpyu_pq59e.png stdout
2026-06-16 13:06:21,671 [INFO] command: tesseract --psm 0 -l osd /tmp/tmprwfvedwv.png stdout
2026-06-16 13:06:21,671 [INFO] command: tesseract --psm 0 -l osd /tmp/tmprwfvedwv.png stdout
2026-06-16 13:06:22,036 [INFO] command: tesseract -l rus+eng /tmp/tmpyu_pq59e.png stdout tsv
2026-06-16 13:06:22,036 [INFO] command: tesseract -l rus+eng /tmp/tmpyu_pq59e.png stdout tsv
2026-06-16 13:06:22,489 [INFO] command: tesseract -l rus+eng /tmp/tmprwfvedwv.png stdout tsv
2026-06-16 13:06:22,489 [INFO] command: tesseract -l rus+eng /tmp/tmprwfvedwv.png stdout tsv
2026-06-16 13:06:23,961 [INFO] command: tesseract --psm 0 -l osd /tmp/tmp8yjahtj1.png stdout
2026-06-16 13:06:23,961 [INFO] command: tesseract --psm 0 -l osd /tmp/tmp8yjahtj1.png stdout
2026-06-16 13:06:24,670 [INFO] command: tesseract -l rus+eng /tmp/tmp8yjahtj1.png stdout tsv
2026-06-16 13:06:24,670 [INFO] command: tesseract -l rus+eng /tmp/tmp8yjahtj1.png stdout tsv
2026-06-16 13:06:25,745 [INFO] command: tesseract --psm 0 -l osd /tmp/tmp9g9nb5uu.png stdout
2026-06-16 13:06:25,745 [INFO] command: tesseract --psm 0 -l osd /tmp/tmp9g9nb5uu.png stdout
2026-06-16 13:06:26,625 [INFO] command: tesseract -l rus+eng /tmp/tmp9g9nb5uu.png stdout tsv
2026-06-16 13:06:26,625 [INFO] command: tesseract -l rus+eng /tmp/tmp9g9nb5uu.png stdout tsv
2026-06-16 13:06:27,932 [INFO] command: tesseract --psm 0 -l osd /tmp/tmp3xi0mqut.png stdout
2026-06-16 13:06:27,932 [INFO] command: tesseract --psm 0 -l osd /tmp/tmp3xi0mqut.png stdout
2026-06-16 13:06:28,721 [INFO] command: tesseract -l rus+eng /tmp/tmp3xi0mqut.png stdout tsv
2026-06-16 13:06:28,721 [INFO] command: tesseract -l rus+eng /tmp/tmp3xi0mqut.png stdout tsv
2026-06-16 13:06:30,989 [INFO] command: tesseract --psm 0 -l osd /tmp/tmpqcrkx4hq.png stdout
2026-06-16 13:06:30,989 [INFO] command: tesseract --psm 0 -l osd /tmp/tmpqcrkx4hq.png stdout
2026-06-16 13:06:31,247 [INFO] command: tesseract --psm 0 -l osd /tmp/tmprkrj1l4j.png stdout
2026-06-16 13:06:31,247 [INFO] command: tesseract --psm 0 -l osd /tmp/tmprkrj1l4j.png stdout
2026-06-16 13:06:31,914 [INFO] command: tesseract -l rus+eng /tmp/tmpqcrkx4hq.png stdout tsv
2026-06-16 13:06:31,914 [INFO] command: tesseract -l rus+eng /tmp/tmpqcrkx4hq.png stdout tsv
2026-06-16 13:06:32,003 [INFO] command: tesseract -l rus+eng /tmp/tmprkrj1l4j.png stdout tsv
2026-06-16 13:06:32,003 [INFO] command: tesseract -l rus+eng /tmp/tmprkrj1l4j.png stdout tsv
2026-06-16 13:06:35,091 [INFO] command: tesseract --psm 0 -l osd /tmp/tmpvmputm2s.png stdout
2026-06-16 13:06:35,091 [INFO] command: tesseract --psm 0 -l osd /tmp/tmpvmputm2s.png stdout
2026-06-16 13:06:35,120 [INFO] command: tesseract --psm 0 -l osd /tmp/tmp0xha8vui.png stdout
2026-06-16 13:06:35,120 [INFO] command: tesseract --psm 0 -l osd /tmp/tmp0xha8vui.png stdout
2026-06-16 13:06:35,884 [INFO] command: tesseract -l rus+eng /tmp/tmp0xha8vui.png stdout tsv
2026-06-16 13:06:35,884 [INFO] command: tesseract -l rus+eng /tmp/tmp0xha8vui.png stdout tsv
2026-06-16 13:06:35,981 [INFO] command: tesseract -l rus+eng /tmp/tmpvmputm2s.png stdout tsv
2026-06-16 13:06:35,981 [INFO] command: tesseract -l rus+eng /tmp/tmpvmputm2s.png stdout tsv
2026-06-16 13:06:38,953 [INFO] command: tesseract --psm 0 -l osd /tmp/tmpx4hhrvvb.png stdout
2026-06-16 13:06:38,953 [INFO] command: tesseract --psm 0 -l osd /tmp/tmpx4hhrvvb.png stdout
2026-06-16 13:06:39,000 [INFO] command: tesseract --psm 0 -l osd /tmp/tmpf086lmd2.png stdout
2026-06-16 13:06:39,000 [INFO] command: tesseract --psm 0 -l osd /tmp/tmpf086lmd2.png stdout
2026-06-16 13:06:39,746 [INFO] command: tesseract -l rus+eng /tmp/tmpx4hhrvvb.png stdout tsv
2026-06-16 13:06:39,746 [INFO] command: tesseract -l rus+eng /tmp/tmpx4hhrvvb.png stdout tsv
2026-06-16 13:06:39,780 [INFO] command: tesseract -l rus+eng /tmp/tmpf086lmd2.png stdout tsv
2026-06-16 13:06:39,780 [INFO] command: tesseract -l rus+eng /tmp/tmpf086lmd2.png stdout tsv
2026-06-16 13:06:42,708 [INFO] command: tesseract --psm 0 -l osd /tmp/tmpfzerdr_i.png stdout
2026-06-16 13:06:42,708 [INFO] command: tesseract --psm 0 -l osd /tmp/tmpfzerdr_i.png stdout
2026-06-16 13:06:43,543 [INFO] command: tesseract -l rus+eng /tmp/tmpfzerdr_i.png stdout tsv
2026-06-16 13:06:43,543 [INFO] command: tesseract -l rus+eng /tmp/tmpfzerdr_i.png stdout tsv
2026-06-16 13:06:43,881 [INFO] command: tesseract --psm 0 -l osd /tmp/tmpczu2dw2w.png stdout
2026-06-16 13:06:43,881 [INFO] command: tesseract --psm 0 -l osd /tmp/tmpczu2dw2w.png stdout
2026-06-16 13:06:44,623 [INFO] command: tesseract -l rus+eng /tmp/tmpczu2dw2w.png stdout tsv
2026-06-16 13:06:44,623 [INFO] command: tesseract -l rus+eng /tmp/tmpczu2dw2w.png stdout tsv
2026-06-16 13:06:47,265 [INFO] command: tesseract --psm 0 -l osd /tmp/tmp3e5_rxo1.png stdout
2026-06-16 13:06:47,265 [INFO] command: tesseract --psm 0 -l osd /tmp/tmp3e5_rxo1.png stdout
2026-06-16 13:06:48,057 [INFO] command: tesseract -l rus+eng /tmp/tmp3e5_rxo1.png stdout tsv
2026-06-16 13:06:48,057 [INFO] command: tesseract -l rus+eng /tmp/tmp3e5_rxo1.png stdout tsv
2026-06-16 13:06:48,605 [INFO] command: tesseract --psm 0 -l osd /tmp/tmptc7bylyi.png stdout
2026-06-16 13:06:48,605 [INFO] command: tesseract --psm 0 -l osd /tmp/tmptc7bylyi.png stdout
2026-06-16 13:06:49,375 [INFO] command: tesseract -l rus+eng /tmp/tmptc7bylyi.png stdout tsv
2026-06-16 13:06:49,375 [INFO] command: tesseract -l rus+eng /tmp/tmptc7bylyi.png stdout tsv
2026-06-16 13:06:50,675 [INFO] command: tesseract --psm 0 -l osd /tmp/tmpz07wkmis.png stdout
2026-06-16 13:06:50,675 [INFO] command: tesseract --psm 0 -l osd /tmp/tmpz07wkmis.png stdout
2026-06-16 13:06:51,389 [INFO] command: tesseract -l rus+eng /tmp/tmpz07wkmis.png stdout tsv
2026-06-16 13:06:51,389 [INFO] command: tesseract -l rus+eng /tmp/tmpz07wkmis.png stdout tsv
2026-06-16 13:06:53,304 [INFO] command: tesseract --psm 0 -l osd /tmp/tmpix4uyyrh.png stdout
2026-06-16 13:06:53,304 [INFO] command: tesseract --psm 0 -l osd /tmp/tmpix4uyyrh.png stdout
2026-06-16 13:06:53,978 [INFO] command: tesseract -l rus+eng /tmp/tmpix4uyyrh.png stdout tsv
2026-06-16 13:06:53,978 [INFO] command: tesseract -l rus+eng /tmp/tmpix4uyyrh.png stdout tsv
2026-06-16 13:06:54,974 [INFO] command: tesseract --psm 0 -l osd /tmp/tmpjcq49dgd.png stdout
2026-06-16 13:06:54,974 [INFO] command: tesseract --psm 0 -l osd /tmp/tmpjcq49dgd.png stdout
2026-06-16 13:06:55,675 [INFO] command: tesseract -l rus+eng /tmp/tmpjcq49dgd.png stdout tsv
2026-06-16 13:06:55,675 [INFO] command: tesseract -l rus+eng /tmp/tmpjcq49dgd.png stdout tsv
2026-06-16 13:06:56,135 [INFO] command: tesseract --psm 0 -l osd /tmp/tmp62a54v6f.png stdout
2026-06-16 13:06:56,135 [INFO] command: tesseract --psm 0 -l osd /tmp/tmp62a54v6f.png stdout
2026-06-16 13:06:56,819 [INFO] command: tesseract -l rus+eng /tmp/tmp62a54v6f.png stdout tsv
2026-06-16 13:06:56,819 [INFO] command: tesseract -l rus+eng /tmp/tmp62a54v6f.png stdout tsv
2026-06-16 13:06:59,076 [INFO] command: tesseract --psm 0 -l osd /tmp/tmpumcstsyp.png stdout
2026-06-16 13:06:59,076 [INFO] command: tesseract --psm 0 -l osd /tmp/tmpumcstsyp.png stdout
2026-06-16 13:06:59,514 [INFO] command: tesseract --psm 0 -l osd /tmp/tmphgwa0jta.png stdout
2026-06-16 13:06:59,514 [INFO] command: tesseract --psm 0 -l osd /tmp/tmphgwa0jta.png stdout
2026-06-16 13:06:59,782 [INFO] command: tesseract -l rus+eng /tmp/tmpumcstsyp.png stdout tsv
2026-06-16 13:06:59,782 [INFO] command: tesseract -l rus+eng /tmp/tmpumcstsyp.png stdout tsv
2026-06-16 13:07:00,236 [INFO] command: tesseract -l rus+eng /tmp/tmphgwa0jta.png stdout tsv
2026-06-16 13:07:00,236 [INFO] command: tesseract -l rus+eng /tmp/tmphgwa0jta.png stdout tsv
2026-06-16 13:07:03,070 [INFO] command: tesseract --psm 0 -l osd /tmp/tmp1k__qge4.png stdout
2026-06-16 13:07:03,070 [INFO] command: tesseract --psm 0 -l osd /tmp/tmp1k__qge4.png stdout
2026-06-16 13:07:03,480 [INFO] command: tesseract --psm 0 -l osd /tmp/tmpy0md1327.png stdout
2026-06-16 13:07:03,480 [INFO] command: tesseract --psm 0 -l osd /tmp/tmpy0md1327.png stdout
2026-06-16 13:07:03,790 [INFO] command: tesseract -l rus+eng /tmp/tmp1k__qge4.png stdout tsv
2026-06-16 13:07:03,790 [INFO] command: tesseract -l rus+eng /tmp/tmp1k__qge4.png stdout tsv
2026-06-16 13:07:04,159 [INFO] command: tesseract -l rus+eng /tmp/tmpy0md1327.png stdout tsv
2026-06-16 13:07:04,159 [INFO] command: tesseract -l rus+eng /tmp/tmpy0md1327.png stdout tsv
2026-06-16 13:07:06,005 [INFO] command: tesseract --psm 0 -l osd /tmp/tmpazh_fmfk.png stdout
2026-06-16 13:07:06,005 [INFO] command: tesseract --psm 0 -l osd /tmp/tmpazh_fmfk.png stdout
2026-06-16 13:07:06,099 [INFO] command: tesseract --psm 0 -l osd /tmp/tmp4slws6rb.png stdout
2026-06-16 13:07:06,099 [INFO] command: tesseract --psm 0 -l osd /tmp/tmp4slws6rb.png stdout
2026-06-16 13:07:06,689 [INFO] command: tesseract -l rus+eng /tmp/tmpazh_fmfk.png stdout tsv
2026-06-16 13:07:06,689 [INFO] command: tesseract -l rus+eng /tmp/tmpazh_fmfk.png stdout tsv
2026-06-16 13:07:06,804 [INFO] command: tesseract -l rus+eng /tmp/tmp4slws6rb.png stdout tsv
2026-06-16 13:07:06,804 [INFO] command: tesseract -l rus+eng /tmp/tmp4slws6rb.png stdout tsv
2026-06-16 13:07:08,006 [INFO] command: tesseract --psm 0 -l osd /tmp/tmpn9w3yzfx.png stdout
2026-06-16 13:07:08,006 [INFO] command: tesseract --psm 0 -l osd /tmp/tmpn9w3yzfx.png stdout
2026-06-16 13:07:08,764 [INFO] command: tesseract -l rus+eng /tmp/tmpn9w3yzfx.png stdout tsv
2026-06-16 13:07:08,764 [INFO] command: tesseract -l rus+eng /tmp/tmpn9w3yzfx.png stdout tsv
2026-06-16 13:07:09,981 [INFO] command: tesseract --psm 0 -l osd /tmp/tmp_v68ldgi.png stdout
2026-06-16 13:07:09,981 [INFO] command: tesseract --psm 0 -l osd /tmp/tmp_v68ldgi.png stdout
2026-06-16 13:07:10,483 [INFO] command: tesseract --psm 0 -l osd /tmp/tmpuzf447_9.png stdout
2026-06-16 13:07:10,483 [INFO] command: tesseract --psm 0 -l osd /tmp/tmpuzf447_9.png stdout
2026-06-16 13:07:10,657 [INFO] command: tesseract -l rus+eng /tmp/tmp_v68ldgi.png stdout tsv
2026-06-16 13:07:10,657 [INFO] command: tesseract -l rus+eng /tmp/tmp_v68ldgi.png stdout tsv
2026-06-16 13:07:11,164 [INFO] command: tesseract -l rus+eng /tmp/tmpuzf447_9.png stdout tsv
2026-06-16 13:07:11,164 [INFO] command: tesseract -l rus+eng /tmp/tmpuzf447_9.png stdout tsv
2026-06-16 13:07:13,064 [INFO] command: tesseract --psm 0 -l osd /tmp/tmpldjo6rxh.png stdout
2026-06-16 13:07:13,064 [INFO] command: tesseract --psm 0 -l osd /tmp/tmpldjo6rxh.png stdout
2026-06-16 13:07:13,766 [INFO] command: tesseract --psm 0 -l osd /tmp/tmp0bokb6_u.png stdout
2026-06-16 13:07:13,766 [INFO] command: tesseract --psm 0 -l osd /tmp/tmp0bokb6_u.png stdout
2026-06-16 13:07:13,778 [INFO] command: tesseract -l rus+eng /tmp/tmpldjo6rxh.png stdout tsv
2026-06-16 13:07:13,778 [INFO] command: tesseract -l rus+eng /tmp/tmpldjo6rxh.png stdout tsv
2026-06-16 13:07:14,510 [INFO] command: tesseract -l rus+eng /tmp/tmp0bokb6_u.png stdout tsv
2026-06-16 13:07:14,510 [INFO] command: tesseract -l rus+eng /tmp/tmp0bokb6_u.png stdout tsv
2026-06-16 13:07:16,668 [INFO] command: tesseract --psm 0 -l osd /tmp/tmppkt3xwu_.png stdout
2026-06-16 13:07:16,668 [INFO] command: tesseract --psm 0 -l osd /tmp/tmppkt3xwu_.png stdout
2026-06-16 13:07:17,166 [INFO] command: tesseract --psm 0 -l osd /tmp/tmptxtokk66.png stdout
2026-06-16 13:07:17,166 [INFO] command: tesseract --psm 0 -l osd /tmp/tmptxtokk66.png stdout
2026-06-16 13:07:17,379 [INFO] command: tesseract -l rus+eng /tmp/tmppkt3xwu_.png stdout tsv
2026-06-16 13:07:17,379 [INFO] command: tesseract -l rus+eng /tmp/tmppkt3xwu_.png stdout tsv
2026-06-16 13:07:17,871 [INFO] command: tesseract -l rus+eng /tmp/tmptxtokk66.png stdout tsv
2026-06-16 13:07:17,871 [INFO] command: tesseract -l rus+eng /tmp/tmptxtokk66.png stdout tsv
2026-06-16 13:07:20,413 [INFO] command: tesseract --psm 0 -l osd /tmp/tmptecl20lu.png stdout
2026-06-16 13:07:20,413 [INFO] command: tesseract --psm 0 -l osd /tmp/tmptecl20lu.png stdout
2026-06-16 13:07:20,698 [INFO] command: tesseract --psm 0 -l osd /tmp/tmpbdl74tve.png stdout
2026-06-16 13:07:20,698 [INFO] command: tesseract --psm 0 -l osd /tmp/tmpbdl74tve.png stdout
2026-06-16 13:07:21,162 [INFO] command: tesseract -l rus+eng /tmp/tmptecl20lu.png stdout tsv
2026-06-16 13:07:21,162 [INFO] command: tesseract -l rus+eng /tmp/tmptecl20lu.png stdout tsv
2026-06-16 13:07:21,476 [INFO] command: tesseract -l rus+eng /tmp/tmpbdl74tve.png stdout tsv
2026-06-16 13:07:21,476 [INFO] command: tesseract -l rus+eng /tmp/tmpbdl74tve.png stdout tsv
2026-06-16 13:07:24,076 [INFO] command: tesseract --psm 0 -l osd /tmp/tmp7zh57iwe.png stdout
2026-06-16 13:07:24,076 [INFO] command: tesseract --psm 0 -l osd /tmp/tmp7zh57iwe.png stdout
2026-06-16 13:07:24,737 [INFO] command: tesseract -l rus+eng /tmp/tmp7zh57iwe.png stdout tsv
2026-06-16 13:07:24,737 [INFO] command: tesseract -l rus+eng /tmp/tmp7zh57iwe.png stdout tsv
2026-06-16 13:07:25,193 [INFO] command: tesseract --psm 0 -l osd /tmp/tmpx0fe4vmz.png stdout
2026-06-16 13:07:25,193 [INFO] command: tesseract --psm 0 -l osd /tmp/tmpx0fe4vmz.png stdout
2026-06-16 13:07:25,922 [INFO] command: tesseract -l rus+eng /tmp/tmpx0fe4vmz.png stdout tsv
2026-06-16 13:07:25,922 [INFO] command: tesseract -l rus+eng /tmp/tmpx0fe4vmz.png stdout tsv
2026-06-16 13:07:26,227 [INFO] command: tesseract --psm 0 -l osd /tmp/tmpb_h9y9l6.png stdout
2026-06-16 13:07:26,227 [INFO] command: tesseract --psm 0 -l osd /tmp/tmpb_h9y9l6.png stdout
2026-06-16 13:07:26,935 [INFO] command: tesseract -l rus+eng /tmp/tmpb_h9y9l6.png stdout tsv
2026-06-16 13:07:26,935 [INFO] command: tesseract -l rus+eng /tmp/tmpb_h9y9l6.png stdout tsv
2026-06-16 13:07:28,690 [INFO] command: tesseract --psm 0 -l osd /tmp/tmplj04g2vc.png stdout
2026-06-16 13:07:28,690 [INFO] command: tesseract --psm 0 -l osd /tmp/tmplj04g2vc.png stdout
2026-06-16 13:07:29,281 [INFO] command: tesseract -l rus+eng /tmp/tmplj04g2vc.png stdout tsv
2026-06-16 13:07:29,281 [INFO] command: tesseract -l rus+eng /tmp/tmplj04g2vc.png stdout tsv
2026-06-16 13:07:29,851 [INFO] command: tesseract --psm 0 -l osd /tmp/tmpz2ehusl1.png stdout
2026-06-16 13:07:29,851 [INFO] command: tesseract --psm 0 -l osd /tmp/tmpz2ehusl1.png stdout
2026-06-16 13:07:30,399 [INFO] command: tesseract --psm 0 -l osd /tmp/tmp_obkh_vb.png stdout
2026-06-16 13:07:30,399 [INFO] command: tesseract --psm 0 -l osd /tmp/tmp_obkh_vb.png stdout
2026-06-16 13:07:30,580 [INFO] command: tesseract -l rus+eng /tmp/tmpz2ehusl1.png stdout tsv
2026-06-16 13:07:30,580 [INFO] command: tesseract -l rus+eng /tmp/tmpz2ehusl1.png stdout tsv
2026-06-16 13:07:30,979 [INFO] command: tesseract -l rus+eng /tmp/tmp_obkh_vb.png stdout tsv
2026-06-16 13:07:30,979 [INFO] command: tesseract -l rus+eng /tmp/tmp_obkh_vb.png stdout tsv
2026-06-16 13:07:32,055 [INFO] command: tesseract --psm 0 -l osd /tmp/tmp8f2_f31o.png stdout
2026-06-16 13:07:32,055 [INFO] command: tesseract --psm 0 -l osd /tmp/tmp8f2_f31o.png stdout
2026-06-16 13:07:32,635 [INFO] command: tesseract -l rus+eng /tmp/tmp8f2_f31o.png stdout tsv
2026-06-16 13:07:32,635 [INFO] command: tesseract -l rus+eng /tmp/tmp8f2_f31o.png stdout tsv
2026-06-16 13:07:33,863 [INFO] command: tesseract --psm 0 -l osd /tmp/tmpra7k8ju0.png stdout
2026-06-16 13:07:33,863 [INFO] command: tesseract --psm 0 -l osd /tmp/tmpra7k8ju0.png stdout
2026-06-16 13:07:34,378 [INFO] command: tesseract --psm 0 -l osd /tmp/tmp0see0ai3.png stdout
2026-06-16 13:07:34,378 [INFO] command: tesseract --psm 0 -l osd /tmp/tmp0see0ai3.png stdout
2026-06-16 13:07:34,444 [INFO] command: tesseract -l rus+eng /tmp/tmpra7k8ju0.png stdout tsv
2026-06-16 13:07:34,444 [INFO] command: tesseract -l rus+eng /tmp/tmpra7k8ju0.png stdout tsv
2026-06-16 13:07:35,056 [INFO] command: tesseract -l rus+eng /tmp/tmp0see0ai3.png stdout tsv
2026-06-16 13:07:35,056 [INFO] command: tesseract -l rus+eng /tmp/tmp0see0ai3.png stdout tsv
2026-06-16 13:07:35,520 [INFO] command: tesseract --psm 0 -l osd /tmp/tmpdh6t47gj.png stdout
2026-06-16 13:07:35,520 [INFO] command: tesseract --psm 0 -l osd /tmp/tmpdh6t47gj.png stdout
2026-06-16 13:07:36,094 [INFO] command: tesseract -l rus+eng /tmp/tmpdh6t47gj.png stdout tsv
2026-06-16 13:07:36,094 [INFO] command: tesseract -l rus+eng /tmp/tmpdh6t47gj.png stdout tsv
2026-06-16 13:07:37,122 [INFO] command: tesseract --psm 0 -l osd /tmp/tmpob95qtmi.png stdout
2026-06-16 13:07:37,122 [INFO] command: tesseract --psm 0 -l osd /tmp/tmpob95qtmi.png stdout
2026-06-16 13:07:37,144 [INFO] command: tesseract --psm 0 -l osd /tmp/tmp2na3qsod.png stdout
2026-06-16 13:07:37,144 [INFO] command: tesseract --psm 0 -l osd /tmp/tmp2na3qsod.png stdout
2026-06-16 13:07:37,817 [INFO] command: tesseract -l rus+eng /tmp/tmpob95qtmi.png stdout tsv
2026-06-16 13:07:37,817 [INFO] command: tesseract -l rus+eng /tmp/tmpob95qtmi.png stdout tsv
2026-06-16 13:07:37,828 [INFO] command: tesseract -l rus+eng /tmp/tmp2na3qsod.png stdout tsv
2026-06-16 13:07:37,828 [INFO] command: tesseract -l rus+eng /tmp/tmp2na3qsod.png stdout tsv
2026-06-16 13:07:39,249 [INFO] command: tesseract --psm 0 -l osd /tmp/tmpwh_c8r1z.png stdout
2026-06-16 13:07:39,249 [INFO] command: tesseract --psm 0 -l osd /tmp/tmpwh_c8r1z.png stdout
2026-06-16 13:07:39,924 [INFO] command: tesseract -l rus+eng /tmp/tmpwh_c8r1z.png stdout tsv
2026-06-16 13:07:39,924 [INFO] command: tesseract -l rus+eng /tmp/tmpwh_c8r1z.png stdout tsv
2026-06-16 13:07:40,133 [INFO] command: tesseract --psm 0 -l osd /tmp/tmp3xc_48h1.png stdout
2026-06-16 13:07:40,133 [INFO] command: tesseract --psm 0 -l osd /tmp/tmp3xc_48h1.png stdout
2026-06-16 13:07:40,833 [INFO] command: tesseract -l rus+eng /tmp/tmp3xc_48h1.png stdout tsv
2026-06-16 13:07:40,833 [INFO] command: tesseract -l rus+eng /tmp/tmp3xc_48h1.png stdout tsv
2026-06-16 13:07:41,795 [INFO] command: tesseract --psm 0 -l osd /tmp/tmp9t8hjskj.png stdout
2026-06-16 13:07:41,795 [INFO] command: tesseract --psm 0 -l osd /tmp/tmp9t8hjskj.png stdout
2026-06-16 13:07:42,496 [INFO] command: tesseract -l rus+eng /tmp/tmp9t8hjskj.png stdout tsv
2026-06-16 13:07:42,496 [INFO] command: tesseract -l rus+eng /tmp/tmp9t8hjskj.png stdout tsv
2026-06-16 13:07:44,237 [INFO] command: tesseract --psm 0 -l osd /tmp/tmp0pn9ygxa.png stdout
2026-06-16 13:07:44,237 [INFO] command: tesseract --psm 0 -l osd /tmp/tmp0pn9ygxa.png stdout
2026-06-16 13:07:44,766 [INFO] command: tesseract --psm 0 -l osd /tmp/tmpzb5kpikv.png stdout
2026-06-16 13:07:44,766 [INFO] command: tesseract --psm 0 -l osd /tmp/tmpzb5kpikv.png stdout
2026-06-16 13:07:44,954 [INFO] command: tesseract -l rus+eng /tmp/tmp0pn9ygxa.png stdout tsv
2026-06-16 13:07:44,954 [INFO] command: tesseract -l rus+eng /tmp/tmp0pn9ygxa.png stdout tsv
2026-06-16 13:07:45,546 [INFO] command: tesseract -l rus+eng /tmp/tmpzb5kpikv.png stdout tsv
2026-06-16 13:07:45,546 [INFO] command: tesseract -l rus+eng /tmp/tmpzb5kpikv.png stdout tsv
2026-06-16 13:07:47,182 [INFO] command: tesseract --psm 0 -l osd /tmp/tmp_bj49hjf.png stdout
2026-06-16 13:07:47,182 [INFO] command: tesseract --psm 0 -l osd /tmp/tmp_bj49hjf.png stdout
2026-06-16 13:07:47,604 [INFO] command: tesseract --psm 0 -l osd /tmp/tmpgmmdt71i.png stdout
2026-06-16 13:07:47,604 [INFO] command: tesseract --psm 0 -l osd /tmp/tmpgmmdt71i.png stdout
2026-06-16 13:07:47,855 [INFO] command: tesseract -l rus+eng /tmp/tmp_bj49hjf.png stdout tsv
2026-06-16 13:07:47,855 [INFO] command: tesseract -l rus+eng /tmp/tmp_bj49hjf.png stdout tsv
2026-06-16 13:07:48,298 [INFO] command: tesseract -l rus+eng /tmp/tmpgmmdt71i.png stdout tsv
2026-06-16 13:07:48,298 [INFO] command: tesseract -l rus+eng /tmp/tmpgmmdt71i.png stdout tsv
2026-06-16 13:07:49,143 [INFO] command: tesseract --psm 0 -l osd /tmp/tmp90z0084z.png stdout
2026-06-16 13:07:49,143 [INFO] command: tesseract --psm 0 -l osd /tmp/tmp90z0084z.png stdout
2026-06-16 13:07:49,903 [INFO] command: tesseract -l rus+eng /tmp/tmp90z0084z.png stdout tsv
2026-06-16 13:07:49,903 [INFO] command: tesseract -l rus+eng /tmp/tmp90z0084z.png stdout tsv
2026-06-16 13:07:51,577 [INFO] command: tesseract --psm 0 -l osd /tmp/tmpzw2hyykh.png stdout
2026-06-16 13:07:51,577 [INFO] command: tesseract --psm 0 -l osd /tmp/tmpzw2hyykh.png stdout
2026-06-16 13:07:51,786 [INFO] command: tesseract --psm 0 -l osd /tmp/tmp__buwwnr.png stdout
2026-06-16 13:07:51,786 [INFO] command: tesseract --psm 0 -l osd /tmp/tmp__buwwnr.png stdout
2026-06-16 13:07:52,267 [INFO] command: tesseract -l rus+eng /tmp/tmpzw2hyykh.png stdout tsv
2026-06-16 13:07:52,267 [INFO] command: tesseract -l rus+eng /tmp/tmpzw2hyykh.png stdout tsv
2026-06-16 13:07:52,496 [INFO] command: tesseract -l rus+eng /tmp/tmp__buwwnr.png stdout tsv
2026-06-16 13:07:52,496 [INFO] command: tesseract -l rus+eng /tmp/tmp__buwwnr.png stdout tsv
2026-06-16 13:07:54,909 [INFO] command: tesseract --psm 0 -l osd /tmp/tmp47rldflr.png stdout
2026-06-16 13:07:54,909 [INFO] command: tesseract --psm 0 -l osd /tmp/tmp47rldflr.png stdout
2026-06-16 13:07:55,703 [INFO] command: tesseract -l rus+eng /tmp/tmp47rldflr.png stdout tsv
2026-06-16 13:07:55,703 [INFO] command: tesseract -l rus+eng /tmp/tmp47rldflr.png stdout tsv
2026-06-16 13:07:55,867 [INFO] command: tesseract --psm 0 -l osd /tmp/tmp0r__1tdd.png stdout
2026-06-16 13:07:55,867 [INFO] command: tesseract --psm 0 -l osd /tmp/tmp0r__1tdd.png stdout
2026-06-16 13:07:56,604 [INFO] command: tesseract -l rus+eng /tmp/tmp0r__1tdd.png stdout tsv
2026-06-16 13:07:56,604 [INFO] command: tesseract -l rus+eng /tmp/tmp0r__1tdd.png stdout tsv
2026-06-16 13:07:58,316 [INFO] command: tesseract --psm 0 -l osd /tmp/tmpqs5akawy.png stdout
2026-06-16 13:07:58,316 [INFO] command: tesseract --psm 0 -l osd /tmp/tmpqs5akawy.png stdout
2026-06-16 13:07:58,984 [INFO] command: tesseract --psm 0 -l osd /tmp/tmp1wfe44li.png stdout
2026-06-16 13:07:58,984 [INFO] command: tesseract --psm 0 -l osd /tmp/tmp1wfe44li.png stdout
2026-06-16 13:07:59,035 [INFO] command: tesseract -l rus+eng /tmp/tmpqs5akawy.png stdout tsv
2026-06-16 13:07:59,035 [INFO] command: tesseract -l rus+eng /tmp/tmpqs5akawy.png stdout tsv
2026-06-16 13:07:59,713 [INFO] command: tesseract -l rus+eng /tmp/tmp1wfe44li.png stdout tsv
2026-06-16 13:07:59,713 [INFO] command: tesseract -l rus+eng /tmp/tmp1wfe44li.png stdout tsv
2026-06-16 13:08:01,297 [INFO] command: tesseract --psm 0 -l osd /tmp/tmp4w6aszqz.png stdout
2026-06-16 13:08:01,297 [INFO] command: tesseract --psm 0 -l osd /tmp/tmp4w6aszqz.png stdout
2026-06-16 13:08:01,855 [INFO] command: tesseract --psm 0 -l osd /tmp/tmpi_kx9o2y.png stdout
2026-06-16 13:08:01,855 [INFO] command: tesseract --psm 0 -l osd /tmp/tmpi_kx9o2y.png stdout
2026-06-16 13:08:01,992 [INFO] command: tesseract -l rus+eng /tmp/tmp4w6aszqz.png stdout tsv
2026-06-16 13:08:01,992 [INFO] command: tesseract -l rus+eng /tmp/tmp4w6aszqz.png stdout tsv
2026-06-16 13:08:02,646 [INFO] command: tesseract -l rus+eng /tmp/tmpi_kx9o2y.png stdout tsv
2026-06-16 13:08:02,646 [INFO] command: tesseract -l rus+eng /tmp/tmpi_kx9o2y.png stdout tsv
2026-06-16 13:08:03,291 [INFO] command: tesseract --psm 0 -l osd /tmp/tmpb_zw54kj.png stdout
2026-06-16 13:08:03,291 [INFO] command: tesseract --psm 0 -l osd /tmp/tmpb_zw54kj.png stdout
2026-06-16 13:08:03,974 [INFO] command: tesseract -l rus+eng /tmp/tmpb_zw54kj.png stdout tsv
2026-06-16 13:08:03,974 [INFO] command: tesseract -l rus+eng /tmp/tmpb_zw54kj.png stdout tsv
2026-06-16 13:08:05,276 [INFO] command: tesseract --psm 0 -l osd /tmp/tmpq543eikn.png stdout
2026-06-16 13:08:05,276 [INFO] command: tesseract --psm 0 -l osd /tmp/tmpq543eikn.png stdout
2026-06-16 13:08:05,939 [INFO] command: tesseract -l rus+eng /tmp/tmpq543eikn.png stdout tsv
2026-06-16 13:08:05,939 [INFO] command: tesseract -l rus+eng /tmp/tmpq543eikn.png stdout tsv
2026-06-16 13:08:06,767 [INFO] command: tesseract --psm 0 -l osd /tmp/tmpjwsd5t3b.png stdout
2026-06-16 13:08:06,767 [INFO] command: tesseract --psm 0 -l osd /tmp/tmpjwsd5t3b.png stdout
2026-06-16 13:08:07,472 [INFO] command: tesseract --psm 0 -l osd /tmp/tmprh63dhlp.png stdout
2026-06-16 13:08:07,472 [INFO] command: tesseract --psm 0 -l osd /tmp/tmprh63dhlp.png stdout
2026-06-16 13:08:07,484 [INFO] command: tesseract -l rus+eng /tmp/tmpjwsd5t3b.png stdout tsv
2026-06-16 13:08:07,484 [INFO] command: tesseract -l rus+eng /tmp/tmpjwsd5t3b.png stdout tsv
2026-06-16 13:08:08,189 [INFO] command: tesseract -l rus+eng /tmp/tmprh63dhlp.png stdout tsv
2026-06-16 13:08:08,189 [INFO] command: tesseract -l rus+eng /tmp/tmprh63dhlp.png stdout tsv
2026-06-16 13:08:09,987 [INFO] command: tesseract --psm 0 -l osd /tmp/tmpzt01j259.png stdout
2026-06-16 13:08:09,987 [INFO] command: tesseract --psm 0 -l osd /tmp/tmpzt01j259.png stdout
2026-06-16 13:08:10,402 [INFO] command: tesseract --psm 0 -l osd /tmp/tmp2ltwc0hi.png stdout
2026-06-16 13:08:10,402 [INFO] command: tesseract --psm 0 -l osd /tmp/tmp2ltwc0hi.png stdout
2026-06-16 13:08:10,590 [INFO] command: tesseract -l rus+eng /tmp/tmpzt01j259.png stdout tsv
2026-06-16 13:08:10,590 [INFO] command: tesseract -l rus+eng /tmp/tmpzt01j259.png stdout tsv
2026-06-16 13:08:11,095 [INFO] command: tesseract -l rus+eng /tmp/tmp2ltwc0hi.png stdout tsv
2026-06-16 13:08:11,095 [INFO] command: tesseract -l rus+eng /tmp/tmp2ltwc0hi.png stdout tsv
2026-06-16 13:08:11,710 [INFO] command: tesseract --psm 0 -l osd /tmp/tmp0lgwdcdx.png stdout
2026-06-16 13:08:11,710 [INFO] command: tesseract --psm 0 -l osd /tmp/tmp0lgwdcdx.png stdout
2026-06-16 13:08:12,310 [INFO] command: tesseract -l rus+eng /tmp/tmp0lgwdcdx.png stdout tsv
2026-06-16 13:08:12,310 [INFO] command: tesseract -l rus+eng /tmp/tmp0lgwdcdx.png stdout tsv
2026-06-16 13:08:13,374 [INFO] command: tesseract --psm 0 -l osd /tmp/tmpymrvxfd_.png stdout
2026-06-16 13:08:13,374 [INFO] command: tesseract --psm 0 -l osd /tmp/tmpymrvxfd_.png stdout
2026-06-16 13:08:13,911 [INFO] command: tesseract --psm 0 -l osd /tmp/tmpog8hkehu.png stdout
2026-06-16 13:08:13,911 [INFO] command: tesseract --psm 0 -l osd /tmp/tmpog8hkehu.png stdout
2026-06-16 13:08:13,958 [INFO] command: tesseract -l rus+eng /tmp/tmpymrvxfd_.png stdout tsv
2026-06-16 13:08:13,958 [INFO] command: tesseract -l rus+eng /tmp/tmpymrvxfd_.png stdout tsv
2026-06-16 13:08:15,016 [INFO] command: tesseract -l rus+eng /tmp/tmpog8hkehu.png stdout tsv
2026-06-16 13:08:15,016 [INFO] command: tesseract -l rus+eng /tmp/tmpog8hkehu.png stdout tsv
2026-06-16 13:08:15,167 [INFO] command: tesseract --psm 0 -l osd /tmp/tmpggw5aoj6.png stdout
2026-06-16 13:08:15,167 [INFO] command: tesseract --psm 0 -l osd /tmp/tmpggw5aoj6.png stdout
2026-06-16 13:08:15,742 [INFO] command: tesseract -l rus+eng /tmp/tmpggw5aoj6.png stdout tsv
2026-06-16 13:08:15,742 [INFO] command: tesseract -l rus+eng /tmp/tmpggw5aoj6.png stdout tsv
2026-06-16 13:08:16,800 [INFO] command: tesseract --psm 0 -l osd /tmp/tmp07nevdh_.png stdout
2026-06-16 13:08:16,800 [INFO] command: tesseract --psm 0 -l osd /tmp/tmp07nevdh_.png stdout
2026-06-16 13:08:17,386 [INFO] command: tesseract -l rus+eng /tmp/tmp07nevdh_.png stdout tsv
2026-06-16 13:08:17,386 [INFO] command: tesseract -l rus+eng /tmp/tmp07nevdh_.png stdout tsv
2026-06-16 13:08:18,422 [INFO] command: tesseract --psm 0 -l osd /tmp/tmpae5xqxi7.png stdout
2026-06-16 13:08:18,422 [INFO] command: tesseract --psm 0 -l osd /tmp/tmpae5xqxi7.png stdout
2026-06-16 13:08:18,555 [INFO] command: tesseract --psm 0 -l osd /tmp/tmpdycnujyq.png stdout
2026-06-16 13:08:18,555 [INFO] command: tesseract --psm 0 -l osd /tmp/tmpdycnujyq.png stdout
2026-06-16 13:08:19,117 [INFO] command: tesseract -l rus+eng /tmp/tmpae5xqxi7.png stdout tsv
2026-06-16 13:08:19,117 [INFO] command: tesseract -l rus+eng /tmp/tmpae5xqxi7.png stdout tsv
2026-06-16 13:08:19,539 [INFO] command: tesseract -l rus+eng /tmp/tmpdycnujyq.png stdout tsv
2026-06-16 13:08:19,539 [INFO] command: tesseract -l rus+eng /tmp/tmpdycnujyq.png stdout tsv
2026-06-16 13:08:20,530 [INFO] command: tesseract --psm 0 -l osd /tmp/tmp3wzuvd_3.png stdout
2026-06-16 13:08:20,530 [INFO] command: tesseract --psm 0 -l osd /tmp/tmp3wzuvd_3.png stdout
2026-06-16 13:08:21,201 [INFO] command: tesseract -l rus+eng /tmp/tmp3wzuvd_3.png stdout tsv
2026-06-16 13:08:21,201 [INFO] command: tesseract -l rus+eng /tmp/tmp3wzuvd_3.png stdout tsv
2026-06-16 13:08:23,078 [INFO] command: tesseract --psm 0 -l osd /tmp/tmphckh1kq6.png stdout
2026-06-16 13:08:23,078 [INFO] command: tesseract --psm 0 -l osd /tmp/tmphckh1kq6.png stdout
2026-06-16 13:08:23,134 [INFO] Finished converting document 00 2013 Отчет по ЭМС ПС Первомайка (Изм.1).pdf in 182.85 sec.
2026-06-16 13:08:23,134 [INFO] Finished converting document 00 2013 Отчет по ЭМС ПС Первомайка (Изм.1).pdf in 182.85 sec.
☁️ Complex elements (tables/figures) detected on pages: [1, 3, 5, 6, 7, 8, 9, 11, 12, 13, 14, 16, 18, 20, 21, 22, 23, 24, 25, 26, 27, 28, 29, 30, 31, 32, 33, 34, 35, 36, 37, 38, 39, 40, 41, 42, 43, 44, 45, 46, 47, 48, 49, 50, 51, 52, 53]
2026-06-16 13:08:23,776 [INFO] command: tesseract -l rus+eng /tmp/tmphckh1kq6.png stdout tsv
2026-06-16 13:08:23,776 [INFO] command: tesseract -l rus+eng /tmp/tmphckh1kq6.png stdout tsv
2026-06-16 13:08:25,999 [INFO] command: tesseract --psm 0 -l osd /tmp/tmpq5ge5udf.png stdout
2026-06-16 13:08:25,999 [INFO] command: tesseract --psm 0 -l osd /tmp/tmpq5ge5udf.png stdout
2026-06-16 13:08:26,781 [INFO] command: tesseract -l rus+eng /tmp/tmpq5ge5udf.png stdout tsv
2026-06-16 13:08:26,781 [INFO] command: tesseract -l rus+eng /tmp/tmpq5ge5udf.png stdout tsv
2026-06-16 13:08:28,779 [INFO] command: tesseract --psm 0 -l osd /tmp/tmpt4um_3af.png stdout
2026-06-16 13:08:28,779 [INFO] command: tesseract --psm 0 -l osd /tmp/tmpt4um_3af.png stdout
2026-06-16 13:08:29,482 [INFO] command: tesseract -l rus+eng /tmp/tmpt4um_3af.png stdout tsv
2026-06-16 13:08:29,482 [INFO] command: tesseract -l rus+eng /tmp/tmpt4um_3af.png stdout tsv
2026-06-16 13:08:32,903 [INFO] command: tesseract --psm 0 -l osd /tmp/tmpcyggn5tu.png stdout
2026-06-16 13:08:32,903 [INFO] command: tesseract --psm 0 -l osd /tmp/tmpcyggn5tu.png stdout
2026-06-16 13:08:33,615 [INFO] command: tesseract -l rus+eng /tmp/tmpcyggn5tu.png stdout tsv
2026-06-16 13:08:33,615 [INFO] command: tesseract -l rus+eng /tmp/tmpcyggn5tu.png stdout tsv
2026-06-16 13:08:37,001 [INFO] command: tesseract --psm 0 -l osd /tmp/tmpyfb3p42q.png stdout
2026-06-16 13:08:37,001 [INFO] command: tesseract --psm 0 -l osd /tmp/tmpyfb3p42q.png stdout
2026-06-16 13:08:37,680 [INFO] command: tesseract -l rus+eng /tmp/tmpyfb3p42q.png stdout tsv
2026-06-16 13:08:37,680 [INFO] command: tesseract -l rus+eng /tmp/tmpyfb3p42q.png stdout tsv
2026-06-16 13:08:40,032 [INFO] command: tesseract --psm 0 -l osd /tmp/tmp4u21vlsf.png stdout
2026-06-16 13:08:40,032 [INFO] command: tesseract --psm 0 -l osd /tmp/tmp4u21vlsf.png stdout
2026-06-16 13:08:40,766 [INFO] command: tesseract -l rus+eng /tmp/tmp4u21vlsf.png stdout tsv
2026-06-16 13:08:40,766 [INFO] command: tesseract -l rus+eng /tmp/tmp4u21vlsf.png stdout tsv
Page 1: Complex figure processed via Gemini Vision.
2026-06-16 13:08:42,318 [INFO] command: tesseract --psm 0 -l osd /tmp/tmpslskctf0.png stdout
2026-06-16 13:08:42,318 [INFO] command: tesseract --psm 0 -l osd /tmp/tmpslskctf0.png stdout
2026-06-16 13:08:43,015 [INFO] command: tesseract -l rus+eng /tmp/tmpslskctf0.png stdout tsv
2026-06-16 13:08:43,015 [INFO] command: tesseract -l rus+eng /tmp/tmpslskctf0.png stdout tsv
2026-06-16 13:08:44,328 [INFO] command: tesseract --psm 0 -l osd /tmp/tmp280zwt7g.png stdout
2026-06-16 13:08:44,328 [INFO] command: tesseract --psm 0 -l osd /tmp/tmp280zwt7g.png stdout
2026-06-16 13:08:45,022 [INFO] command: tesseract -l rus+eng /tmp/tmp280zwt7g.png stdout tsv
2026-06-16 13:08:45,022 [INFO] command: tesseract -l rus+eng /tmp/tmp280zwt7g.png stdout tsv
2026-06-16 13:08:47,823 [INFO] command: tesseract --psm 0 -l osd /tmp/tmp32kr8xkh.png stdout
2026-06-16 13:08:47,823 [INFO] command: tesseract --psm 0 -l osd /tmp/tmp32kr8xkh.png stdout
2026-06-16 13:08:48,519 [INFO] command: tesseract -l rus+eng /tmp/tmp32kr8xkh.png stdout tsv
2026-06-16 13:08:48,519 [INFO] command: tesseract -l rus+eng /tmp/tmp32kr8xkh.png stdout tsv
2026-06-16 13:08:51,404 [INFO] command: tesseract --psm 0 -l osd /tmp/tmphfvlngaj.png stdout
2026-06-16 13:08:51,404 [INFO] command: tesseract --psm 0 -l osd /tmp/tmphfvlngaj.png stdout
2026-06-16 13:08:52,152 [INFO] command: tesseract -l rus+eng /tmp/tmphfvlngaj.png stdout tsv
2026-06-16 13:08:52,152 [INFO] command: tesseract -l rus+eng /tmp/tmphfvlngaj.png stdout tsv
2026-06-16 13:08:54,938 [INFO] command: tesseract --psm 0 -l osd /tmp/tmpw_0ygs37.png stdout
2026-06-16 13:08:54,938 [INFO] command: tesseract --psm 0 -l osd /tmp/tmpw_0ygs37.png stdout
Page 3: Complex figure processed via Gemini Vision.
2026-06-16 13:08:56,032 [INFO] command: tesseract -l rus+eng /tmp/tmpw_0ygs37.png stdout tsv
2026-06-16 13:08:56,032 [INFO] command: tesseract -l rus+eng /tmp/tmpw_0ygs37.png stdout tsv
2026-06-16 13:08:59,591 [INFO] command: tesseract --psm 0 -l osd /tmp/tmp_emg5fzt.png stdout
2026-06-16 13:08:59,591 [INFO] command: tesseract --psm 0 -l osd /tmp/tmp_emg5fzt.png stdout
2026-06-16 13:09:00,558 [INFO] command: tesseract -l rus+eng /tmp/tmp_emg5fzt.png stdout tsv
2026-06-16 13:09:00,558 [INFO] command: tesseract -l rus+eng /tmp/tmp_emg5fzt.png stdout tsv
2026-06-16 13:09:03,964 [INFO] Finished converting document 00 2013 Отчет по ЭМС ПС Первомайка (Изм.1).pdf in 180.83 sec.
2026-06-16 13:09:03,964 [INFO] Finished converting document 00 2013 Отчет по ЭМС ПС Первомайка (Изм.1).pdf in 180.83 sec.
☁️ Complex elements (tables/figures) detected on pages: [1, 3, 5, 6, 7, 8, 9, 11, 12, 13, 14, 16, 18, 20, 21, 22, 23, 24, 25, 26, 27, 28, 29, 30, 31, 32, 33, 34, 35, 36, 37, 38, 39, 40, 41, 42, 43, 44, 45, 46, 47, 48, 49, 50, 51, 52, 53]
Page 1: Complex figure processed via Gemini Vision.
Page 5: Complex figure processed via Gemini Vision.
Page 3: Complex figure processed via Gemini Vision.
Page 6: Complex figure processed via Gemini Vision.
Page 7: Complex figure processed via Gemini Vision.
Page 5: Complex figure processed via Gemini Vision.
Page 8: Complex figure processed via Gemini Vision.
Page 6: Complex figure processed via Gemini Vision.
Page 9: Complex figure processed via Gemini Vision.
Page 7: Complex figure processed via Gemini Vision.
Page 11: Complex figure processed via Gemini Vision.
Page 8: Complex figure processed via Gemini Vision.
Page 12: Complex figure processed via Gemini Vision.
Page 9: Complex figure processed via Gemini Vision.
Page 13: Complex figure processed via Gemini Vision.
Page 11: Complex figure processed via Gemini Vision.
Page 14: Complex figure processed via Gemini Vision.
Page 12: Complex figure processed via Gemini Vision.
Page 16: Complex figure processed via Gemini Vision.
Page 13: Complex figure processed via Gemini Vision.
Page 14: Complex figure processed via Gemini Vision.
Page 18: Complex figure processed via Gemini Vision.
Page 16: Complex figure processed via Gemini Vision.
Page 20: Complex figure processed via Gemini Vision.
Page 18: Complex figure processed via Gemini Vision.
Page 21: Complex figure processed via Gemini Vision.
Page 20: Complex figure processed via Gemini Vision.
Page 22: Complex figure processed via Gemini Vision.
Page 21: Complex figure processed via Gemini Vision.
Page 23: Complex figure processed via Gemini Vision.
Page 24: Complex figure processed via Gemini Vision.
Page 22: Complex figure processed via Gemini Vision.
Page 25: Complex figure processed via Gemini Vision.
Page 23: Complex figure processed via Gemini Vision.
Page 24: Complex figure processed via Gemini Vision.
Page 26: Complex figure processed via Gemini Vision.
Page 25: Complex figure processed via Gemini Vision.
Page 27: Complex figure processed via Gemini Vision.
Page 26: Complex figure processed via Gemini Vision.
Page 28: Complex figure processed via Gemini Vision.
Tier 3 processing failed for page 27 on attempt 1: 504 Stream removed (Deadline Exceeded)
Tier 3 processing failed for page 29 on attempt 1: 504 Stream removed (Deadline Exceeded)
Tier 3 processing failed for page 30 on attempt 1: 400 User location is not supported for the API use.
Tier 3 processing failed for page 31 on attempt 1: 400 User location is not supported for the API use.
Tier 3 processing failed for page 28 on attempt 1: 400 User location is not supported for the API use.
Tier 3 processing failed for page 32 on attempt 1: 400 User location is not supported for the API use.
Tier 3 processing failed for page 33 on attempt 1: 400 User location is not supported for the API use.
Tier 3 processing failed for page 34 on attempt 1: 400 User location is not supported for the API use.
Tier 3 processing failed for page 35 on attempt 1: 400 User location is not supported for the API use.
Tier 3 processing failed for page 36 on attempt 1: 400 User location is not supported for the API use.
Tier 3 processing failed for page 37 on attempt 1: 400 User location is not supported for the API use.
Tier 3 processing failed for page 38 on attempt 1: 400 User location is not supported for the API use.
Tier 3 processing failed for page 39 on attempt 1: 400 User location is not supported for the API use.
Tier 3 processing failed for page 40 on attempt 1: 400 User location is not supported for the API use.
Tier 3 processing failed for page 41 on attempt 1: 400 User location is not supported for the API use.
Tier 3 processing failed for page 42 on attempt 1: 400 User location is not supported for the API use.
Tier 3 processing failed for page 43 on attempt 1: 400 User location is not supported for the API use.
Tier 3 processing failed for page 44 on attempt 1: 400 User location is not supported for the API use.
Tier 3 processing failed for page 45 on attempt 1: 400 User location is not supported for the API use.
Tier 3 processing failed for page 46 on attempt 1: 400 User location is not supported for the API use.
/home/mint/smart-db/core/text_processor.py:17: FutureWarning: 

All support for the `google.generativeai` package has ended. It will no longer be receiving 
updates or bug fixes. Please switch to the `google.genai` package as soon as possible.
See README for more details:

https://github.com/google-gemini/deprecated-generative-ai-python/blob/main/README.md

  import google.generativeai as genai
2026-06-16 13:39:00,272 [INFO] Started ingestion daemon. Monitoring /home/mint/smart-db/INPUT
Initializing Docling DocumentConverter with Russian OCR...
Docling ready.
2026-06-16 13:39:00,272 [INFO] Started ingestion daemon. Monitoring /home/mint/smart-db/INPUT
2026-06-16 13:39:00,272 [INFO] Ingesting 00 2013 Отчет по ЭМС ПС Первомайка (Изм.1).pdf via OCR...
2026-06-16 13:39:00,272 [INFO] Ingesting 00 2013 Отчет по ЭМС ПС Первомайка (Изм.1).pdf via OCR...
2026-06-16 13:39:00,296 [INFO] detected formats: [<InputFormat.PDF: 'pdf'>]
Processing 00 2013 Отчет по ЭМС ПС Первомайка (Изм.1).pdf with Docling...
2026-06-16 13:39:00,296 [INFO] detected formats: [<InputFormat.PDF: 'pdf'>]
2026-06-16 13:39:00,361 [INFO] Going to convert document batch...
2026-06-16 13:39:00,361 [INFO] Going to convert document batch...
2026-06-16 13:39:00,362 [INFO] Initializing pipeline for StandardPdfPipeline with options hash 0be8f8cc83886825b392a99e0fdb6525
2026-06-16 13:39:00,362 [INFO] Initializing pipeline for StandardPdfPipeline with options hash 0be8f8cc83886825b392a99e0fdb6525
2026-06-16 13:39:00,366 [INFO] Loading plugin 'docling_defaults'
2026-06-16 13:39:00,366 [INFO] Loading plugin 'docling_defaults'
2026-06-16 13:39:00,368 [INFO] Registered picture descriptions: ['picture_description_vlm_engine', 'vlm', 'api']
2026-06-16 13:39:00,368 [INFO] Registered picture descriptions: ['picture_description_vlm_engine', 'vlm', 'api']
2026-06-16 13:39:00,373 [INFO] Loading plugin 'docling_defaults'
2026-06-16 13:39:00,373 [INFO] Loading plugin 'docling_defaults'
2026-06-16 13:39:00,387 [INFO] Registered ocr engines: ['auto', 'easyocr', 'kserve_v2_ocr', 'ocrmac', 'rapidocr', 'tesserocr', 'tesseract']
2026-06-16 13:39:00,387 [INFO] Registered ocr engines: ['auto', 'easyocr', 'kserve_v2_ocr', 'ocrmac', 'rapidocr', 'tesserocr', 'tesseract']
2026-06-16 13:39:00,469 [INFO] command: tesseract --list-langs
2026-06-16 13:39:00,469 [INFO] command: tesseract --list-langs
2026-06-16 13:39:00,519 [INFO] Loading plugin 'docling_defaults'
2026-06-16 13:39:00,519 [INFO] Loading plugin 'docling_defaults'
2026-06-16 13:39:00,523 [INFO] Registered layout engines: ['layout_object_detection', 'docling_layout_default', 'docling_experimental_table_crops_layout']
2026-06-16 13:39:00,523 [INFO] Registered layout engines: ['layout_object_detection', 'docling_layout_default', 'docling_experimental_table_crops_layout']
2026-06-16 13:39:00,670 [INFO] Accelerator device: 'cuda:0'
2026-06-16 13:39:00,670 [INFO] Accelerator device: 'cuda:0'
2026-06-16 13:39:01,279 [INFO] HTTP Request: GET https://huggingface.co/api/models/docling-project/docling-layout-heron/revision/main "HTTP/1.1 200 OK"
2026-06-16 13:39:01,279 [INFO] HTTP Request: GET https://huggingface.co/api/models/docling-project/docling-layout-heron/revision/main "HTTP/1.1 200 OK"
Loading weights:   0%|          | 0/770 [00:00<?, ?it/s]Loading weights:  30%|███       | 231/770 [00:00<00:00, 2093.00it/s]Loading weights:  57%|█████▋    | 441/770 [00:00<00:00, 1627.92it/s]Loading weights:  85%|████████▍ | 652/770 [00:00<00:00, 1811.66it/s]Loading weights: 100%|██████████| 770/770 [00:00<00:00, 1752.20it/s]
2026-06-16 13:39:02,204 [INFO] Loading plugin 'docling_defaults'
2026-06-16 13:39:02,204 [INFO] Loading plugin 'docling_defaults'
2026-06-16 13:39:02,211 [INFO] Registered table structure engines: ['docling_tableformer', 'docling_tableformer_v2', 'granite_vision_table']
2026-06-16 13:39:02,211 [INFO] Registered table structure engines: ['docling_tableformer', 'docling_tableformer_v2', 'granite_vision_table']
2026-06-16 13:39:02,469 [INFO] HTTP Request: GET https://huggingface.co/api/models/docling-project/docling-models/revision/v2.3.0 "HTTP/1.1 200 OK"
2026-06-16 13:39:02,469 [INFO] HTTP Request: GET https://huggingface.co/api/models/docling-project/docling-models/revision/v2.3.0 "HTTP/1.1 200 OK"
2026-06-16 13:39:02,731 [INFO] Accelerator device: 'cuda:0'
2026-06-16 13:39:02,731 [INFO] Accelerator device: 'cuda:0'
2026-06-16 13:39:03,278 [INFO] Processing document 00 2013 Отчет по ЭМС ПС Первомайка (Изм.1).pdf
2026-06-16 13:39:03,278 [INFO] Processing document 00 2013 Отчет по ЭМС ПС Первомайка (Изм.1).pdf
2026-06-16 13:39:04,608 [INFO] command: tesseract --psm 0 -l osd /tmp/tmpd4ffa9gl.png stdout
2026-06-16 13:39:04,608 [INFO] command: tesseract --psm 0 -l osd /tmp/tmpd4ffa9gl.png stdout
2026-06-16 13:39:05,398 [INFO] command: tesseract -l rus+eng /tmp/tmpd4ffa9gl.png stdout tsv
2026-06-16 13:39:05,398 [INFO] command: tesseract -l rus+eng /tmp/tmpd4ffa9gl.png stdout tsv
2026-06-16 13:39:07,789 [INFO] command: tesseract --psm 0 -l osd /tmp/tmpq4icpxsz.png stdout
2026-06-16 13:39:07,789 [INFO] command: tesseract --psm 0 -l osd /tmp/tmpq4icpxsz.png stdout
2026-06-16 13:39:08,568 [INFO] command: tesseract -l rus+eng /tmp/tmpq4icpxsz.png stdout tsv
2026-06-16 13:39:08,568 [INFO] command: tesseract -l rus+eng /tmp/tmpq4icpxsz.png stdout tsv
2026-06-16 13:39:12,360 [INFO] command: tesseract --psm 0 -l osd /tmp/tmpajd2_i_k.png stdout
2026-06-16 13:39:12,360 [INFO] command: tesseract --psm 0 -l osd /tmp/tmpajd2_i_k.png stdout
2026-06-16 13:39:13,128 [INFO] command: tesseract -l rus+eng /tmp/tmpajd2_i_k.png stdout tsv
2026-06-16 13:39:13,128 [INFO] command: tesseract -l rus+eng /tmp/tmpajd2_i_k.png stdout tsv
2026-06-16 13:39:14,881 [INFO] command: tesseract --psm 0 -l osd /tmp/tmp6jmln81w.png stdout
2026-06-16 13:39:14,881 [INFO] command: tesseract --psm 0 -l osd /tmp/tmp6jmln81w.png stdout
2026-06-16 13:39:15,714 [INFO] command: tesseract -l rus+eng /tmp/tmp6jmln81w.png stdout tsv
2026-06-16 13:39:15,714 [INFO] command: tesseract -l rus+eng /tmp/tmp6jmln81w.png stdout tsv
2026-06-16 13:39:19,579 [INFO] command: tesseract --psm 0 -l osd /tmp/tmp9wczf7y8.png stdout
2026-06-16 13:39:19,579 [INFO] command: tesseract --psm 0 -l osd /tmp/tmp9wczf7y8.png stdout
2026-06-16 13:39:20,387 [INFO] command: tesseract -l rus+eng /tmp/tmp9wczf7y8.png stdout tsv
2026-06-16 13:39:20,387 [INFO] command: tesseract -l rus+eng /tmp/tmp9wczf7y8.png stdout tsv
2026-06-16 13:39:23,506 [INFO] command: tesseract --psm 0 -l osd /tmp/tmpn_72l4bj.png stdout
2026-06-16 13:39:23,506 [INFO] command: tesseract --psm 0 -l osd /tmp/tmpn_72l4bj.png stdout
2026-06-16 13:39:24,314 [INFO] command: tesseract -l rus+eng /tmp/tmpn_72l4bj.png stdout tsv
2026-06-16 13:39:24,314 [INFO] command: tesseract -l rus+eng /tmp/tmpn_72l4bj.png stdout tsv
2026-06-16 13:39:28,409 [INFO] command: tesseract --psm 0 -l osd /tmp/tmpjardnlxu.png stdout
2026-06-16 13:39:28,409 [INFO] command: tesseract --psm 0 -l osd /tmp/tmpjardnlxu.png stdout
2026-06-16 13:39:29,216 [INFO] command: tesseract -l rus+eng /tmp/tmpjardnlxu.png stdout tsv
2026-06-16 13:39:29,216 [INFO] command: tesseract -l rus+eng /tmp/tmpjardnlxu.png stdout tsv
2026-06-16 13:39:31,977 [INFO] command: tesseract --psm 0 -l osd /tmp/tmp9tf2m_1g.png stdout
2026-06-16 13:39:31,977 [INFO] command: tesseract --psm 0 -l osd /tmp/tmp9tf2m_1g.png stdout
2026-06-16 13:39:32,754 [INFO] command: tesseract -l rus+eng /tmp/tmp9tf2m_1g.png stdout tsv
2026-06-16 13:39:32,754 [INFO] command: tesseract -l rus+eng /tmp/tmp9tf2m_1g.png stdout tsv
2026-06-16 13:39:35,537 [INFO] command: tesseract --psm 0 -l osd /tmp/tmp4o160tkt.png stdout
2026-06-16 13:39:35,537 [INFO] command: tesseract --psm 0 -l osd /tmp/tmp4o160tkt.png stdout
2026-06-16 13:39:36,301 [INFO] command: tesseract -l rus+eng /tmp/tmp4o160tkt.png stdout tsv
2026-06-16 13:39:36,301 [INFO] command: tesseract -l rus+eng /tmp/tmp4o160tkt.png stdout tsv
2026-06-16 13:39:39,119 [INFO] command: tesseract --psm 0 -l osd /tmp/tmpyodft50k.png stdout
2026-06-16 13:39:39,119 [INFO] command: tesseract --psm 0 -l osd /tmp/tmpyodft50k.png stdout
2026-06-16 13:39:39,923 [INFO] command: tesseract -l rus+eng /tmp/tmpyodft50k.png stdout tsv
2026-06-16 13:39:39,923 [INFO] command: tesseract -l rus+eng /tmp/tmpyodft50k.png stdout tsv
2026-06-16 13:39:43,551 [INFO] command: tesseract --psm 0 -l osd /tmp/tmpsczahb0l.png stdout
2026-06-16 13:39:43,551 [INFO] command: tesseract --psm 0 -l osd /tmp/tmpsczahb0l.png stdout
2026-06-16 13:39:44,326 [INFO] command: tesseract -l rus+eng /tmp/tmpsczahb0l.png stdout tsv
2026-06-16 13:39:44,326 [INFO] command: tesseract -l rus+eng /tmp/tmpsczahb0l.png stdout tsv
2026-06-16 13:39:46,999 [INFO] command: tesseract --psm 0 -l osd /tmp/tmpxhl28l1b.png stdout
2026-06-16 13:39:46,999 [INFO] command: tesseract --psm 0 -l osd /tmp/tmpxhl28l1b.png stdout
2026-06-16 13:39:47,719 [INFO] command: tesseract -l rus+eng /tmp/tmpxhl28l1b.png stdout tsv
2026-06-16 13:39:47,719 [INFO] command: tesseract -l rus+eng /tmp/tmpxhl28l1b.png stdout tsv
2026-06-16 13:39:51,197 [INFO] command: tesseract --psm 0 -l osd /tmp/tmpococ05wb.png stdout
2026-06-16 13:39:51,197 [INFO] command: tesseract --psm 0 -l osd /tmp/tmpococ05wb.png stdout
2026-06-16 13:39:51,913 [INFO] command: tesseract -l rus+eng /tmp/tmpococ05wb.png stdout tsv
2026-06-16 13:39:51,913 [INFO] command: tesseract -l rus+eng /tmp/tmpococ05wb.png stdout tsv
2026-06-16 13:39:55,789 [INFO] command: tesseract --psm 0 -l osd /tmp/tmpbwikothx.png stdout
2026-06-16 13:39:55,789 [INFO] command: tesseract --psm 0 -l osd /tmp/tmpbwikothx.png stdout
2026-06-16 13:39:56,509 [INFO] command: tesseract -l rus+eng /tmp/tmpbwikothx.png stdout tsv
2026-06-16 13:39:56,509 [INFO] command: tesseract -l rus+eng /tmp/tmpbwikothx.png stdout tsv
2026-06-16 13:39:59,695 [INFO] command: tesseract --psm 0 -l osd /tmp/tmp7s5o01s1.png stdout
2026-06-16 13:39:59,695 [INFO] command: tesseract --psm 0 -l osd /tmp/tmp7s5o01s1.png stdout
2026-06-16 13:40:00,392 [INFO] command: tesseract -l rus+eng /tmp/tmp7s5o01s1.png stdout tsv
2026-06-16 13:40:00,392 [INFO] command: tesseract -l rus+eng /tmp/tmp7s5o01s1.png stdout tsv
2026-06-16 13:40:02,288 [INFO] command: tesseract --psm 0 -l osd /tmp/tmpad7un0j0.png stdout
2026-06-16 13:40:02,288 [INFO] command: tesseract --psm 0 -l osd /tmp/tmpad7un0j0.png stdout
2026-06-16 13:40:03,010 [INFO] command: tesseract -l rus+eng /tmp/tmpad7un0j0.png stdout tsv
2026-06-16 13:40:03,010 [INFO] command: tesseract -l rus+eng /tmp/tmpad7un0j0.png stdout tsv
2026-06-16 13:40:06,125 [INFO] command: tesseract --psm 0 -l osd /tmp/tmpwombyrsm.png stdout
2026-06-16 13:40:06,125 [INFO] command: tesseract --psm 0 -l osd /tmp/tmpwombyrsm.png stdout
2026-06-16 13:40:06,821 [INFO] command: tesseract -l rus+eng /tmp/tmpwombyrsm.png stdout tsv
2026-06-16 13:40:06,821 [INFO] command: tesseract -l rus+eng /tmp/tmpwombyrsm.png stdout tsv
2026-06-16 13:40:09,201 [INFO] command: tesseract --psm 0 -l osd /tmp/tmp0a2or2hx.png stdout
2026-06-16 13:40:09,201 [INFO] command: tesseract --psm 0 -l osd /tmp/tmp0a2or2hx.png stdout
2026-06-16 13:40:09,903 [INFO] command: tesseract -l rus+eng /tmp/tmp0a2or2hx.png stdout tsv
2026-06-16 13:40:09,903 [INFO] command: tesseract -l rus+eng /tmp/tmp0a2or2hx.png stdout tsv
2026-06-16 13:40:12,610 [INFO] command: tesseract --psm 0 -l osd /tmp/tmp7489oag_.png stdout
2026-06-16 13:40:12,610 [INFO] command: tesseract --psm 0 -l osd /tmp/tmp7489oag_.png stdout
2026-06-16 13:40:13,340 [INFO] command: tesseract -l rus+eng /tmp/tmp7489oag_.png stdout tsv
2026-06-16 13:40:13,340 [INFO] command: tesseract -l rus+eng /tmp/tmp7489oag_.png stdout tsv
2026-06-16 13:40:16,341 [INFO] command: tesseract --psm 0 -l osd /tmp/tmp2g8x08bh.png stdout
2026-06-16 13:40:16,341 [INFO] command: tesseract --psm 0 -l osd /tmp/tmp2g8x08bh.png stdout
2026-06-16 13:40:17,100 [INFO] command: tesseract -l rus+eng /tmp/tmp2g8x08bh.png stdout tsv
2026-06-16 13:40:17,100 [INFO] command: tesseract -l rus+eng /tmp/tmp2g8x08bh.png stdout tsv
2026-06-16 13:40:20,959 [INFO] command: tesseract --psm 0 -l osd /tmp/tmpylotuouc.png stdout
2026-06-16 13:40:20,959 [INFO] command: tesseract --psm 0 -l osd /tmp/tmpylotuouc.png stdout
2026-06-16 13:40:21,692 [INFO] command: tesseract -l rus+eng /tmp/tmpylotuouc.png stdout tsv
2026-06-16 13:40:21,692 [INFO] command: tesseract -l rus+eng /tmp/tmpylotuouc.png stdout tsv
2026-06-16 13:40:25,645 [INFO] command: tesseract --psm 0 -l osd /tmp/tmp1wuzlol8.png stdout
2026-06-16 13:40:25,645 [INFO] command: tesseract --psm 0 -l osd /tmp/tmp1wuzlol8.png stdout
2026-06-16 13:40:26,364 [INFO] command: tesseract -l rus+eng /tmp/tmp1wuzlol8.png stdout tsv
2026-06-16 13:40:26,364 [INFO] command: tesseract -l rus+eng /tmp/tmp1wuzlol8.png stdout tsv
2026-06-16 13:40:30,186 [INFO] command: tesseract --psm 0 -l osd /tmp/tmpff61xbeu.png stdout
2026-06-16 13:40:30,186 [INFO] command: tesseract --psm 0 -l osd /tmp/tmpff61xbeu.png stdout
2026-06-16 13:40:30,875 [INFO] command: tesseract -l rus+eng /tmp/tmpff61xbeu.png stdout tsv
2026-06-16 13:40:30,875 [INFO] command: tesseract -l rus+eng /tmp/tmpff61xbeu.png stdout tsv
2026-06-16 13:40:32,958 [INFO] command: tesseract --psm 0 -l osd /tmp/tmptpa661p5.png stdout
2026-06-16 13:40:32,958 [INFO] command: tesseract --psm 0 -l osd /tmp/tmptpa661p5.png stdout
2026-06-16 13:40:33,669 [INFO] command: tesseract -l rus+eng /tmp/tmptpa661p5.png stdout tsv
2026-06-16 13:40:33,669 [INFO] command: tesseract -l rus+eng /tmp/tmptpa661p5.png stdout tsv
2026-06-16 13:40:35,949 [INFO] command: tesseract --psm 0 -l osd /tmp/tmpnok2pyqo.png stdout
2026-06-16 13:40:35,949 [INFO] command: tesseract --psm 0 -l osd /tmp/tmpnok2pyqo.png stdout
2026-06-16 13:40:36,669 [INFO] command: tesseract -l rus+eng /tmp/tmpnok2pyqo.png stdout tsv
2026-06-16 13:40:36,669 [INFO] command: tesseract -l rus+eng /tmp/tmpnok2pyqo.png stdout tsv
2026-06-16 13:40:39,997 [INFO] command: tesseract --psm 0 -l osd /tmp/tmpqsfukp4m.png stdout
2026-06-16 13:40:39,997 [INFO] command: tesseract --psm 0 -l osd /tmp/tmpqsfukp4m.png stdout
2026-06-16 13:40:40,720 [INFO] command: tesseract -l rus+eng /tmp/tmpqsfukp4m.png stdout tsv
2026-06-16 13:40:40,720 [INFO] command: tesseract -l rus+eng /tmp/tmpqsfukp4m.png stdout tsv
2026-06-16 13:40:42,909 [INFO] command: tesseract --psm 0 -l osd /tmp/tmp0o04qmae.png stdout
2026-06-16 13:40:42,909 [INFO] command: tesseract --psm 0 -l osd /tmp/tmp0o04qmae.png stdout
2026-06-16 13:40:43,602 [INFO] command: tesseract -l rus+eng /tmp/tmp0o04qmae.png stdout tsv
2026-06-16 13:40:43,602 [INFO] command: tesseract -l rus+eng /tmp/tmp0o04qmae.png stdout tsv
2026-06-16 13:40:44,941 [INFO] command: tesseract --psm 0 -l osd /tmp/tmp5ouqo7mz.png stdout
2026-06-16 13:40:44,941 [INFO] command: tesseract --psm 0 -l osd /tmp/tmp5ouqo7mz.png stdout
2026-06-16 13:40:45,740 [INFO] command: tesseract -l rus+eng /tmp/tmp5ouqo7mz.png stdout tsv
2026-06-16 13:40:45,740 [INFO] command: tesseract -l rus+eng /tmp/tmp5ouqo7mz.png stdout tsv
/home/mint/smart-db/core/text_processor.py:17: FutureWarning: 

All support for the `google.generativeai` package has ended. It will no longer be receiving 
updates or bug fixes. Please switch to the `google.genai` package as soon as possible.
See README for more details:

https://github.com/google-gemini/deprecated-generative-ai-python/blob/main/README.md

  import google.generativeai as genai
2026-06-16 13:40:54,361 [INFO] Started ingestion daemon. Monitoring /home/mint/smart-db/INPUT
Initializing Docling DocumentConverter with Russian OCR...
Docling ready.
2026-06-16 13:40:54,361 [INFO] Started ingestion daemon. Monitoring /home/mint/smart-db/INPUT
2026-06-16 13:40:54,361 [INFO] Ingesting 00 2013 Отчет по ЭМС ПС Первомайка (Изм.1).pdf via OCR...
2026-06-16 13:40:54,361 [INFO] Ingesting 00 2013 Отчет по ЭМС ПС Первомайка (Изм.1).pdf via OCR...
2026-06-16 13:40:54,370 [INFO] detected formats: [<InputFormat.PDF: 'pdf'>]
Processing 00 2013 Отчет по ЭМС ПС Первомайка (Изм.1).pdf with Docling...
2026-06-16 13:40:54,370 [INFO] detected formats: [<InputFormat.PDF: 'pdf'>]
2026-06-16 13:40:54,397 [INFO] Going to convert document batch...
2026-06-16 13:40:54,397 [INFO] Going to convert document batch...
2026-06-16 13:40:54,397 [INFO] Initializing pipeline for StandardPdfPipeline with options hash 0be8f8cc83886825b392a99e0fdb6525
2026-06-16 13:40:54,397 [INFO] Initializing pipeline for StandardPdfPipeline with options hash 0be8f8cc83886825b392a99e0fdb6525
2026-06-16 13:40:54,402 [INFO] Loading plugin 'docling_defaults'
2026-06-16 13:40:54,402 [INFO] Loading plugin 'docling_defaults'
2026-06-16 13:40:54,403 [INFO] Registered picture descriptions: ['picture_description_vlm_engine', 'vlm', 'api']
2026-06-16 13:40:54,403 [INFO] Registered picture descriptions: ['picture_description_vlm_engine', 'vlm', 'api']
2026-06-16 13:40:54,407 [INFO] Loading plugin 'docling_defaults'
2026-06-16 13:40:54,407 [INFO] Loading plugin 'docling_defaults'
2026-06-16 13:40:54,413 [INFO] Registered ocr engines: ['auto', 'easyocr', 'kserve_v2_ocr', 'ocrmac', 'rapidocr', 'tesserocr', 'tesseract']
2026-06-16 13:40:54,413 [INFO] Registered ocr engines: ['auto', 'easyocr', 'kserve_v2_ocr', 'ocrmac', 'rapidocr', 'tesserocr', 'tesseract']
2026-06-16 13:40:54,448 [INFO] command: tesseract --list-langs
2026-06-16 13:40:54,448 [INFO] command: tesseract --list-langs
2026-06-16 13:40:54,461 [INFO] Loading plugin 'docling_defaults'
2026-06-16 13:40:54,461 [INFO] Loading plugin 'docling_defaults'
2026-06-16 13:40:54,463 [INFO] Registered layout engines: ['layout_object_detection', 'docling_layout_default', 'docling_experimental_table_crops_layout']
2026-06-16 13:40:54,463 [INFO] Registered layout engines: ['layout_object_detection', 'docling_layout_default', 'docling_experimental_table_crops_layout']
2026-06-16 13:40:54,589 [INFO] Accelerator device: 'cuda:0'
2026-06-16 13:40:54,589 [INFO] Accelerator device: 'cuda:0'
2026-06-16 13:40:55,228 [INFO] HTTP Request: GET https://huggingface.co/api/models/docling-project/docling-layout-heron/revision/main "HTTP/1.1 200 OK"
2026-06-16 13:40:55,228 [INFO] HTTP Request: GET https://huggingface.co/api/models/docling-project/docling-layout-heron/revision/main "HTTP/1.1 200 OK"
Loading weights:   0%|          | 0/770 [00:00<?, ?it/s]Loading weights:  35%|███▍      | 269/770 [00:00<00:00, 2678.54it/s]Loading weights:  80%|████████  | 618/770 [00:00<00:00, 3149.53it/s]Loading weights: 100%|██████████| 770/770 [00:00<00:00, 3515.34it/s]
2026-06-16 13:40:55,788 [INFO] Loading plugin 'docling_defaults'
2026-06-16 13:40:55,788 [INFO] Loading plugin 'docling_defaults'
2026-06-16 13:40:55,791 [INFO] Registered table structure engines: ['docling_tableformer', 'docling_tableformer_v2', 'granite_vision_table']
2026-06-16 13:40:55,791 [INFO] Registered table structure engines: ['docling_tableformer', 'docling_tableformer_v2', 'granite_vision_table']
2026-06-16 13:40:56,047 [INFO] HTTP Request: GET https://huggingface.co/api/models/docling-project/docling-models/revision/v2.3.0 "HTTP/1.1 200 OK"
2026-06-16 13:40:56,047 [INFO] HTTP Request: GET https://huggingface.co/api/models/docling-project/docling-models/revision/v2.3.0 "HTTP/1.1 200 OK"
2026-06-16 13:40:56,115 [INFO] Accelerator device: 'cuda:0'
2026-06-16 13:40:56,115 [INFO] Accelerator device: 'cuda:0'
2026-06-16 13:40:56,478 [INFO] Processing document 00 2013 Отчет по ЭМС ПС Первомайка (Изм.1).pdf
2026-06-16 13:40:56,478 [INFO] Processing document 00 2013 Отчет по ЭМС ПС Первомайка (Изм.1).pdf
2026-06-16 13:40:57,726 [INFO] command: tesseract --psm 0 -l osd /tmp/tmpf706mep5.png stdout
2026-06-16 13:40:57,726 [INFO] command: tesseract --psm 0 -l osd /tmp/tmpf706mep5.png stdout
2026-06-16 13:40:58,462 [INFO] command: tesseract -l rus+eng /tmp/tmpf706mep5.png stdout tsv
2026-06-16 13:40:58,462 [INFO] command: tesseract -l rus+eng /tmp/tmpf706mep5.png stdout tsv
2026-06-16 13:41:00,896 [INFO] command: tesseract --psm 0 -l osd /tmp/tmpy2jtjtnh.png stdout
2026-06-16 13:41:00,896 [INFO] command: tesseract --psm 0 -l osd /tmp/tmpy2jtjtnh.png stdout
2026-06-16 13:41:01,696 [INFO] command: tesseract -l rus+eng /tmp/tmpy2jtjtnh.png stdout tsv
2026-06-16 13:41:01,696 [INFO] command: tesseract -l rus+eng /tmp/tmpy2jtjtnh.png stdout tsv
2026-06-16 13:41:05,652 [INFO] command: tesseract --psm 0 -l osd /tmp/tmpiy7m3xvr.png stdout
2026-06-16 13:41:05,652 [INFO] command: tesseract --psm 0 -l osd /tmp/tmpiy7m3xvr.png stdout
2026-06-16 13:41:06,383 [INFO] command: tesseract -l rus+eng /tmp/tmpiy7m3xvr.png stdout tsv
2026-06-16 13:41:06,383 [INFO] command: tesseract -l rus+eng /tmp/tmpiy7m3xvr.png stdout tsv
2026-06-16 13:41:08,294 [INFO] command: tesseract --psm 0 -l osd /tmp/tmpsy7pix68.png stdout
2026-06-16 13:41:08,294 [INFO] command: tesseract --psm 0 -l osd /tmp/tmpsy7pix68.png stdout
2026-06-16 13:41:09,139 [INFO] command: tesseract -l rus+eng /tmp/tmpsy7pix68.png stdout tsv
2026-06-16 13:41:09,139 [INFO] command: tesseract -l rus+eng /tmp/tmpsy7pix68.png stdout tsv
2026-06-16 13:41:13,106 [INFO] command: tesseract --psm 0 -l osd /tmp/tmpwrutuoer.png stdout
2026-06-16 13:41:13,106 [INFO] command: tesseract --psm 0 -l osd /tmp/tmpwrutuoer.png stdout
2026-06-16 13:41:13,917 [INFO] command: tesseract -l rus+eng /tmp/tmpwrutuoer.png stdout tsv
2026-06-16 13:41:13,917 [INFO] command: tesseract -l rus+eng /tmp/tmpwrutuoer.png stdout tsv
2026-06-16 13:41:17,067 [INFO] command: tesseract --psm 0 -l osd /tmp/tmphyts1svg.png stdout
2026-06-16 13:41:17,067 [INFO] command: tesseract --psm 0 -l osd /tmp/tmphyts1svg.png stdout
2026-06-16 13:41:17,874 [INFO] command: tesseract -l rus+eng /tmp/tmphyts1svg.png stdout tsv
2026-06-16 13:41:17,874 [INFO] command: tesseract -l rus+eng /tmp/tmphyts1svg.png stdout tsv
2026-06-16 13:41:22,081 [INFO] command: tesseract --psm 0 -l osd /tmp/tmpdqzx_4s0.png stdout
2026-06-16 13:41:22,081 [INFO] command: tesseract --psm 0 -l osd /tmp/tmpdqzx_4s0.png stdout
2026-06-16 13:41:22,926 [INFO] command: tesseract -l rus+eng /tmp/tmpdqzx_4s0.png stdout tsv
2026-06-16 13:41:22,926 [INFO] command: tesseract -l rus+eng /tmp/tmpdqzx_4s0.png stdout tsv
/home/mint/smart-db/core/text_processor.py:17: FutureWarning: 

All support for the `google.generativeai` package has ended. It will no longer be receiving 
updates or bug fixes. Please switch to the `google.genai` package as soon as possible.
See README for more details:

https://github.com/google-gemini/deprecated-generative-ai-python/blob/main/README.md

  import google.generativeai as genai
2026-06-16 13:41:25,638 [INFO] command: tesseract --psm 0 -l osd /tmp/tmpt4xhy6r0.png stdout
2026-06-16 13:41:25,638 [INFO] command: tesseract --psm 0 -l osd /tmp/tmpt4xhy6r0.png stdout
2026-06-16 13:41:26,440 [INFO] command: tesseract -l rus+eng /tmp/tmpt4xhy6r0.png stdout tsv
2026-06-16 13:41:26,440 [INFO] command: tesseract -l rus+eng /tmp/tmpt4xhy6r0.png stdout tsv
2026-06-16 13:41:26,757 [INFO] Started ingestion daemon. Monitoring /home/mint/smart-db/INPUT
Initializing Docling DocumentConverter with Russian OCR...
Docling ready.
2026-06-16 13:41:26,757 [INFO] Started ingestion daemon. Monitoring /home/mint/smart-db/INPUT
2026-06-16 13:41:26,757 [INFO] Ingesting 00 2013 Отчет по ЭМС ПС Первомайка (Изм.1).pdf via OCR...
2026-06-16 13:41:26,757 [INFO] Ingesting 00 2013 Отчет по ЭМС ПС Первомайка (Изм.1).pdf via OCR...
2026-06-16 13:41:26,765 [INFO] detected formats: [<InputFormat.PDF: 'pdf'>]
Processing 00 2013 Отчет по ЭМС ПС Первомайка (Изм.1).pdf with Docling...
2026-06-16 13:41:26,765 [INFO] detected formats: [<InputFormat.PDF: 'pdf'>]
2026-06-16 13:41:26,791 [INFO] Going to convert document batch...
2026-06-16 13:41:26,791 [INFO] Going to convert document batch...
2026-06-16 13:41:26,791 [INFO] Initializing pipeline for StandardPdfPipeline with options hash 0be8f8cc83886825b392a99e0fdb6525
2026-06-16 13:41:26,791 [INFO] Initializing pipeline for StandardPdfPipeline with options hash 0be8f8cc83886825b392a99e0fdb6525
2026-06-16 13:41:26,795 [INFO] Loading plugin 'docling_defaults'
2026-06-16 13:41:26,795 [INFO] Loading plugin 'docling_defaults'
2026-06-16 13:41:26,796 [INFO] Registered picture descriptions: ['picture_description_vlm_engine', 'vlm', 'api']
2026-06-16 13:41:26,796 [INFO] Registered picture descriptions: ['picture_description_vlm_engine', 'vlm', 'api']
2026-06-16 13:41:26,800 [INFO] Loading plugin 'docling_defaults'
2026-06-16 13:41:26,800 [INFO] Loading plugin 'docling_defaults'
2026-06-16 13:41:26,805 [INFO] Registered ocr engines: ['auto', 'easyocr', 'kserve_v2_ocr', 'ocrmac', 'rapidocr', 'tesserocr', 'tesseract']
2026-06-16 13:41:26,805 [INFO] Registered ocr engines: ['auto', 'easyocr', 'kserve_v2_ocr', 'ocrmac', 'rapidocr', 'tesserocr', 'tesseract']
2026-06-16 13:41:26,840 [INFO] command: tesseract --list-langs
2026-06-16 13:41:26,840 [INFO] command: tesseract --list-langs
2026-06-16 13:41:26,856 [INFO] Loading plugin 'docling_defaults'
2026-06-16 13:41:26,856 [INFO] Loading plugin 'docling_defaults'
2026-06-16 13:41:26,857 [INFO] Registered layout engines: ['layout_object_detection', 'docling_layout_default', 'docling_experimental_table_crops_layout']
2026-06-16 13:41:26,857 [INFO] Registered layout engines: ['layout_object_detection', 'docling_layout_default', 'docling_experimental_table_crops_layout']
2026-06-16 13:41:26,875 [INFO] Accelerator device: 'cuda:0'
2026-06-16 13:41:26,875 [INFO] Accelerator device: 'cuda:0'
2026-06-16 13:41:27,450 [INFO] HTTP Request: GET https://huggingface.co/api/models/docling-project/docling-layout-heron/revision/main "HTTP/1.1 200 OK"
2026-06-16 13:41:27,450 [INFO] HTTP Request: GET https://huggingface.co/api/models/docling-project/docling-layout-heron/revision/main "HTTP/1.1 200 OK"
Loading weights:   0%|          | 0/770 [00:00<?, ?it/s]Loading weights: 100%|██████████| 770/770 [00:00<00:00, 9149.88it/s]
2026-06-16 13:41:27,818 [INFO] Loading plugin 'docling_defaults'
2026-06-16 13:41:27,818 [INFO] Loading plugin 'docling_defaults'
2026-06-16 13:41:27,820 [INFO] Registered table structure engines: ['docling_tableformer', 'docling_tableformer_v2', 'granite_vision_table']
2026-06-16 13:41:27,820 [INFO] Registered table structure engines: ['docling_tableformer', 'docling_tableformer_v2', 'granite_vision_table']
2026-06-16 13:41:28,090 [INFO] HTTP Request: GET https://huggingface.co/api/models/docling-project/docling-models/revision/v2.3.0 "HTTP/1.1 200 OK"
2026-06-16 13:41:28,090 [INFO] HTTP Request: GET https://huggingface.co/api/models/docling-project/docling-models/revision/v2.3.0 "HTTP/1.1 200 OK"
2026-06-16 13:41:28,123 [INFO] Accelerator device: 'cuda:0'
2026-06-16 13:41:28,123 [INFO] Accelerator device: 'cuda:0'
2026-06-16 13:41:28,439 [INFO] Processing document 00 2013 Отчет по ЭМС ПС Первомайка (Изм.1).pdf
2026-06-16 13:41:28,439 [INFO] Processing document 00 2013 Отчет по ЭМС ПС Первомайка (Изм.1).pdf
2026-06-16 13:41:29,343 [INFO] command: tesseract --psm 0 -l osd /tmp/tmpvildc8xc.png stdout
2026-06-16 13:41:29,343 [INFO] command: tesseract --psm 0 -l osd /tmp/tmpvildc8xc.png stdout
2026-06-16 13:41:29,626 [INFO] command: tesseract --psm 0 -l osd /tmp/tmp0lc32ntd.png stdout
2026-06-16 13:41:29,626 [INFO] command: tesseract --psm 0 -l osd /tmp/tmp0lc32ntd.png stdout
2026-06-16 13:41:30,103 [INFO] command: tesseract -l rus+eng /tmp/tmpvildc8xc.png stdout tsv
2026-06-16 13:41:30,103 [INFO] command: tesseract -l rus+eng /tmp/tmpvildc8xc.png stdout tsv
2026-06-16 13:41:30,358 [INFO] command: tesseract -l rus+eng /tmp/tmp0lc32ntd.png stdout tsv
2026-06-16 13:41:30,358 [INFO] command: tesseract -l rus+eng /tmp/tmp0lc32ntd.png stdout tsv
2026-06-16 13:41:32,835 [INFO] command: tesseract --psm 0 -l osd /tmp/tmpmpepwvz1.png stdout
2026-06-16 13:41:32,835 [INFO] command: tesseract --psm 0 -l osd /tmp/tmpmpepwvz1.png stdout
2026-06-16 13:41:32,905 [INFO] command: tesseract --psm 0 -l osd /tmp/tmpfzlx6i_s.png stdout
2026-06-16 13:41:32,905 [INFO] command: tesseract --psm 0 -l osd /tmp/tmpfzlx6i_s.png stdout
2026-06-16 13:41:33,718 [INFO] command: tesseract -l rus+eng /tmp/tmpfzlx6i_s.png stdout tsv
2026-06-16 13:41:33,718 [INFO] command: tesseract -l rus+eng /tmp/tmpfzlx6i_s.png stdout tsv
2026-06-16 13:41:33,778 [INFO] command: tesseract -l rus+eng /tmp/tmpmpepwvz1.png stdout tsv
2026-06-16 13:41:33,778 [INFO] command: tesseract -l rus+eng /tmp/tmpmpepwvz1.png stdout tsv
2026-06-16 13:41:37,576 [INFO] command: tesseract --psm 0 -l osd /tmp/tmpu381_gvn.png stdout
2026-06-16 13:41:37,576 [INFO] command: tesseract --psm 0 -l osd /tmp/tmpu381_gvn.png stdout
2026-06-16 13:41:38,002 [INFO] command: tesseract --psm 0 -l osd /tmp/tmpqyts1dik.png stdout
2026-06-16 13:41:38,002 [INFO] command: tesseract --psm 0 -l osd /tmp/tmpqyts1dik.png stdout
2026-06-16 13:41:38,419 [INFO] command: tesseract -l rus+eng /tmp/tmpu381_gvn.png stdout tsv
2026-06-16 13:41:38,419 [INFO] command: tesseract -l rus+eng /tmp/tmpu381_gvn.png stdout tsv
2026-06-16 13:41:38,776 [INFO] command: tesseract -l rus+eng /tmp/tmpqyts1dik.png stdout tsv
2026-06-16 13:41:38,776 [INFO] command: tesseract -l rus+eng /tmp/tmpqyts1dik.png stdout tsv
2026-06-16 13:41:40,630 [INFO] command: tesseract --psm 0 -l osd /tmp/tmpdsgvjavu.png stdout
2026-06-16 13:41:40,630 [INFO] command: tesseract --psm 0 -l osd /tmp/tmpdsgvjavu.png stdout
2026-06-16 13:41:41,218 [INFO] command: tesseract --psm 0 -l osd /tmp/tmpmvkot2jf.png stdout
2026-06-16 13:41:41,218 [INFO] command: tesseract --psm 0 -l osd /tmp/tmpmvkot2jf.png stdout
2026-06-16 13:41:41,522 [INFO] command: tesseract -l rus+eng /tmp/tmpdsgvjavu.png stdout tsv
2026-06-16 13:41:41,522 [INFO] command: tesseract -l rus+eng /tmp/tmpdsgvjavu.png stdout tsv
2026-06-16 13:41:41,940 [INFO] command: tesseract -l rus+eng /tmp/tmpmvkot2jf.png stdout tsv
2026-06-16 13:41:41,940 [INFO] command: tesseract -l rus+eng /tmp/tmpmvkot2jf.png stdout tsv
2026-06-16 13:41:45,575 [INFO] command: tesseract --psm 0 -l osd /tmp/tmpnze7sbfs.png stdout
2026-06-16 13:41:45,575 [INFO] command: tesseract --psm 0 -l osd /tmp/tmpnze7sbfs.png stdout
2026-06-16 13:41:45,642 [INFO] command: tesseract --psm 0 -l osd /tmp/tmpdyv2i1y1.png stdout
2026-06-16 13:41:45,642 [INFO] command: tesseract --psm 0 -l osd /tmp/tmpdyv2i1y1.png stdout
2026-06-16 13:41:46,372 [INFO] command: tesseract -l rus+eng /tmp/tmpdyv2i1y1.png stdout tsv
2026-06-16 13:41:46,372 [INFO] command: tesseract -l rus+eng /tmp/tmpdyv2i1y1.png stdout tsv
2026-06-16 13:41:46,378 [INFO] command: tesseract -l rus+eng /tmp/tmpnze7sbfs.png stdout tsv
2026-06-16 13:41:46,378 [INFO] command: tesseract -l rus+eng /tmp/tmpnze7sbfs.png stdout tsv
2026-06-16 13:41:49,702 [INFO] command: tesseract --psm 0 -l osd /tmp/tmp32_sk9xi.png stdout
2026-06-16 13:41:49,702 [INFO] command: tesseract --psm 0 -l osd /tmp/tmp32_sk9xi.png stdout
2026-06-16 13:41:50,227 [INFO] command: tesseract --psm 0 -l osd /tmp/tmp_bgf2wvr.png stdout
2026-06-16 13:41:50,227 [INFO] command: tesseract --psm 0 -l osd /tmp/tmp_bgf2wvr.png stdout
2026-06-16 13:41:50,582 [INFO] command: tesseract -l rus+eng /tmp/tmp32_sk9xi.png stdout tsv
2026-06-16 13:41:50,582 [INFO] command: tesseract -l rus+eng /tmp/tmp32_sk9xi.png stdout tsv
2026-06-16 13:41:50,984 [INFO] command: tesseract -l rus+eng /tmp/tmp_bgf2wvr.png stdout tsv
2026-06-16 13:41:50,984 [INFO] command: tesseract -l rus+eng /tmp/tmp_bgf2wvr.png stdout tsv
2026-06-16 13:41:54,389 [INFO] command: tesseract --psm 0 -l osd /tmp/tmpksbrkd5d.png stdout
2026-06-16 13:41:54,389 [INFO] command: tesseract --psm 0 -l osd /tmp/tmpksbrkd5d.png stdout
2026-06-16 13:41:54,912 [INFO] command: tesseract --psm 0 -l osd /tmp/tmpcgqw9yqj.png stdout
2026-06-16 13:41:54,912 [INFO] command: tesseract --psm 0 -l osd /tmp/tmpcgqw9yqj.png stdout
2026-06-16 13:41:55,111 [INFO] command: tesseract -l rus+eng /tmp/tmpksbrkd5d.png stdout tsv
2026-06-16 13:41:55,111 [INFO] command: tesseract -l rus+eng /tmp/tmpksbrkd5d.png stdout tsv
2026-06-16 13:41:55,714 [INFO] command: tesseract -l rus+eng /tmp/tmpcgqw9yqj.png stdout tsv
2026-06-16 13:41:55,714 [INFO] command: tesseract -l rus+eng /tmp/tmpcgqw9yqj.png stdout tsv
2026-06-16 13:41:57,070 [INFO] command: tesseract --psm 0 -l osd /tmp/tmpqghyw2do.png stdout
2026-06-16 13:41:57,070 [INFO] command: tesseract --psm 0 -l osd /tmp/tmpqghyw2do.png stdout
2026-06-16 13:41:57,844 [INFO] command: tesseract -l rus+eng /tmp/tmpqghyw2do.png stdout tsv
2026-06-16 13:41:57,844 [INFO] command: tesseract -l rus+eng /tmp/tmpqghyw2do.png stdout tsv
2026-06-16 13:41:58,405 [INFO] command: tesseract --psm 0 -l osd /tmp/tmpbf5lmhh_.png stdout
2026-06-16 13:41:58,405 [INFO] command: tesseract --psm 0 -l osd /tmp/tmpbf5lmhh_.png stdout
2026-06-16 13:41:59,183 [INFO] command: tesseract -l rus+eng /tmp/tmpbf5lmhh_.png stdout tsv
2026-06-16 13:41:59,183 [INFO] command: tesseract -l rus+eng /tmp/tmpbf5lmhh_.png stdout tsv
2026-06-16 13:42:01,037 [INFO] command: tesseract --psm 0 -l osd /tmp/tmpntrsjd9r.png stdout
2026-06-16 13:42:01,037 [INFO] command: tesseract --psm 0 -l osd /tmp/tmpntrsjd9r.png stdout
2026-06-16 13:42:01,749 [INFO] command: tesseract -l rus+eng /tmp/tmpntrsjd9r.png stdout tsv
2026-06-16 13:42:01,749 [INFO] command: tesseract -l rus+eng /tmp/tmpntrsjd9r.png stdout tsv
2026-06-16 13:42:02,027 [INFO] command: tesseract --psm 0 -l osd /tmp/tmp2q7qk53s.png stdout
2026-06-16 13:42:02,027 [INFO] command: tesseract --psm 0 -l osd /tmp/tmp2q7qk53s.png stdout
2026-06-16 13:42:02,817 [INFO] command: tesseract -l rus+eng /tmp/tmp2q7qk53s.png stdout tsv
2026-06-16 13:42:02,817 [INFO] command: tesseract -l rus+eng /tmp/tmp2q7qk53s.png stdout tsv
2026-06-16 13:42:04,153 [INFO] command: tesseract --psm 0 -l osd /tmp/tmpibiy1e4k.png stdout
2026-06-16 13:42:04,153 [INFO] command: tesseract --psm 0 -l osd /tmp/tmpibiy1e4k.png stdout
2026-06-16 13:42:04,906 [INFO] command: tesseract -l rus+eng /tmp/tmpibiy1e4k.png stdout tsv
2026-06-16 13:42:04,906 [INFO] command: tesseract -l rus+eng /tmp/tmpibiy1e4k.png stdout tsv
2026-06-16 13:42:05,615 [INFO] command: tesseract --psm 0 -l osd /tmp/tmpb88cvzo8.png stdout
2026-06-16 13:42:05,615 [INFO] command: tesseract --psm 0 -l osd /tmp/tmpb88cvzo8.png stdout
2026-06-16 13:42:06,482 [INFO] command: tesseract -l rus+eng /tmp/tmpb88cvzo8.png stdout tsv
2026-06-16 13:42:06,482 [INFO] command: tesseract -l rus+eng /tmp/tmpb88cvzo8.png stdout tsv
2026-06-16 13:42:07,786 [INFO] command: tesseract --psm 0 -l osd /tmp/tmpje_j71sc.png stdout
2026-06-16 13:42:07,786 [INFO] command: tesseract --psm 0 -l osd /tmp/tmpje_j71sc.png stdout
2026-06-16 13:42:08,543 [INFO] command: tesseract -l rus+eng /tmp/tmpje_j71sc.png stdout tsv
2026-06-16 13:42:08,543 [INFO] command: tesseract -l rus+eng /tmp/tmpje_j71sc.png stdout tsv
2026-06-16 13:42:10,114 [INFO] command: tesseract --psm 0 -l osd /tmp/tmp1ag433gk.png stdout
2026-06-16 13:42:10,114 [INFO] command: tesseract --psm 0 -l osd /tmp/tmp1ag433gk.png stdout
2026-06-16 13:42:10,973 [INFO] command: tesseract -l rus+eng /tmp/tmp1ag433gk.png stdout tsv
2026-06-16 13:42:10,973 [INFO] command: tesseract -l rus+eng /tmp/tmp1ag433gk.png stdout tsv
2026-06-16 13:42:11,426 [INFO] command: tesseract --psm 0 -l osd /tmp/tmpgfynfdji.png stdout
2026-06-16 13:42:11,426 [INFO] command: tesseract --psm 0 -l osd /tmp/tmpgfynfdji.png stdout
2026-06-16 13:42:12,183 [INFO] command: tesseract -l rus+eng /tmp/tmpgfynfdji.png stdout tsv
2026-06-16 13:42:12,183 [INFO] command: tesseract -l rus+eng /tmp/tmpgfynfdji.png stdout tsv
2026-06-16 13:42:13,666 [INFO] command: tesseract --psm 0 -l osd /tmp/tmpenjxqxm8.png stdout
2026-06-16 13:42:13,666 [INFO] command: tesseract --psm 0 -l osd /tmp/tmpenjxqxm8.png stdout
2026-06-16 13:42:14,392 [INFO] command: tesseract -l rus+eng /tmp/tmpenjxqxm8.png stdout tsv
2026-06-16 13:42:14,392 [INFO] command: tesseract -l rus+eng /tmp/tmpenjxqxm8.png stdout tsv
2026-06-16 13:42:16,138 [INFO] command: tesseract --psm 0 -l osd /tmp/tmp6p5jpw0x.png stdout
2026-06-16 13:42:16,138 [INFO] command: tesseract --psm 0 -l osd /tmp/tmp6p5jpw0x.png stdout
2026-06-16 13:42:16,900 [INFO] command: tesseract -l rus+eng /tmp/tmp6p5jpw0x.png stdout tsv
2026-06-16 13:42:16,900 [INFO] command: tesseract -l rus+eng /tmp/tmp6p5jpw0x.png stdout tsv
2026-06-16 13:42:17,921 [INFO] command: tesseract --psm 0 -l osd /tmp/tmpz_ysxzzq.png stdout
2026-06-16 13:42:17,921 [INFO] command: tesseract --psm 0 -l osd /tmp/tmpz_ysxzzq.png stdout
2026-06-16 13:42:18,640 [INFO] command: tesseract -l rus+eng /tmp/tmpz_ysxzzq.png stdout tsv
2026-06-16 13:42:18,640 [INFO] command: tesseract -l rus+eng /tmp/tmpz_ysxzzq.png stdout tsv
2026-06-16 13:42:21,053 [INFO] command: tesseract --psm 0 -l osd /tmp/tmpa33g1_pp.png stdout
2026-06-16 13:42:21,053 [INFO] command: tesseract --psm 0 -l osd /tmp/tmpa33g1_pp.png stdout
2026-06-16 13:42:21,827 [INFO] command: tesseract -l rus+eng /tmp/tmpa33g1_pp.png stdout tsv
2026-06-16 13:42:21,827 [INFO] command: tesseract -l rus+eng /tmp/tmpa33g1_pp.png stdout tsv
2026-06-16 13:42:22,507 [INFO] command: tesseract --psm 0 -l osd /tmp/tmpt99w9abp.png stdout
2026-06-16 13:42:22,507 [INFO] command: tesseract --psm 0 -l osd /tmp/tmpt99w9abp.png stdout
2026-06-16 13:42:23,472 [INFO] command: tesseract -l rus+eng /tmp/tmpt99w9abp.png stdout tsv
2026-06-16 13:42:23,472 [INFO] command: tesseract -l rus+eng /tmp/tmpt99w9abp.png stdout tsv
2026-06-16 13:42:25,736 [INFO] command: tesseract --psm 0 -l osd /tmp/tmp_rsgesda.png stdout
2026-06-16 13:42:25,736 [INFO] command: tesseract --psm 0 -l osd /tmp/tmp_rsgesda.png stdout
2026-06-16 13:42:26,427 [INFO] command: tesseract -l rus+eng /tmp/tmp_rsgesda.png stdout tsv
2026-06-16 13:42:26,427 [INFO] command: tesseract -l rus+eng /tmp/tmp_rsgesda.png stdout tsv
2026-06-16 13:42:26,734 [INFO] command: tesseract --psm 0 -l osd /tmp/tmp_mdpw38s.png stdout
2026-06-16 13:42:26,734 [INFO] command: tesseract --psm 0 -l osd /tmp/tmp_mdpw38s.png stdout
2026-06-16 13:42:27,417 [INFO] command: tesseract -l rus+eng /tmp/tmp_mdpw38s.png stdout tsv
2026-06-16 13:42:27,417 [INFO] command: tesseract -l rus+eng /tmp/tmp_mdpw38s.png stdout tsv
2026-06-16 13:42:28,549 [INFO] command: tesseract --psm 0 -l osd /tmp/tmpnrwm13fe.png stdout
2026-06-16 13:42:28,549 [INFO] command: tesseract --psm 0 -l osd /tmp/tmpnrwm13fe.png stdout
2026-06-16 13:42:29,239 [INFO] command: tesseract -l rus+eng /tmp/tmpnrwm13fe.png stdout tsv
2026-06-16 13:42:29,239 [INFO] command: tesseract -l rus+eng /tmp/tmpnrwm13fe.png stdout tsv
2026-06-16 13:42:29,383 [INFO] command: tesseract --psm 0 -l osd /tmp/tmpxnmw50c1.png stdout
2026-06-16 13:42:29,383 [INFO] command: tesseract --psm 0 -l osd /tmp/tmpxnmw50c1.png stdout
2026-06-16 13:42:30,124 [INFO] command: tesseract -l rus+eng /tmp/tmpxnmw50c1.png stdout tsv
2026-06-16 13:42:30,124 [INFO] command: tesseract -l rus+eng /tmp/tmpxnmw50c1.png stdout tsv
2026-06-16 13:42:31,592 [INFO] command: tesseract --psm 0 -l osd /tmp/tmpazi65c6i.png stdout
2026-06-16 13:42:31,592 [INFO] command: tesseract --psm 0 -l osd /tmp/tmpazi65c6i.png stdout
2026-06-16 13:42:32,330 [INFO] command: tesseract -l rus+eng /tmp/tmpazi65c6i.png stdout tsv
2026-06-16 13:42:32,330 [INFO] command: tesseract -l rus+eng /tmp/tmpazi65c6i.png stdout tsv
2026-06-16 13:42:33,241 [INFO] command: tesseract --psm 0 -l osd /tmp/tmpea6ji7wy.png stdout
2026-06-16 13:42:33,241 [INFO] command: tesseract --psm 0 -l osd /tmp/tmpea6ji7wy.png stdout
2026-06-16 13:42:33,924 [INFO] command: tesseract -l rus+eng /tmp/tmpea6ji7wy.png stdout tsv
2026-06-16 13:42:33,924 [INFO] command: tesseract -l rus+eng /tmp/tmpea6ji7wy.png stdout tsv
2026-06-16 13:42:35,706 [INFO] command: tesseract --psm 0 -l osd /tmp/tmpkc8b34xu.png stdout
2026-06-16 13:42:35,706 [INFO] command: tesseract --psm 0 -l osd /tmp/tmpkc8b34xu.png stdout
2026-06-16 13:42:36,361 [INFO] command: tesseract --psm 0 -l osd /tmp/tmpt9pvz5q6.png stdout
2026-06-16 13:42:36,361 [INFO] command: tesseract --psm 0 -l osd /tmp/tmpt9pvz5q6.png stdout
2026-06-16 13:42:36,460 [INFO] command: tesseract -l rus+eng /tmp/tmpkc8b34xu.png stdout tsv
2026-06-16 13:42:36,460 [INFO] command: tesseract -l rus+eng /tmp/tmpkc8b34xu.png stdout tsv
2026-06-16 13:42:37,119 [INFO] command: tesseract -l rus+eng /tmp/tmpt9pvz5q6.png stdout tsv
2026-06-16 13:42:37,119 [INFO] command: tesseract -l rus+eng /tmp/tmpt9pvz5q6.png stdout tsv
2026-06-16 13:42:38,787 [INFO] command: tesseract --psm 0 -l osd /tmp/tmpj1jlibsj.png stdout
2026-06-16 13:42:38,787 [INFO] command: tesseract --psm 0 -l osd /tmp/tmpj1jlibsj.png stdout
2026-06-16 13:42:39,489 [INFO] command: tesseract -l rus+eng /tmp/tmpj1jlibsj.png stdout tsv
2026-06-16 13:42:39,489 [INFO] command: tesseract -l rus+eng /tmp/tmpj1jlibsj.png stdout tsv
2026-06-16 13:42:40,013 [INFO] command: tesseract --psm 0 -l osd /tmp/tmpxpa6k91w.png stdout
2026-06-16 13:42:40,013 [INFO] command: tesseract --psm 0 -l osd /tmp/tmpxpa6k91w.png stdout
2026-06-16 13:42:40,745 [INFO] command: tesseract -l rus+eng /tmp/tmpxpa6k91w.png stdout tsv
2026-06-16 13:42:40,745 [INFO] command: tesseract -l rus+eng /tmp/tmpxpa6k91w.png stdout tsv
2026-06-16 13:42:40,816 [INFO] command: tesseract --psm 0 -l osd /tmp/tmpswky7pkz.png stdout
2026-06-16 13:42:40,816 [INFO] command: tesseract --psm 0 -l osd /tmp/tmpswky7pkz.png stdout
2026-06-16 13:42:41,587 [INFO] command: tesseract -l rus+eng /tmp/tmpswky7pkz.png stdout tsv
2026-06-16 13:42:41,587 [INFO] command: tesseract -l rus+eng /tmp/tmpswky7pkz.png stdout tsv
2026-06-16 13:42:43,367 [INFO] command: tesseract --psm 0 -l osd /tmp/tmpsqflp176.png stdout
2026-06-16 13:42:43,367 [INFO] command: tesseract --psm 0 -l osd /tmp/tmpsqflp176.png stdout
2026-06-16 13:42:43,772 [INFO] command: tesseract --psm 0 -l osd /tmp/tmp3zokfcvq.png stdout
2026-06-16 13:42:43,772 [INFO] command: tesseract --psm 0 -l osd /tmp/tmp3zokfcvq.png stdout
2026-06-16 13:42:44,120 [INFO] command: tesseract -l rus+eng /tmp/tmpsqflp176.png stdout tsv
2026-06-16 13:42:44,120 [INFO] command: tesseract -l rus+eng /tmp/tmpsqflp176.png stdout tsv
2026-06-16 13:42:44,560 [INFO] command: tesseract -l rus+eng /tmp/tmp3zokfcvq.png stdout tsv
2026-06-16 13:42:44,560 [INFO] command: tesseract -l rus+eng /tmp/tmp3zokfcvq.png stdout tsv
2026-06-16 13:42:46,960 [INFO] command: tesseract --psm 0 -l osd /tmp/tmpu_ewrnqz.png stdout
2026-06-16 13:42:46,960 [INFO] command: tesseract --psm 0 -l osd /tmp/tmpu_ewrnqz.png stdout
2026-06-16 13:42:47,768 [INFO] command: tesseract -l rus+eng /tmp/tmpu_ewrnqz.png stdout tsv
2026-06-16 13:42:47,768 [INFO] command: tesseract -l rus+eng /tmp/tmpu_ewrnqz.png stdout tsv
2026-06-16 13:42:48,514 [INFO] command: tesseract --psm 0 -l osd /tmp/tmpks5z986o.png stdout
2026-06-16 13:42:48,514 [INFO] command: tesseract --psm 0 -l osd /tmp/tmpks5z986o.png stdout
2026-06-16 13:42:49,396 [INFO] command: tesseract -l rus+eng /tmp/tmpks5z986o.png stdout tsv
2026-06-16 13:42:49,396 [INFO] command: tesseract -l rus+eng /tmp/tmpks5z986o.png stdout tsv
2026-06-16 13:42:50,421 [INFO] command: tesseract --psm 0 -l osd /tmp/tmpcvo0o4_3.png stdout
2026-06-16 13:42:50,421 [INFO] command: tesseract --psm 0 -l osd /tmp/tmpcvo0o4_3.png stdout
2026-06-16 13:42:51,150 [INFO] command: tesseract -l rus+eng /tmp/tmpcvo0o4_3.png stdout tsv
2026-06-16 13:42:51,150 [INFO] command: tesseract -l rus+eng /tmp/tmpcvo0o4_3.png stdout tsv
2026-06-16 13:42:53,625 [INFO] command: tesseract --psm 0 -l osd /tmp/tmp1jbmdmst.png stdout
2026-06-16 13:42:53,625 [INFO] command: tesseract --psm 0 -l osd /tmp/tmp1jbmdmst.png stdout
2026-06-16 13:42:54,033 [INFO] command: tesseract --psm 0 -l osd /tmp/tmpcdn51i4l.png stdout
2026-06-16 13:42:54,033 [INFO] command: tesseract --psm 0 -l osd /tmp/tmpcdn51i4l.png stdout
2026-06-16 13:42:54,422 [INFO] command: tesseract -l rus+eng /tmp/tmp1jbmdmst.png stdout tsv
2026-06-16 13:42:54,422 [INFO] command: tesseract -l rus+eng /tmp/tmp1jbmdmst.png stdout tsv
2026-06-16 13:42:54,877 [INFO] command: tesseract -l rus+eng /tmp/tmpcdn51i4l.png stdout tsv
2026-06-16 13:42:54,877 [INFO] command: tesseract -l rus+eng /tmp/tmpcdn51i4l.png stdout tsv
2026-06-16 13:42:57,762 [INFO] command: tesseract --psm 0 -l osd /tmp/tmpyyx8afvo.png stdout
2026-06-16 13:42:57,762 [INFO] command: tesseract --psm 0 -l osd /tmp/tmpyyx8afvo.png stdout
2026-06-16 13:42:58,367 [INFO] command: tesseract --psm 0 -l osd /tmp/tmphnyl49ef.png stdout
2026-06-16 13:42:58,367 [INFO] command: tesseract --psm 0 -l osd /tmp/tmphnyl49ef.png stdout
2026-06-16 13:42:58,528 [INFO] command: tesseract -l rus+eng /tmp/tmpyyx8afvo.png stdout tsv
2026-06-16 13:42:58,528 [INFO] command: tesseract -l rus+eng /tmp/tmpyyx8afvo.png stdout tsv
2026-06-16 13:42:59,076 [INFO] command: tesseract -l rus+eng /tmp/tmphnyl49ef.png stdout tsv
2026-06-16 13:42:59,076 [INFO] command: tesseract -l rus+eng /tmp/tmphnyl49ef.png stdout tsv
2026-06-16 13:43:00,181 [INFO] command: tesseract --psm 0 -l osd /tmp/tmphdl1ydb0.png stdout
2026-06-16 13:43:00,181 [INFO] command: tesseract --psm 0 -l osd /tmp/tmphdl1ydb0.png stdout
2026-06-16 13:43:00,962 [INFO] command: tesseract -l rus+eng /tmp/tmphdl1ydb0.png stdout tsv
2026-06-16 13:43:00,962 [INFO] command: tesseract -l rus+eng /tmp/tmphdl1ydb0.png stdout tsv
2026-06-16 13:43:01,344 [INFO] command: tesseract --psm 0 -l osd /tmp/tmprl1pezo2.png stdout
2026-06-16 13:43:01,344 [INFO] command: tesseract --psm 0 -l osd /tmp/tmprl1pezo2.png stdout
2026-06-16 13:43:02,046 [INFO] command: tesseract -l rus+eng /tmp/tmprl1pezo2.png stdout tsv
2026-06-16 13:43:02,046 [INFO] command: tesseract -l rus+eng /tmp/tmprl1pezo2.png stdout tsv
2026-06-16 13:43:02,765 [INFO] command: tesseract --psm 0 -l osd /tmp/tmp13dvzw2w.png stdout
2026-06-16 13:43:02,765 [INFO] command: tesseract --psm 0 -l osd /tmp/tmp13dvzw2w.png stdout
2026-06-16 13:43:03,455 [INFO] command: tesseract -l rus+eng /tmp/tmp13dvzw2w.png stdout tsv
2026-06-16 13:43:03,455 [INFO] command: tesseract -l rus+eng /tmp/tmp13dvzw2w.png stdout tsv
2026-06-16 13:43:04,365 [INFO] command: tesseract --psm 0 -l osd /tmp/tmpjrm9tr2i.png stdout
2026-06-16 13:43:04,365 [INFO] command: tesseract --psm 0 -l osd /tmp/tmpjrm9tr2i.png stdout
2026-06-16 13:43:04,649 [INFO] command: tesseract --psm 0 -l osd /tmp/tmp2wt00ot3.png stdout
2026-06-16 13:43:04,649 [INFO] command: tesseract --psm 0 -l osd /tmp/tmp2wt00ot3.png stdout
2026-06-16 13:43:05,122 [INFO] command: tesseract -l rus+eng /tmp/tmpjrm9tr2i.png stdout tsv
2026-06-16 13:43:05,122 [INFO] command: tesseract -l rus+eng /tmp/tmpjrm9tr2i.png stdout tsv
2026-06-16 13:43:05,245 [INFO] command: tesseract -l rus+eng /tmp/tmp2wt00ot3.png stdout tsv
2026-06-16 13:43:05,245 [INFO] command: tesseract -l rus+eng /tmp/tmp2wt00ot3.png stdout tsv
2026-06-16 13:43:06,344 [INFO] command: tesseract --psm 0 -l osd /tmp/tmpecrnrpn1.png stdout
2026-06-16 13:43:06,344 [INFO] command: tesseract --psm 0 -l osd /tmp/tmpecrnrpn1.png stdout
2026-06-16 13:43:06,968 [INFO] command: tesseract -l rus+eng /tmp/tmpecrnrpn1.png stdout tsv
2026-06-16 13:43:06,968 [INFO] command: tesseract -l rus+eng /tmp/tmpecrnrpn1.png stdout tsv
2026-06-16 13:43:08,219 [INFO] command: tesseract --psm 0 -l osd /tmp/tmpolnwvz2a.png stdout
2026-06-16 13:43:08,219 [INFO] command: tesseract --psm 0 -l osd /tmp/tmpolnwvz2a.png stdout
2026-06-16 13:43:08,501 [INFO] command: tesseract --psm 0 -l osd /tmp/tmpyzm0dzff.png stdout
2026-06-16 13:43:08,501 [INFO] command: tesseract --psm 0 -l osd /tmp/tmpyzm0dzff.png stdout
2026-06-16 13:43:08,864 [INFO] command: tesseract -l rus+eng /tmp/tmpolnwvz2a.png stdout tsv
2026-06-16 13:43:08,864 [INFO] command: tesseract -l rus+eng /tmp/tmpolnwvz2a.png stdout tsv
2026-06-16 13:43:09,353 [INFO] command: tesseract -l rus+eng /tmp/tmpyzm0dzff.png stdout tsv
2026-06-16 13:43:09,353 [INFO] command: tesseract -l rus+eng /tmp/tmpyzm0dzff.png stdout tsv
2026-06-16 13:43:09,999 [INFO] command: tesseract --psm 0 -l osd /tmp/tmphhoxxftj.png stdout
2026-06-16 13:43:09,999 [INFO] command: tesseract --psm 0 -l osd /tmp/tmphhoxxftj.png stdout
2026-06-16 13:43:10,688 [INFO] command: tesseract -l rus+eng /tmp/tmphhoxxftj.png stdout tsv
2026-06-16 13:43:10,688 [INFO] command: tesseract -l rus+eng /tmp/tmphhoxxftj.png stdout tsv
2026-06-16 13:43:11,658 [INFO] command: tesseract --psm 0 -l osd /tmp/tmph7lflw_d.png stdout
2026-06-16 13:43:11,658 [INFO] command: tesseract --psm 0 -l osd /tmp/tmph7lflw_d.png stdout
2026-06-16 13:43:11,733 [INFO] command: tesseract --psm 0 -l osd /tmp/tmp430up2cp.png stdout
2026-06-16 13:43:11,733 [INFO] command: tesseract --psm 0 -l osd /tmp/tmp430up2cp.png stdout
2026-06-16 13:43:12,412 [INFO] command: tesseract -l rus+eng /tmp/tmph7lflw_d.png stdout tsv
2026-06-16 13:43:12,412 [INFO] command: tesseract -l rus+eng /tmp/tmph7lflw_d.png stdout tsv
2026-06-16 13:43:12,452 [INFO] command: tesseract -l rus+eng /tmp/tmp430up2cp.png stdout tsv
2026-06-16 13:43:12,452 [INFO] command: tesseract -l rus+eng /tmp/tmp430up2cp.png stdout tsv
2026-06-16 13:43:13,838 [INFO] command: tesseract --psm 0 -l osd /tmp/tmpq69r3d_8.png stdout
2026-06-16 13:43:13,838 [INFO] command: tesseract --psm 0 -l osd /tmp/tmpq69r3d_8.png stdout
2026-06-16 13:43:13,920 [INFO] command: tesseract --psm 0 -l osd /tmp/tmp93ii7u0e.png stdout
2026-06-16 13:43:13,920 [INFO] command: tesseract --psm 0 -l osd /tmp/tmp93ii7u0e.png stdout
2026-06-16 13:43:14,672 [INFO] command: tesseract -l rus+eng /tmp/tmpq69r3d_8.png stdout tsv
2026-06-16 13:43:14,672 [INFO] command: tesseract -l rus+eng /tmp/tmp93ii7u0e.png stdout tsv
2026-06-16 13:43:14,672 [INFO] command: tesseract -l rus+eng /tmp/tmpq69r3d_8.png stdout tsv
2026-06-16 13:43:14,672 [INFO] command: tesseract -l rus+eng /tmp/tmp93ii7u0e.png stdout tsv
2026-06-16 13:43:16,462 [INFO] command: tesseract --psm 0 -l osd /tmp/tmp3u9ou0e2.png stdout
2026-06-16 13:43:16,462 [INFO] command: tesseract --psm 0 -l osd /tmp/tmp3u9ou0e2.png stdout
2026-06-16 13:43:16,655 [INFO] command: tesseract --psm 0 -l osd /tmp/tmp_cpcqper.png stdout
2026-06-16 13:43:16,655 [INFO] command: tesseract --psm 0 -l osd /tmp/tmp_cpcqper.png stdout
2026-06-16 13:43:17,194 [INFO] command: tesseract -l rus+eng /tmp/tmp3u9ou0e2.png stdout tsv
2026-06-16 13:43:17,194 [INFO] command: tesseract -l rus+eng /tmp/tmp3u9ou0e2.png stdout tsv
2026-06-16 13:43:17,399 [INFO] command: tesseract -l rus+eng /tmp/tmp_cpcqper.png stdout tsv
2026-06-16 13:43:17,399 [INFO] command: tesseract -l rus+eng /tmp/tmp_cpcqper.png stdout tsv
2026-06-16 13:43:19,805 [INFO] command: tesseract --psm 0 -l osd /tmp/tmpaqx0zl_u.png stdout
2026-06-16 13:43:19,805 [INFO] command: tesseract --psm 0 -l osd /tmp/tmpaqx0zl_u.png stdout
2026-06-16 13:43:19,845 [INFO] command: tesseract --psm 0 -l osd /tmp/tmpu2_mji8a.png stdout
2026-06-16 13:43:19,845 [INFO] command: tesseract --psm 0 -l osd /tmp/tmpu2_mji8a.png stdout
2026-06-16 13:43:20,789 [INFO] command: tesseract -l rus+eng /tmp/tmpaqx0zl_u.png stdout tsv
2026-06-16 13:43:20,789 [INFO] command: tesseract -l rus+eng /tmp/tmpu2_mji8a.png stdout tsv
2026-06-16 13:43:20,789 [INFO] command: tesseract -l rus+eng /tmp/tmpaqx0zl_u.png stdout tsv
2026-06-16 13:43:20,789 [INFO] command: tesseract -l rus+eng /tmp/tmpu2_mji8a.png stdout tsv
2026-06-16 13:43:23,094 [INFO] command: tesseract --psm 0 -l osd /tmp/tmpow84vhru.png stdout
2026-06-16 13:43:23,094 [INFO] command: tesseract --psm 0 -l osd /tmp/tmpow84vhru.png stdout
2026-06-16 13:43:23,503 [INFO] command: tesseract --psm 0 -l osd /tmp/tmpsr2paw0_.png stdout
2026-06-16 13:43:23,503 [INFO] command: tesseract --psm 0 -l osd /tmp/tmpsr2paw0_.png stdout
2026-06-16 13:43:23,939 [INFO] command: tesseract -l rus+eng /tmp/tmpow84vhru.png stdout tsv
2026-06-16 13:43:23,939 [INFO] command: tesseract -l rus+eng /tmp/tmpow84vhru.png stdout tsv
2026-06-16 13:43:24,239 [INFO] command: tesseract -l rus+eng /tmp/tmpsr2paw0_.png stdout tsv
2026-06-16 13:43:24,239 [INFO] command: tesseract -l rus+eng /tmp/tmpsr2paw0_.png stdout tsv
2026-06-16 13:43:27,182 [INFO] command: tesseract --psm 0 -l osd /tmp/tmpj45cahcm.png stdout
2026-06-16 13:43:27,182 [INFO] command: tesseract --psm 0 -l osd /tmp/tmpj45cahcm.png stdout
2026-06-16 13:43:27,491 [INFO] command: tesseract --psm 0 -l osd /tmp/tmpxvychyaa.png stdout
2026-06-16 13:43:27,491 [INFO] command: tesseract --psm 0 -l osd /tmp/tmpxvychyaa.png stdout
2026-06-16 13:43:28,052 [INFO] command: tesseract -l rus+eng /tmp/tmpj45cahcm.png stdout tsv
2026-06-16 13:43:28,052 [INFO] command: tesseract -l rus+eng /tmp/tmpj45cahcm.png stdout tsv
2026-06-16 13:43:28,208 [INFO] command: tesseract -l rus+eng /tmp/tmpxvychyaa.png stdout tsv
2026-06-16 13:43:28,208 [INFO] command: tesseract -l rus+eng /tmp/tmpxvychyaa.png stdout tsv
2026-06-16 13:43:30,983 [INFO] command: tesseract --psm 0 -l osd /tmp/tmp_iie2h5t.png stdout
2026-06-16 13:43:30,983 [INFO] command: tesseract --psm 0 -l osd /tmp/tmp_iie2h5t.png stdout
2026-06-16 13:43:31,729 [INFO] command: tesseract -l rus+eng /tmp/tmp_iie2h5t.png stdout tsv
2026-06-16 13:43:31,729 [INFO] command: tesseract -l rus+eng /tmp/tmp_iie2h5t.png stdout tsv
2026-06-16 13:43:31,780 [INFO] command: tesseract --psm 0 -l osd /tmp/tmpc1ya1wy9.png stdout
2026-06-16 13:43:31,780 [INFO] command: tesseract --psm 0 -l osd /tmp/tmpc1ya1wy9.png stdout
2026-06-16 13:43:32,571 [INFO] command: tesseract -l rus+eng /tmp/tmpc1ya1wy9.png stdout tsv
2026-06-16 13:43:32,571 [INFO] command: tesseract -l rus+eng /tmp/tmpc1ya1wy9.png stdout tsv
2026-06-16 13:43:33,382 [INFO] command: tesseract --psm 0 -l osd /tmp/tmpdwd8zno0.png stdout
2026-06-16 13:43:33,382 [INFO] command: tesseract --psm 0 -l osd /tmp/tmpdwd8zno0.png stdout
2026-06-16 13:43:34,196 [INFO] command: tesseract -l rus+eng /tmp/tmpdwd8zno0.png stdout tsv
2026-06-16 13:43:34,196 [INFO] command: tesseract -l rus+eng /tmp/tmpdwd8zno0.png stdout tsv
2026-06-16 13:43:35,143 [INFO] command: tesseract --psm 0 -l osd /tmp/tmponrc8wbi.png stdout
2026-06-16 13:43:35,143 [INFO] command: tesseract --psm 0 -l osd /tmp/tmponrc8wbi.png stdout
2026-06-16 13:43:35,948 [INFO] command: tesseract -l rus+eng /tmp/tmponrc8wbi.png stdout tsv
2026-06-16 13:43:35,948 [INFO] command: tesseract -l rus+eng /tmp/tmponrc8wbi.png stdout tsv
2026-06-16 13:43:36,010 [INFO] command: tesseract --psm 0 -l osd /tmp/tmpqb0xp4u7.png stdout
2026-06-16 13:43:36,010 [INFO] command: tesseract --psm 0 -l osd /tmp/tmpqb0xp4u7.png stdout
2026-06-16 13:43:36,648 [INFO] command: tesseract -l rus+eng /tmp/tmpqb0xp4u7.png stdout tsv
2026-06-16 13:43:36,648 [INFO] command: tesseract -l rus+eng /tmp/tmpqb0xp4u7.png stdout tsv
2026-06-16 13:43:37,572 [INFO] command: tesseract --psm 0 -l osd /tmp/tmp16hnn14z.png stdout
2026-06-16 13:43:37,572 [INFO] command: tesseract --psm 0 -l osd /tmp/tmp16hnn14z.png stdout
2026-06-16 13:43:37,798 [INFO] command: tesseract --psm 0 -l osd /tmp/tmptn1z4zqn.png stdout
2026-06-16 13:43:37,798 [INFO] command: tesseract --psm 0 -l osd /tmp/tmptn1z4zqn.png stdout
2026-06-16 13:43:38,289 [INFO] command: tesseract -l rus+eng /tmp/tmp16hnn14z.png stdout tsv
2026-06-16 13:43:38,289 [INFO] command: tesseract -l rus+eng /tmp/tmp16hnn14z.png stdout tsv
2026-06-16 13:43:38,396 [INFO] command: tesseract -l rus+eng /tmp/tmptn1z4zqn.png stdout tsv
2026-06-16 13:43:38,396 [INFO] command: tesseract -l rus+eng /tmp/tmptn1z4zqn.png stdout tsv
2026-06-16 13:43:39,507 [INFO] command: tesseract --psm 0 -l osd /tmp/tmpn7glps82.png stdout
2026-06-16 13:43:39,507 [INFO] command: tesseract --psm 0 -l osd /tmp/tmpn7glps82.png stdout
2026-06-16 13:43:39,615 [INFO] command: tesseract --psm 0 -l osd /tmp/tmp9y2jm6ck.png stdout
2026-06-16 13:43:39,615 [INFO] command: tesseract --psm 0 -l osd /tmp/tmp9y2jm6ck.png stdout
2026-06-16 13:43:40,265 [INFO] command: tesseract -l rus+eng /tmp/tmpn7glps82.png stdout tsv
2026-06-16 13:43:40,265 [INFO] command: tesseract -l rus+eng /tmp/tmpn7glps82.png stdout tsv
2026-06-16 13:43:40,325 [INFO] command: tesseract -l rus+eng /tmp/tmp9y2jm6ck.png stdout tsv
2026-06-16 13:43:40,325 [INFO] command: tesseract -l rus+eng /tmp/tmp9y2jm6ck.png stdout tsv
2026-06-16 13:43:41,662 [INFO] command: tesseract --psm 0 -l osd /tmp/tmphyx5owav.png stdout
2026-06-16 13:43:41,662 [INFO] command: tesseract --psm 0 -l osd /tmp/tmphyx5owav.png stdout
2026-06-16 13:43:42,383 [INFO] command: tesseract -l rus+eng /tmp/tmphyx5owav.png stdout tsv
2026-06-16 13:43:42,383 [INFO] command: tesseract -l rus+eng /tmp/tmphyx5owav.png stdout tsv
2026-06-16 13:43:43,270 [INFO] command: tesseract --psm 0 -l osd /tmp/tmpjl6lvork.png stdout
2026-06-16 13:43:43,270 [INFO] command: tesseract --psm 0 -l osd /tmp/tmpjl6lvork.png stdout
2026-06-16 13:43:43,482 [INFO] command: tesseract --psm 0 -l osd /tmp/tmpm7090v9w.png stdout
2026-06-16 13:43:43,482 [INFO] command: tesseract --psm 0 -l osd /tmp/tmpm7090v9w.png stdout
2026-06-16 13:43:44,006 [INFO] command: tesseract -l rus+eng /tmp/tmpjl6lvork.png stdout tsv
2026-06-16 13:43:44,006 [INFO] command: tesseract -l rus+eng /tmp/tmpjl6lvork.png stdout tsv
2026-06-16 13:43:44,079 [INFO] command: tesseract -l rus+eng /tmp/tmpm7090v9w.png stdout tsv
2026-06-16 13:43:44,079 [INFO] command: tesseract -l rus+eng /tmp/tmpm7090v9w.png stdout tsv
2026-06-16 13:43:45,100 [INFO] command: tesseract --psm 0 -l osd /tmp/tmpt6jaqsxr.png stdout
2026-06-16 13:43:45,100 [INFO] command: tesseract --psm 0 -l osd /tmp/tmpt6jaqsxr.png stdout
2026-06-16 13:43:45,798 [INFO] command: tesseract -l rus+eng /tmp/tmpt6jaqsxr.png stdout tsv
2026-06-16 13:43:45,798 [INFO] command: tesseract -l rus+eng /tmp/tmpt6jaqsxr.png stdout tsv
2026-06-16 13:43:47,017 [INFO] command: tesseract --psm 0 -l osd /tmp/tmpfuzpoieo.png stdout
2026-06-16 13:43:47,017 [INFO] command: tesseract --psm 0 -l osd /tmp/tmpfuzpoieo.png stdout
2026-06-16 13:43:47,223 [INFO] command: tesseract --psm 0 -l osd /tmp/tmpw_c2jplh.png stdout
2026-06-16 13:43:47,223 [INFO] command: tesseract --psm 0 -l osd /tmp/tmpw_c2jplh.png stdout
2026-06-16 13:43:47,720 [INFO] command: tesseract -l rus+eng /tmp/tmpfuzpoieo.png stdout tsv
2026-06-16 13:43:47,720 [INFO] command: tesseract -l rus+eng /tmp/tmpfuzpoieo.png stdout tsv
2026-06-16 13:43:47,903 [INFO] command: tesseract -l rus+eng /tmp/tmpw_c2jplh.png stdout tsv
2026-06-16 13:43:47,903 [INFO] command: tesseract -l rus+eng /tmp/tmpw_c2jplh.png stdout tsv
2026-06-16 13:43:49,805 [INFO] command: tesseract --psm 0 -l osd /tmp/tmpa2rfx0le.png stdout
2026-06-16 13:43:49,805 [INFO] command: tesseract --psm 0 -l osd /tmp/tmpa2rfx0le.png stdout
2026-06-16 13:43:50,505 [INFO] command: tesseract -l rus+eng /tmp/tmpa2rfx0le.png stdout tsv
2026-06-16 13:43:50,505 [INFO] command: tesseract -l rus+eng /tmp/tmpa2rfx0le.png stdout tsv
2026-06-16 13:43:50,608 [INFO] command: tesseract --psm 0 -l osd /tmp/tmpi6mcx6t3.png stdout
2026-06-16 13:43:50,608 [INFO] command: tesseract --psm 0 -l osd /tmp/tmpi6mcx6t3.png stdout
2026-06-16 13:43:51,701 [INFO] command: tesseract -l rus+eng /tmp/tmpi6mcx6t3.png stdout tsv
2026-06-16 13:43:51,701 [INFO] command: tesseract -l rus+eng /tmp/tmpi6mcx6t3.png stdout tsv
2026-06-16 13:43:52,723 [INFO] command: tesseract --psm 0 -l osd /tmp/tmpopj4xja9.png stdout
2026-06-16 13:43:52,723 [INFO] command: tesseract --psm 0 -l osd /tmp/tmpopj4xja9.png stdout
2026-06-16 13:43:53,564 [INFO] command: tesseract -l rus+eng /tmp/tmpopj4xja9.png stdout tsv
2026-06-16 13:43:53,564 [INFO] command: tesseract -l rus+eng /tmp/tmpopj4xja9.png stdout tsv
2026-06-16 13:43:55,224 [INFO] command: tesseract --psm 0 -l osd /tmp/tmpsu27h3x5.png stdout
2026-06-16 13:43:55,224 [INFO] command: tesseract --psm 0 -l osd /tmp/tmpsu27h3x5.png stdout
2026-06-16 13:43:55,600 [INFO] command: tesseract --psm 0 -l osd /tmp/tmpbckc2qn_.png stdout
2026-06-16 13:43:55,600 [INFO] command: tesseract --psm 0 -l osd /tmp/tmpbckc2qn_.png stdout
2026-06-16 13:43:56,200 [INFO] command: tesseract -l rus+eng /tmp/tmpsu27h3x5.png stdout tsv
2026-06-16 13:43:56,200 [INFO] command: tesseract -l rus+eng /tmp/tmpsu27h3x5.png stdout tsv
2026-06-16 13:43:56,319 [INFO] command: tesseract -l rus+eng /tmp/tmpbckc2qn_.png stdout tsv
2026-06-16 13:43:56,319 [INFO] command: tesseract -l rus+eng /tmp/tmpbckc2qn_.png stdout tsv
2026-06-16 13:43:59,822 [INFO] Finished converting document 00 2013 Отчет по ЭМС ПС Первомайка (Изм.1).pdf in 185.46 sec.
2026-06-16 13:43:59,822 [INFO] Finished converting document 00 2013 Отчет по ЭМС ПС Первомайка (Изм.1).pdf in 185.46 sec.
2026-06-16 13:43:59,842 [INFO] command: tesseract --psm 0 -l osd /tmp/tmp534cx8s2.png stdout
2026-06-16 13:43:59,842 [INFO] command: tesseract --psm 0 -l osd /tmp/tmp534cx8s2.png stdout
☁️ Complex elements (tables/figures) detected on pages: [1, 3, 5, 6, 7, 8, 9, 11, 12, 13, 14, 16, 18, 20, 21, 22, 23, 24, 25, 26, 27, 28, 29, 30, 31, 32, 33, 34, 35, 36, 37, 38, 39, 40, 41, 42, 43, 44, 45, 46, 47, 48, 49, 50, 51, 52, 53]
2026-06-16 13:44:00,574 [INFO] command: tesseract -l rus+eng /tmp/tmp534cx8s2.png stdout tsv
2026-06-16 13:44:00,574 [INFO] command: tesseract -l rus+eng /tmp/tmp534cx8s2.png stdout tsv
2026-06-16 13:44:03,870 [INFO] command: tesseract --psm 0 -l osd /tmp/tmpfjymxl0g.png stdout
2026-06-16 13:44:03,870 [INFO] command: tesseract --psm 0 -l osd /tmp/tmpfjymxl0g.png stdout
2026-06-16 13:44:04,558 [INFO] command: tesseract -l rus+eng /tmp/tmpfjymxl0g.png stdout tsv
2026-06-16 13:44:04,558 [INFO] command: tesseract -l rus+eng /tmp/tmpfjymxl0g.png stdout tsv
2026-06-16 13:44:06,933 [INFO] command: tesseract --psm 0 -l osd /tmp/tmprbbs2i1f.png stdout
2026-06-16 13:44:06,933 [INFO] command: tesseract --psm 0 -l osd /tmp/tmprbbs2i1f.png stdout
2026-06-16 13:44:07,674 [INFO] command: tesseract -l rus+eng /tmp/tmprbbs2i1f.png stdout tsv
2026-06-16 13:44:07,674 [INFO] command: tesseract -l rus+eng /tmp/tmprbbs2i1f.png stdout tsv
2026-06-16 13:44:09,251 [INFO] command: tesseract --psm 0 -l osd /tmp/tmpi3ks8u_l.png stdout
2026-06-16 13:44:09,251 [INFO] command: tesseract --psm 0 -l osd /tmp/tmpi3ks8u_l.png stdout
2026-06-16 13:44:09,960 [INFO] command: tesseract -l rus+eng /tmp/tmpi3ks8u_l.png stdout tsv
2026-06-16 13:44:09,960 [INFO] command: tesseract -l rus+eng /tmp/tmpi3ks8u_l.png stdout tsv
2026-06-16 13:44:11,234 [INFO] command: tesseract --psm 0 -l osd /tmp/tmp0_rpuw91.png stdout
2026-06-16 13:44:11,234 [INFO] command: tesseract --psm 0 -l osd /tmp/tmp0_rpuw91.png stdout
2026-06-16 13:44:11,953 [INFO] command: tesseract -l rus+eng /tmp/tmp0_rpuw91.png stdout tsv
2026-06-16 13:44:11,953 [INFO] command: tesseract -l rus+eng /tmp/tmp0_rpuw91.png stdout tsv
2026-06-16 13:44:14,805 [INFO] command: tesseract --psm 0 -l osd /tmp/tmpjb_9n_09.png stdout
2026-06-16 13:44:14,805 [INFO] command: tesseract --psm 0 -l osd /tmp/tmpjb_9n_09.png stdout
2026-06-16 13:44:15,519 [INFO] command: tesseract -l rus+eng /tmp/tmpjb_9n_09.png stdout tsv
2026-06-16 13:44:15,519 [INFO] command: tesseract -l rus+eng /tmp/tmpjb_9n_09.png stdout tsv
⚠️ API or Network error on page 1 (attempt 1/5): 400 User location is not supported for the API use.. Waiting 60s...
2026-06-16 13:44:18,381 [INFO] command: tesseract --psm 0 -l osd /tmp/tmpoipkru00.png stdout
2026-06-16 13:44:18,381 [INFO] command: tesseract --psm 0 -l osd /tmp/tmpoipkru00.png stdout
2026-06-16 13:44:19,097 [INFO] command: tesseract -l rus+eng /tmp/tmpoipkru00.png stdout tsv
2026-06-16 13:44:19,097 [INFO] command: tesseract -l rus+eng /tmp/tmpoipkru00.png stdout tsv
2026-06-16 13:44:21,899 [INFO] command: tesseract --psm 0 -l osd /tmp/tmpc_rxmhxz.png stdout
2026-06-16 13:44:21,899 [INFO] command: tesseract --psm 0 -l osd /tmp/tmpc_rxmhxz.png stdout
2026-06-16 13:44:22,998 [INFO] command: tesseract -l rus+eng /tmp/tmpc_rxmhxz.png stdout tsv
2026-06-16 13:44:22,998 [INFO] command: tesseract -l rus+eng /tmp/tmpc_rxmhxz.png stdout tsv
2026-06-16 13:44:26,507 [INFO] command: tesseract --psm 0 -l osd /tmp/tmp7fr6xl70.png stdout
2026-06-16 13:44:26,507 [INFO] command: tesseract --psm 0 -l osd /tmp/tmp7fr6xl70.png stdout
2026-06-16 13:44:27,483 [INFO] command: tesseract -l rus+eng /tmp/tmp7fr6xl70.png stdout tsv
2026-06-16 13:44:27,483 [INFO] command: tesseract -l rus+eng /tmp/tmp7fr6xl70.png stdout tsv
2026-06-16 13:44:30,851 [INFO] Finished converting document 00 2013 Отчет по ЭМС ПС Первомайка (Изм.1).pdf in 184.09 sec.
2026-06-16 13:44:30,851 [INFO] Finished converting document 00 2013 Отчет по ЭМС ПС Первомайка (Изм.1).pdf in 184.09 sec.
☁️ Complex elements (tables/figures) detected on pages: [1, 3, 5, 6, 7, 8, 9, 11, 12, 13, 14, 16, 18, 20, 21, 22, 23, 24, 25, 26, 27, 28, 29, 30, 31, 32, 33, 34, 35, 36, 37, 38, 39, 40, 41, 42, 43, 44, 45, 46, 47, 48, 49, 50, 51, 52, 53]
⚠️ API or Network error on page 1 (attempt 1/5): 400 User location is not supported for the API use.. Waiting 60s...
⚠️ API or Network error on page 1 (attempt 2/5): 400 User location is not supported for the API use.. Waiting 60s...
⚠️ API or Network error on page 1 (attempt 2/5): 400 User location is not supported for the API use.. Waiting 60s...
⚠️ API or Network error on page 1 (attempt 3/5): 400 User location is not supported for the API use.. Waiting 60s...
⚠️ API or Network error on page 1 (attempt 3/5): 400 User location is not supported for the API use.. Waiting 60s...
⚠️ API or Network error on page 1 (attempt 4/5): 400 User location is not supported for the API use.. Waiting 60s...
⚠️ API or Network error on page 1 (attempt 4/5): 400 User location is not supported for the API use.. Waiting 60s...
❌ Failed to process page 1 after 5 attempts: 400 User location is not supported for the API use.
⚠️ API or Network error on page 3 (attempt 1/5): 400 User location is not supported for the API use.. Waiting 60s...
❌ Failed to process page 1 after 5 attempts: 400 User location is not supported for the API use.
⚠️ API or Network error on page 3 (attempt 1/5): 400 User location is not supported for the API use.. Waiting 60s...
⚠️ API or Network error on page 3 (attempt 2/5): 400 User location is not supported for the API use.. Waiting 60s...
⚠️ API or Network error on page 3 (attempt 2/5): 400 User location is not supported for the API use.. Waiting 60s...
⚠️ API or Network error on page 3 (attempt 3/5): 400 User location is not supported for the API use.. Waiting 60s...
⚠️ API or Network error on page 3 (attempt 3/5): 400 User location is not supported for the API use.. Waiting 60s...
⚠️ API or Network error on page 3 (attempt 4/5): 400 User location is not supported for the API use.. Waiting 60s...
⚠️ API or Network error on page 3 (attempt 4/5): 400 User location is not supported for the API use.. Waiting 60s...
❌ Failed to process page 3 after 5 attempts: 400 User location is not supported for the API use.
⚠️ API or Network error on page 5 (attempt 1/5): 400 User location is not supported for the API use.. Waiting 60s...
❌ Failed to process page 3 after 5 attempts: 400 User location is not supported for the API use.
⚠️ API or Network error on page 5 (attempt 1/5): 400 User location is not supported for the API use.. Waiting 60s...
⚠️ API or Network error on page 5 (attempt 2/5): 400 User location is not supported for the API use.. Waiting 60s...
⚠️ API or Network error on page 5 (attempt 2/5): 400 User location is not supported for the API use.. Waiting 60s...
⚠️ API or Network error on page 5 (attempt 3/5): 400 User location is not supported for the API use.. Waiting 60s...
⚠️ API or Network error on page 5 (attempt 3/5): 400 User location is not supported for the API use.. Waiting 60s...
⚠️ API or Network error on page 5 (attempt 4/5): 400 User location is not supported for the API use.. Waiting 60s...
⚠️ API or Network error on page 5 (attempt 4/5): 400 User location is not supported for the API use.. Waiting 60s...
❌ Failed to process page 5 after 5 attempts: 400 User location is not supported for the API use.
⚠️ API or Network error on page 6 (attempt 1/5): 400 User location is not supported for the API use.. Waiting 60s...
❌ Failed to process page 5 after 5 attempts: 400 User location is not supported for the API use.
⚠️ API or Network error on page 6 (attempt 1/5): 400 User location is not supported for the API use.. Waiting 60s...
⚠️ API or Network error on page 6 (attempt 2/5): 400 User location is not supported for the API use.. Waiting 60s...
⚠️ API or Network error on page 6 (attempt 2/5): 400 User location is not supported for the API use.. Waiting 60s...
⚠️ API or Network error on page 6 (attempt 3/5): 400 User location is not supported for the API use.. Waiting 60s...
⚠️ API or Network error on page 6 (attempt 3/5): 400 User location is not supported for the API use.. Waiting 60s...
⚠️ API or Network error on page 6 (attempt 4/5): 400 User location is not supported for the API use.. Waiting 60s...
⚠️ API or Network error on page 6 (attempt 4/5): 400 User location is not supported for the API use.. Waiting 60s...
❌ Failed to process page 6 after 5 attempts: 504 Stream removed (Deadline Exceeded)
❌ Failed to process page 6 after 5 attempts: 504 Stream removed (Deadline Exceeded)
⚠️ API or Network error on page 7 (attempt 1/5): 400 User location is not supported for the API use.. Waiting 60s...
/home/mint/smart-db/core/text_processor.py:17: FutureWarning: 

All support for the `google.generativeai` package has ended. It will no longer be receiving 
updates or bug fixes. Please switch to the `google.genai` package as soon as possible.
See README for more details:

https://github.com/google-gemini/deprecated-generative-ai-python/blob/main/README.md

  import google.generativeai as genai
2026-06-16 14:25:53,948 [INFO] Started ingestion daemon. Monitoring /home/mint/smart-db/INPUT
Initializing Docling DocumentConverter with Russian OCR...
Docling ready.
2026-06-16 14:25:53,948 [INFO] Started ingestion daemon. Monitoring /home/mint/smart-db/INPUT
2026-06-16 14:25:53,948 [INFO] Ingesting 00 2013 Отчет по ЭМС ПС Первомайка (Изм.1).pdf via OCR...
2026-06-16 14:25:53,948 [INFO] Ingesting 00 2013 Отчет по ЭМС ПС Первомайка (Изм.1).pdf via OCR...
2026-06-16 14:25:53,971 [INFO] detected formats: [<InputFormat.PDF: 'pdf'>]
Processing 00 2013 Отчет по ЭМС ПС Первомайка (Изм.1).pdf with Docling...
2026-06-16 14:25:53,971 [INFO] detected formats: [<InputFormat.PDF: 'pdf'>]
2026-06-16 14:25:54,053 [INFO] Going to convert document batch...
2026-06-16 14:25:54,053 [INFO] Going to convert document batch...
2026-06-16 14:25:54,054 [INFO] Initializing pipeline for StandardPdfPipeline with options hash 0be8f8cc83886825b392a99e0fdb6525
2026-06-16 14:25:54,054 [INFO] Initializing pipeline for StandardPdfPipeline with options hash 0be8f8cc83886825b392a99e0fdb6525
2026-06-16 14:25:54,059 [INFO] Loading plugin 'docling_defaults'
2026-06-16 14:25:54,059 [INFO] Loading plugin 'docling_defaults'
2026-06-16 14:25:54,061 [INFO] Registered picture descriptions: ['picture_description_vlm_engine', 'vlm', 'api']
2026-06-16 14:25:54,061 [INFO] Registered picture descriptions: ['picture_description_vlm_engine', 'vlm', 'api']
2026-06-16 14:25:54,065 [INFO] Loading plugin 'docling_defaults'
2026-06-16 14:25:54,065 [INFO] Loading plugin 'docling_defaults'
2026-06-16 14:25:54,073 [INFO] Registered ocr engines: ['auto', 'easyocr', 'kserve_v2_ocr', 'ocrmac', 'rapidocr', 'tesserocr', 'tesseract']
2026-06-16 14:25:54,073 [INFO] Registered ocr engines: ['auto', 'easyocr', 'kserve_v2_ocr', 'ocrmac', 'rapidocr', 'tesserocr', 'tesseract']
2026-06-16 14:25:54,124 [INFO] command: tesseract --list-langs
2026-06-16 14:25:54,124 [INFO] command: tesseract --list-langs
2026-06-16 14:25:54,145 [INFO] Loading plugin 'docling_defaults'
2026-06-16 14:25:54,145 [INFO] Loading plugin 'docling_defaults'
2026-06-16 14:25:54,150 [INFO] Registered layout engines: ['layout_object_detection', 'docling_layout_default', 'docling_experimental_table_crops_layout']
2026-06-16 14:25:54,150 [INFO] Registered layout engines: ['layout_object_detection', 'docling_layout_default', 'docling_experimental_table_crops_layout']
2026-06-16 14:25:54,284 [INFO] Accelerator device: 'cuda:0'
2026-06-16 14:25:54,284 [INFO] Accelerator device: 'cuda:0'
2026-06-16 14:25:54,738 [INFO] HTTP Request: GET https://huggingface.co/api/models/docling-project/docling-layout-heron/revision/main "HTTP/1.1 200 OK"
2026-06-16 14:25:54,738 [INFO] HTTP Request: GET https://huggingface.co/api/models/docling-project/docling-layout-heron/revision/main "HTTP/1.1 200 OK"
Loading weights:   0%|          | 0/770 [00:00<?, ?it/s]Loading weights:  29%|██▉       | 223/770 [00:00<00:00, 2216.75it/s]Loading weights:  58%|█████▊    | 445/770 [00:00<00:00, 1203.85it/s]Loading weights:  79%|███████▉  | 608/770 [00:00<00:00, 1334.68it/s]Loading weights:  99%|█████████▉| 761/770 [00:00<00:00, 1327.77it/s]Loading weights: 100%|██████████| 770/770 [00:00<00:00, 1355.76it/s]
2026-06-16 14:25:55,715 [INFO] Loading plugin 'docling_defaults'
2026-06-16 14:25:55,715 [INFO] Loading plugin 'docling_defaults'
2026-06-16 14:25:55,719 [INFO] Registered table structure engines: ['docling_tableformer', 'docling_tableformer_v2', 'granite_vision_table']
2026-06-16 14:25:55,719 [INFO] Registered table structure engines: ['docling_tableformer', 'docling_tableformer_v2', 'granite_vision_table']
2026-06-16 14:25:55,982 [INFO] HTTP Request: GET https://huggingface.co/api/models/docling-project/docling-models/revision/v2.3.0 "HTTP/1.1 200 OK"
2026-06-16 14:25:55,982 [INFO] HTTP Request: GET https://huggingface.co/api/models/docling-project/docling-models/revision/v2.3.0 "HTTP/1.1 200 OK"
2026-06-16 14:25:56,213 [INFO] Accelerator device: 'cuda:0'
2026-06-16 14:25:56,213 [INFO] Accelerator device: 'cuda:0'
2026-06-16 14:25:56,786 [INFO] Processing document 00 2013 Отчет по ЭМС ПС Первомайка (Изм.1).pdf
2026-06-16 14:25:56,786 [INFO] Processing document 00 2013 Отчет по ЭМС ПС Первомайка (Изм.1).pdf
2026-06-16 14:25:58,154 [INFO] command: tesseract --psm 0 -l osd /tmp/tmpfb4o2sxp.png stdout
2026-06-16 14:25:58,154 [INFO] command: tesseract --psm 0 -l osd /tmp/tmpfb4o2sxp.png stdout
2026-06-16 14:25:58,811 [INFO] command: tesseract -l rus+eng /tmp/tmpfb4o2sxp.png stdout tsv
2026-06-16 14:25:58,811 [INFO] command: tesseract -l rus+eng /tmp/tmpfb4o2sxp.png stdout tsv
2026-06-16 14:26:01,337 [INFO] command: tesseract --psm 0 -l osd /tmp/tmpv90hcmki.png stdout
2026-06-16 14:26:01,337 [INFO] command: tesseract --psm 0 -l osd /tmp/tmpv90hcmki.png stdout
2026-06-16 14:26:02,155 [INFO] command: tesseract -l rus+eng /tmp/tmpv90hcmki.png stdout tsv
2026-06-16 14:26:02,155 [INFO] command: tesseract -l rus+eng /tmp/tmpv90hcmki.png stdout tsv
2026-06-16 14:26:06,109 [INFO] command: tesseract --psm 0 -l osd /tmp/tmpxepuvki1.png stdout
2026-06-16 14:26:06,109 [INFO] command: tesseract --psm 0 -l osd /tmp/tmpxepuvki1.png stdout
2026-06-16 14:26:06,869 [INFO] command: tesseract -l rus+eng /tmp/tmpxepuvki1.png stdout tsv
2026-06-16 14:26:06,869 [INFO] command: tesseract -l rus+eng /tmp/tmpxepuvki1.png stdout tsv
2026-06-16 14:26:08,563 [INFO] command: tesseract --psm 0 -l osd /tmp/tmpblity3sl.png stdout
2026-06-16 14:26:08,563 [INFO] command: tesseract --psm 0 -l osd /tmp/tmpblity3sl.png stdout
2026-06-16 14:26:09,398 [INFO] command: tesseract -l rus+eng /tmp/tmpblity3sl.png stdout tsv
2026-06-16 14:26:09,398 [INFO] command: tesseract -l rus+eng /tmp/tmpblity3sl.png stdout tsv
2026-06-16 14:26:13,443 [INFO] command: tesseract --psm 0 -l osd /tmp/tmpna1gymx2.png stdout
2026-06-16 14:26:13,443 [INFO] command: tesseract --psm 0 -l osd /tmp/tmpna1gymx2.png stdout
/home/mint/smart-db/core/text_processor.py:17: FutureWarning: 

All support for the `google.generativeai` package has ended. It will no longer be receiving 
updates or bug fixes. Please switch to the `google.genai` package as soon as possible.
See README for more details:

https://github.com/google-gemini/deprecated-generative-ai-python/blob/main/README.md

  import google.generativeai as genai
2026-06-16 14:26:14,286 [INFO] command: tesseract -l rus+eng /tmp/tmpna1gymx2.png stdout tsv
2026-06-16 14:26:14,286 [INFO] command: tesseract -l rus+eng /tmp/tmpna1gymx2.png stdout tsv
2026-06-16 14:26:17,493 [INFO] Started ingestion daemon. Monitoring /home/mint/smart-db/INPUT
Initializing Docling DocumentConverter with Russian OCR...
Docling ready.
2026-06-16 14:26:17,493 [INFO] Started ingestion daemon. Monitoring /home/mint/smart-db/INPUT
2026-06-16 14:26:17,493 [INFO] Ingesting 00 2013 Отчет по ЭМС ПС Первомайка (Изм.1).pdf via OCR...
2026-06-16 14:26:17,493 [INFO] Ingesting 00 2013 Отчет по ЭМС ПС Первомайка (Изм.1).pdf via OCR...
2026-06-16 14:26:17,501 [INFO] detected formats: [<InputFormat.PDF: 'pdf'>]
Processing 00 2013 Отчет по ЭМС ПС Первомайка (Изм.1).pdf with Docling...
2026-06-16 14:26:17,501 [INFO] detected formats: [<InputFormat.PDF: 'pdf'>]
2026-06-16 14:26:17,527 [INFO] Going to convert document batch...
2026-06-16 14:26:17,527 [INFO] Going to convert document batch...
2026-06-16 14:26:17,528 [INFO] Initializing pipeline for StandardPdfPipeline with options hash 0be8f8cc83886825b392a99e0fdb6525
2026-06-16 14:26:17,528 [INFO] Initializing pipeline for StandardPdfPipeline with options hash 0be8f8cc83886825b392a99e0fdb6525
2026-06-16 14:26:17,532 [INFO] Loading plugin 'docling_defaults'
2026-06-16 14:26:17,532 [INFO] Loading plugin 'docling_defaults'
2026-06-16 14:26:17,533 [INFO] Registered picture descriptions: ['picture_description_vlm_engine', 'vlm', 'api']
2026-06-16 14:26:17,533 [INFO] Registered picture descriptions: ['picture_description_vlm_engine', 'vlm', 'api']
2026-06-16 14:26:17,537 [INFO] Loading plugin 'docling_defaults'
2026-06-16 14:26:17,537 [INFO] Loading plugin 'docling_defaults'
2026-06-16 14:26:17,543 [INFO] Registered ocr engines: ['auto', 'easyocr', 'kserve_v2_ocr', 'ocrmac', 'rapidocr', 'tesserocr', 'tesseract']
2026-06-16 14:26:17,543 [INFO] Registered ocr engines: ['auto', 'easyocr', 'kserve_v2_ocr', 'ocrmac', 'rapidocr', 'tesserocr', 'tesseract']
2026-06-16 14:26:17,578 [INFO] command: tesseract --list-langs
2026-06-16 14:26:17,578 [INFO] command: tesseract --list-langs
2026-06-16 14:26:17,591 [INFO] Loading plugin 'docling_defaults'
2026-06-16 14:26:17,591 [INFO] Loading plugin 'docling_defaults'
2026-06-16 14:26:17,592 [INFO] command: tesseract --psm 0 -l osd /tmp/tmpk6gqjxui.png stdout
2026-06-16 14:26:17,592 [INFO] command: tesseract --psm 0 -l osd /tmp/tmpk6gqjxui.png stdout
2026-06-16 14:26:17,592 [INFO] Registered layout engines: ['layout_object_detection', 'docling_layout_default', 'docling_experimental_table_crops_layout']
2026-06-16 14:26:17,592 [INFO] Registered layout engines: ['layout_object_detection', 'docling_layout_default', 'docling_experimental_table_crops_layout']
2026-06-16 14:26:17,612 [INFO] Accelerator device: 'cuda:0'
2026-06-16 14:26:17,612 [INFO] Accelerator device: 'cuda:0'
2026-06-16 14:26:18,143 [INFO] HTTP Request: GET https://huggingface.co/api/models/docling-project/docling-layout-heron/revision/main "HTTP/1.1 200 OK"
2026-06-16 14:26:18,143 [INFO] HTTP Request: GET https://huggingface.co/api/models/docling-project/docling-layout-heron/revision/main "HTTP/1.1 200 OK"
Loading weights:   0%|          | 0/770 [00:00<?, ?it/s]2026-06-16 14:26:18,403 [INFO] command: tesseract -l rus+eng /tmp/tmpk6gqjxui.png stdout tsv
2026-06-16 14:26:18,403 [INFO] command: tesseract -l rus+eng /tmp/tmpk6gqjxui.png stdout tsv
Loading weights:  35%|███▍      | 266/770 [00:00<00:00, 2632.14it/s]Loading weights: 100%|██████████| 770/770 [00:00<00:00, 4444.22it/s]
2026-06-16 14:26:18,589 [INFO] Loading plugin 'docling_defaults'
2026-06-16 14:26:18,589 [INFO] Loading plugin 'docling_defaults'
2026-06-16 14:26:18,590 [INFO] Registered table structure engines: ['docling_tableformer', 'docling_tableformer_v2', 'granite_vision_table']
2026-06-16 14:26:18,590 [INFO] Registered table structure engines: ['docling_tableformer', 'docling_tableformer_v2', 'granite_vision_table']
2026-06-16 14:26:18,812 [INFO] HTTP Request: GET https://huggingface.co/api/models/docling-project/docling-models/revision/v2.3.0 "HTTP/1.1 200 OK"
2026-06-16 14:26:18,812 [INFO] HTTP Request: GET https://huggingface.co/api/models/docling-project/docling-models/revision/v2.3.0 "HTTP/1.1 200 OK"
2026-06-16 14:26:18,843 [INFO] Accelerator device: 'cuda:0'
2026-06-16 14:26:18,843 [INFO] Accelerator device: 'cuda:0'
2026-06-16 14:26:19,153 [INFO] Processing document 00 2013 Отчет по ЭМС ПС Первомайка (Изм.1).pdf
2026-06-16 14:26:19,153 [INFO] Processing document 00 2013 Отчет по ЭМС ПС Первомайка (Изм.1).pdf
2026-06-16 14:26:20,405 [INFO] command: tesseract --psm 0 -l osd /tmp/tmpkw9wa4mq.png stdout
2026-06-16 14:26:20,405 [INFO] command: tesseract --psm 0 -l osd /tmp/tmpkw9wa4mq.png stdout
2026-06-16 14:26:21,157 [INFO] command: tesseract -l rus+eng /tmp/tmpkw9wa4mq.png stdout tsv
2026-06-16 14:26:21,157 [INFO] command: tesseract -l rus+eng /tmp/tmpkw9wa4mq.png stdout tsv
2026-06-16 14:26:22,705 [INFO] command: tesseract --psm 0 -l osd /tmp/tmp7wkv9uds.png stdout
2026-06-16 14:26:22,705 [INFO] command: tesseract --psm 0 -l osd /tmp/tmp7wkv9uds.png stdout
2026-06-16 14:26:23,530 [INFO] command: tesseract -l rus+eng /tmp/tmp7wkv9uds.png stdout tsv
2026-06-16 14:26:23,530 [INFO] command: tesseract -l rus+eng /tmp/tmp7wkv9uds.png stdout tsv
2026-06-16 14:26:23,639 [INFO] command: tesseract --psm 0 -l osd /tmp/tmpmdhzix57.png stdout
2026-06-16 14:26:23,639 [INFO] command: tesseract --psm 0 -l osd /tmp/tmpmdhzix57.png stdout
2026-06-16 14:26:24,601 [INFO] command: tesseract -l rus+eng /tmp/tmpmdhzix57.png stdout tsv
2026-06-16 14:26:24,601 [INFO] command: tesseract -l rus+eng /tmp/tmpmdhzix57.png stdout tsv
2026-06-16 14:26:26,346 [INFO] command: tesseract --psm 0 -l osd /tmp/tmpzj76n746.png stdout
2026-06-16 14:26:26,346 [INFO] command: tesseract --psm 0 -l osd /tmp/tmpzj76n746.png stdout
2026-06-16 14:26:27,252 [INFO] command: tesseract -l rus+eng /tmp/tmpzj76n746.png stdout tsv
2026-06-16 14:26:27,252 [INFO] command: tesseract -l rus+eng /tmp/tmpzj76n746.png stdout tsv
2026-06-16 14:26:28,611 [INFO] command: tesseract --psm 0 -l osd /tmp/tmp8z2snh_8.png stdout
2026-06-16 14:26:28,611 [INFO] command: tesseract --psm 0 -l osd /tmp/tmp8z2snh_8.png stdout
2026-06-16 14:26:29,362 [INFO] command: tesseract -l rus+eng /tmp/tmp8z2snh_8.png stdout tsv
2026-06-16 14:26:29,362 [INFO] command: tesseract -l rus+eng /tmp/tmp8z2snh_8.png stdout tsv
2026-06-16 14:26:30,051 [INFO] command: tesseract --psm 0 -l osd /tmp/tmp9oa7u2ve.png stdout
2026-06-16 14:26:30,051 [INFO] command: tesseract --psm 0 -l osd /tmp/tmp9oa7u2ve.png stdout
2026-06-16 14:26:30,836 [INFO] command: tesseract -l rus+eng /tmp/tmp9oa7u2ve.png stdout tsv
2026-06-16 14:26:30,836 [INFO] command: tesseract -l rus+eng /tmp/tmp9oa7u2ve.png stdout tsv
2026-06-16 14:26:31,105 [INFO] command: tesseract --psm 0 -l osd /tmp/tmpq1m23yjf.png stdout
2026-06-16 14:26:31,105 [INFO] command: tesseract --psm 0 -l osd /tmp/tmpq1m23yjf.png stdout
2026-06-16 14:26:31,967 [INFO] command: tesseract -l rus+eng /tmp/tmpq1m23yjf.png stdout tsv
2026-06-16 14:26:31,967 [INFO] command: tesseract -l rus+eng /tmp/tmpq1m23yjf.png stdout tsv
2026-06-16 14:26:33,680 [INFO] command: tesseract --psm 0 -l osd /tmp/tmpsey6v6ef.png stdout
2026-06-16 14:26:33,680 [INFO] command: tesseract --psm 0 -l osd /tmp/tmpsey6v6ef.png stdout
2026-06-16 14:26:34,482 [INFO] command: tesseract -l rus+eng /tmp/tmpsey6v6ef.png stdout tsv
2026-06-16 14:26:34,482 [INFO] command: tesseract -l rus+eng /tmp/tmpsey6v6ef.png stdout tsv
2026-06-16 14:26:35,876 [INFO] command: tesseract --psm 0 -l osd /tmp/tmp12_kpxi7.png stdout
2026-06-16 14:26:35,876 [INFO] command: tesseract --psm 0 -l osd /tmp/tmp12_kpxi7.png stdout
2026-06-16 14:26:36,677 [INFO] command: tesseract -l rus+eng /tmp/tmp12_kpxi7.png stdout tsv
2026-06-16 14:26:36,677 [INFO] command: tesseract -l rus+eng /tmp/tmp12_kpxi7.png stdout tsv
2026-06-16 14:26:38,103 [INFO] command: tesseract --psm 0 -l osd /tmp/tmpv92b_yuc.png stdout
2026-06-16 14:26:38,103 [INFO] command: tesseract --psm 0 -l osd /tmp/tmpv92b_yuc.png stdout
2026-06-16 14:26:38,887 [INFO] command: tesseract -l rus+eng /tmp/tmpv92b_yuc.png stdout tsv
2026-06-16 14:26:38,887 [INFO] command: tesseract -l rus+eng /tmp/tmpv92b_yuc.png stdout tsv
2026-06-16 14:26:39,812 [INFO] command: tesseract --psm 0 -l osd /tmp/tmpd5sh8q88.png stdout
2026-06-16 14:26:39,812 [INFO] command: tesseract --psm 0 -l osd /tmp/tmpd5sh8q88.png stdout
2026-06-16 14:26:40,742 [INFO] command: tesseract -l rus+eng /tmp/tmpd5sh8q88.png stdout tsv
2026-06-16 14:26:40,742 [INFO] command: tesseract -l rus+eng /tmp/tmpd5sh8q88.png stdout tsv
2026-06-16 14:26:41,667 [INFO] command: tesseract --psm 0 -l osd /tmp/tmpfxnxpcga.png stdout
2026-06-16 14:26:41,667 [INFO] command: tesseract --psm 0 -l osd /tmp/tmpfxnxpcga.png stdout
2026-06-16 14:26:42,510 [INFO] command: tesseract -l rus+eng /tmp/tmpfxnxpcga.png stdout tsv
2026-06-16 14:26:42,510 [INFO] command: tesseract -l rus+eng /tmp/tmpfxnxpcga.png stdout tsv
2026-06-16 14:26:45,317 [INFO] command: tesseract --psm 0 -l osd /tmp/tmphbnxzlcn.png stdout
2026-06-16 14:26:45,317 [INFO] command: tesseract --psm 0 -l osd /tmp/tmphbnxzlcn.png stdout
2026-06-16 14:26:46,302 [INFO] command: tesseract -l rus+eng /tmp/tmphbnxzlcn.png stdout tsv
2026-06-16 14:26:46,302 [INFO] command: tesseract -l rus+eng /tmp/tmphbnxzlcn.png stdout tsv
2026-06-16 14:26:46,569 [INFO] command: tesseract --psm 0 -l osd /tmp/tmp5xklyadj.png stdout
2026-06-16 14:26:46,569 [INFO] command: tesseract --psm 0 -l osd /tmp/tmp5xklyadj.png stdout
2026-06-16 14:26:47,381 [INFO] command: tesseract -l rus+eng /tmp/tmp5xklyadj.png stdout tsv
2026-06-16 14:26:47,381 [INFO] command: tesseract -l rus+eng /tmp/tmp5xklyadj.png stdout tsv
2026-06-16 14:26:49,279 [INFO] command: tesseract --psm 0 -l osd /tmp/tmp_c10fgld.png stdout
2026-06-16 14:26:49,279 [INFO] command: tesseract --psm 0 -l osd /tmp/tmp_c10fgld.png stdout
2026-06-16 14:26:50,194 [INFO] command: tesseract -l rus+eng /tmp/tmp_c10fgld.png stdout tsv
2026-06-16 14:26:50,194 [INFO] command: tesseract -l rus+eng /tmp/tmp_c10fgld.png stdout tsv
2026-06-16 14:26:51,495 [INFO] command: tesseract --psm 0 -l osd /tmp/tmpe6ijxh6r.png stdout
2026-06-16 14:26:51,495 [INFO] command: tesseract --psm 0 -l osd /tmp/tmpe6ijxh6r.png stdout
2026-06-16 14:26:52,416 [INFO] command: tesseract -l rus+eng /tmp/tmpe6ijxh6r.png stdout tsv
2026-06-16 14:26:52,416 [INFO] command: tesseract -l rus+eng /tmp/tmpe6ijxh6r.png stdout tsv
2026-06-16 14:26:53,168 [INFO] command: tesseract --psm 0 -l osd /tmp/tmpwp0ap2xq.png stdout
2026-06-16 14:26:53,168 [INFO] command: tesseract --psm 0 -l osd /tmp/tmpwp0ap2xq.png stdout
2026-06-16 14:26:54,104 [INFO] command: tesseract -l rus+eng /tmp/tmpwp0ap2xq.png stdout tsv
2026-06-16 14:26:54,104 [INFO] command: tesseract -l rus+eng /tmp/tmpwp0ap2xq.png stdout tsv
2026-06-16 14:26:55,752 [INFO] command: tesseract --psm 0 -l osd /tmp/tmp880oca36.png stdout
2026-06-16 14:26:55,752 [INFO] command: tesseract --psm 0 -l osd /tmp/tmp880oca36.png stdout
2026-06-16 14:26:56,562 [INFO] command: tesseract -l rus+eng /tmp/tmp880oca36.png stdout tsv
2026-06-16 14:26:56,562 [INFO] command: tesseract -l rus+eng /tmp/tmp880oca36.png stdout tsv
2026-06-16 14:26:56,966 [INFO] command: tesseract --psm 0 -l osd /tmp/tmptk92hnmg.png stdout
2026-06-16 14:26:56,966 [INFO] command: tesseract --psm 0 -l osd /tmp/tmptk92hnmg.png stdout
2026-06-16 14:26:57,914 [INFO] command: tesseract -l rus+eng /tmp/tmptk92hnmg.png stdout tsv
2026-06-16 14:26:57,914 [INFO] command: tesseract -l rus+eng /tmp/tmptk92hnmg.png stdout tsv
2026-06-16 14:26:58,671 [INFO] command: tesseract --psm 0 -l osd /tmp/tmp7ggsri10.png stdout
2026-06-16 14:26:58,671 [INFO] command: tesseract --psm 0 -l osd /tmp/tmp7ggsri10.png stdout
2026-06-16 14:26:59,543 [INFO] command: tesseract -l rus+eng /tmp/tmp7ggsri10.png stdout tsv
2026-06-16 14:26:59,543 [INFO] command: tesseract -l rus+eng /tmp/tmp7ggsri10.png stdout tsv
2026-06-16 14:27:01,742 [INFO] command: tesseract --psm 0 -l osd /tmp/tmpwdqn8t_5.png stdout
2026-06-16 14:27:01,742 [INFO] command: tesseract --psm 0 -l osd /tmp/tmpwdqn8t_5.png stdout
2026-06-16 14:27:02,624 [INFO] command: tesseract -l rus+eng /tmp/tmpwdqn8t_5.png stdout tsv
2026-06-16 14:27:02,624 [INFO] command: tesseract -l rus+eng /tmp/tmpwdqn8t_5.png stdout tsv
2026-06-16 14:27:02,934 [INFO] command: tesseract --psm 0 -l osd /tmp/tmpnrrbkrob.png stdout
2026-06-16 14:27:02,934 [INFO] command: tesseract --psm 0 -l osd /tmp/tmpnrrbkrob.png stdout
2026-06-16 14:27:03,727 [INFO] command: tesseract -l rus+eng /tmp/tmpnrrbkrob.png stdout tsv
2026-06-16 14:27:03,727 [INFO] command: tesseract -l rus+eng /tmp/tmpnrrbkrob.png stdout tsv
2026-06-16 14:27:05,543 [INFO] command: tesseract --psm 0 -l osd /tmp/tmpn42pe6g7.png stdout
2026-06-16 14:27:05,543 [INFO] command: tesseract --psm 0 -l osd /tmp/tmpn42pe6g7.png stdout
2026-06-16 14:27:06,311 [INFO] command: tesseract --psm 0 -l osd /tmp/tmp2eys5_ww.png stdout
2026-06-16 14:27:06,311 [INFO] command: tesseract --psm 0 -l osd /tmp/tmp2eys5_ww.png stdout
2026-06-16 14:27:06,472 [INFO] command: tesseract -l rus+eng /tmp/tmpn42pe6g7.png stdout tsv
2026-06-16 14:27:06,472 [INFO] command: tesseract -l rus+eng /tmp/tmpn42pe6g7.png stdout tsv
2026-06-16 14:27:07,331 [INFO] command: tesseract -l rus+eng /tmp/tmp2eys5_ww.png stdout tsv
2026-06-16 14:27:07,331 [INFO] command: tesseract -l rus+eng /tmp/tmp2eys5_ww.png stdout tsv
2026-06-16 14:27:10,916 [INFO] command: tesseract --psm 0 -l osd /tmp/tmp1kkga9c_.png stdout
2026-06-16 14:27:10,916 [INFO] command: tesseract --psm 0 -l osd /tmp/tmp1kkga9c_.png stdout
2026-06-16 14:27:11,031 [INFO] command: tesseract --psm 0 -l osd /tmp/tmpdhqv1_ih.png stdout
2026-06-16 14:27:11,031 [INFO] command: tesseract --psm 0 -l osd /tmp/tmpdhqv1_ih.png stdout
2026-06-16 14:27:11,914 [INFO] command: tesseract -l rus+eng /tmp/tmp1kkga9c_.png stdout tsv
2026-06-16 14:27:11,914 [INFO] command: tesseract -l rus+eng /tmp/tmpdhqv1_ih.png stdout tsv
2026-06-16 14:27:11,914 [INFO] command: tesseract -l rus+eng /tmp/tmp1kkga9c_.png stdout tsv
2026-06-16 14:27:11,914 [INFO] command: tesseract -l rus+eng /tmp/tmpdhqv1_ih.png stdout tsv
2026-06-16 14:27:15,787 [INFO] command: tesseract --psm 0 -l osd /tmp/tmpyparh5gt.png stdout
2026-06-16 14:27:15,787 [INFO] command: tesseract --psm 0 -l osd /tmp/tmpyparh5gt.png stdout
2026-06-16 14:27:16,430 [INFO] command: tesseract --psm 0 -l osd /tmp/tmp8jn7qj6v.png stdout
2026-06-16 14:27:16,430 [INFO] command: tesseract --psm 0 -l osd /tmp/tmp8jn7qj6v.png stdout
2026-06-16 14:27:16,825 [INFO] command: tesseract -l rus+eng /tmp/tmpyparh5gt.png stdout tsv
2026-06-16 14:27:16,825 [INFO] command: tesseract -l rus+eng /tmp/tmpyparh5gt.png stdout tsv
2026-06-16 14:27:17,531 [INFO] command: tesseract -l rus+eng /tmp/tmp8jn7qj6v.png stdout tsv
2026-06-16 14:27:17,531 [INFO] command: tesseract -l rus+eng /tmp/tmp8jn7qj6v.png stdout tsv
2026-06-16 14:27:21,468 [INFO] command: tesseract --psm 0 -l osd /tmp/tmp88dsaaqx.png stdout
2026-06-16 14:27:21,468 [INFO] command: tesseract --psm 0 -l osd /tmp/tmp88dsaaqx.png stdout
2026-06-16 14:27:21,720 [INFO] command: tesseract --psm 0 -l osd /tmp/tmpx8kcb1xi.png stdout
2026-06-16 14:27:21,720 [INFO] command: tesseract --psm 0 -l osd /tmp/tmpx8kcb1xi.png stdout
2026-06-16 14:27:22,456 [INFO] command: tesseract -l rus+eng /tmp/tmp88dsaaqx.png stdout tsv
2026-06-16 14:27:22,456 [INFO] command: tesseract -l rus+eng /tmp/tmp88dsaaqx.png stdout tsv
2026-06-16 14:27:22,761 [INFO] command: tesseract -l rus+eng /tmp/tmpx8kcb1xi.png stdout tsv
2026-06-16 14:27:22,761 [INFO] command: tesseract -l rus+eng /tmp/tmpx8kcb1xi.png stdout tsv
2026-06-16 14:27:25,309 [INFO] command: tesseract --psm 0 -l osd /tmp/tmpy8hj8aqi.png stdout
2026-06-16 14:27:25,309 [INFO] command: tesseract --psm 0 -l osd /tmp/tmpy8hj8aqi.png stdout
2026-06-16 14:27:26,251 [INFO] command: tesseract -l rus+eng /tmp/tmpy8hj8aqi.png stdout tsv
2026-06-16 14:27:26,251 [INFO] command: tesseract -l rus+eng /tmp/tmpy8hj8aqi.png stdout tsv
2026-06-16 14:27:27,646 [INFO] command: tesseract --psm 0 -l osd /tmp/tmpf0rbhg2l.png stdout
2026-06-16 14:27:27,646 [INFO] command: tesseract --psm 0 -l osd /tmp/tmpf0rbhg2l.png stdout
2026-06-16 14:27:29,287 [INFO] command: tesseract -l rus+eng /tmp/tmpf0rbhg2l.png stdout tsv
2026-06-16 14:27:29,287 [INFO] command: tesseract -l rus+eng /tmp/tmpf0rbhg2l.png stdout tsv
2026-06-16 14:27:30,372 [INFO] command: tesseract --psm 0 -l osd /tmp/tmponm3d30i.png stdout
2026-06-16 14:27:30,372 [INFO] command: tesseract --psm 0 -l osd /tmp/tmponm3d30i.png stdout
2026-06-16 14:27:31,894 [INFO] command: tesseract -l rus+eng /tmp/tmponm3d30i.png stdout tsv
2026-06-16 14:27:31,894 [INFO] command: tesseract -l rus+eng /tmp/tmponm3d30i.png stdout tsv
2026-06-16 14:27:35,861 [INFO] command: tesseract --psm 0 -l osd /tmp/tmpvkuyfzv5.png stdout
2026-06-16 14:27:35,861 [INFO] command: tesseract --psm 0 -l osd /tmp/tmpvkuyfzv5.png stdout
2026-06-16 14:27:35,975 [INFO] command: tesseract --psm 0 -l osd /tmp/tmpmrd6jexj.png stdout
2026-06-16 14:27:35,975 [INFO] command: tesseract --psm 0 -l osd /tmp/tmpmrd6jexj.png stdout
2026-06-16 14:27:37,811 [INFO] command: tesseract -l rus+eng /tmp/tmpvkuyfzv5.png stdout tsv
2026-06-16 14:27:37,811 [INFO] command: tesseract -l rus+eng /tmp/tmpmrd6jexj.png stdout tsv
2026-06-16 14:27:37,811 [INFO] command: tesseract -l rus+eng /tmp/tmpmrd6jexj.png stdout tsv
2026-06-16 14:27:37,811 [INFO] command: tesseract -l rus+eng /tmp/tmpvkuyfzv5.png stdout tsv
2026-06-16 14:27:43,504 [INFO] command: tesseract --psm 0 -l osd /tmp/tmp6b_fwqh3.png stdout
2026-06-16 14:27:43,504 [INFO] command: tesseract --psm 0 -l osd /tmp/tmp6b_fwqh3.png stdout
2026-06-16 14:27:44,606 [INFO] command: tesseract --psm 0 -l osd /tmp/tmpm2s8jvwc.png stdout
2026-06-16 14:27:44,606 [INFO] command: tesseract --psm 0 -l osd /tmp/tmpm2s8jvwc.png stdout
2026-06-16 14:27:44,881 [INFO] command: tesseract -l rus+eng /tmp/tmp6b_fwqh3.png stdout tsv
2026-06-16 14:27:44,881 [INFO] command: tesseract -l rus+eng /tmp/tmp6b_fwqh3.png stdout tsv
2026-06-16 14:28:33,513 [INFO] command: tesseract -l rus+eng /tmp/tmpm2s8jvwc.png stdout tsv
2026-06-16 14:28:33,513 [INFO] command: tesseract -l rus+eng /tmp/tmpm2s8jvwc.png stdout tsv
2026-06-16 14:28:35,969 [INFO] command: tesseract --psm 0 -l osd /tmp/tmpmn0pyfnx.png stdout
2026-06-16 14:28:35,969 [INFO] command: tesseract --psm 0 -l osd /tmp/tmpmn0pyfnx.png stdout
2026-06-16 14:29:16,644 [INFO] command: tesseract -l rus+eng /tmp/tmpmn0pyfnx.png stdout tsv
2026-06-16 14:29:16,644 [INFO] command: tesseract -l rus+eng /tmp/tmpmn0pyfnx.png stdout tsv
2026-06-16 14:29:17,411 [INFO] command: tesseract --psm 0 -l osd /tmp/tmphm99m8ul.png stdout
2026-06-16 14:29:17,411 [INFO] command: tesseract --psm 0 -l osd /tmp/tmphm99m8ul.png stdout
2026-06-16 14:29:18,291 [INFO] command: tesseract -l rus+eng /tmp/tmphm99m8ul.png stdout tsv
2026-06-16 14:29:18,291 [INFO] command: tesseract -l rus+eng /tmp/tmphm99m8ul.png stdout tsv
2026-06-16 14:29:19,994 [INFO] command: tesseract --psm 0 -l osd /tmp/tmpcx7z8c7v.png stdout
2026-06-16 14:29:19,994 [INFO] command: tesseract --psm 0 -l osd /tmp/tmpcx7z8c7v.png stdout
2026-06-16 14:29:20,769 [INFO] command: tesseract -l rus+eng /tmp/tmpcx7z8c7v.png stdout tsv
2026-06-16 14:29:20,769 [INFO] command: tesseract -l rus+eng /tmp/tmpcx7z8c7v.png stdout tsv
2026-06-16 14:29:22,302 [INFO] command: tesseract --psm 0 -l osd /tmp/tmpypru90sm.png stdout
2026-06-16 14:29:22,302 [INFO] command: tesseract --psm 0 -l osd /tmp/tmpypru90sm.png stdout
2026-06-16 14:29:22,968 [INFO] command: tesseract --psm 0 -l osd /tmp/tmp72319kt3.png stdout
2026-06-16 14:29:22,968 [INFO] command: tesseract --psm 0 -l osd /tmp/tmp72319kt3.png stdout
2026-06-16 14:29:23,052 [INFO] command: tesseract -l rus+eng /tmp/tmpypru90sm.png stdout tsv
2026-06-16 14:29:23,052 [INFO] command: tesseract -l rus+eng /tmp/tmpypru90sm.png stdout tsv
2026-06-16 14:29:23,611 [INFO] command: tesseract -l rus+eng /tmp/tmp72319kt3.png stdout tsv
2026-06-16 14:29:23,611 [INFO] command: tesseract -l rus+eng /tmp/tmp72319kt3.png stdout tsv
2026-06-16 14:29:24,899 [INFO] command: tesseract --psm 0 -l osd /tmp/tmpu_jg_g10.png stdout
2026-06-16 14:29:24,899 [INFO] command: tesseract --psm 0 -l osd /tmp/tmpu_jg_g10.png stdout
2026-06-16 14:29:25,696 [INFO] command: tesseract -l rus+eng /tmp/tmpu_jg_g10.png stdout tsv
2026-06-16 14:29:25,696 [INFO] command: tesseract -l rus+eng /tmp/tmpu_jg_g10.png stdout tsv
2026-06-16 14:29:27,095 [INFO] command: tesseract --psm 0 -l osd /tmp/tmpzlp6rr1t.png stdout
2026-06-16 14:29:27,095 [INFO] command: tesseract --psm 0 -l osd /tmp/tmpzlp6rr1t.png stdout
2026-06-16 14:29:27,347 [INFO] command: tesseract --psm 0 -l osd /tmp/tmpot4hptzd.png stdout
2026-06-16 14:29:27,347 [INFO] command: tesseract --psm 0 -l osd /tmp/tmpot4hptzd.png stdout
2026-06-16 14:29:27,904 [INFO] command: tesseract -l rus+eng /tmp/tmpzlp6rr1t.png stdout tsv
2026-06-16 14:29:27,904 [INFO] command: tesseract -l rus+eng /tmp/tmpzlp6rr1t.png stdout tsv
2026-06-16 14:29:28,016 [INFO] command: tesseract -l rus+eng /tmp/tmpot4hptzd.png stdout tsv
2026-06-16 14:29:28,016 [INFO] command: tesseract -l rus+eng /tmp/tmpot4hptzd.png stdout tsv
2026-06-16 14:29:30,964 [INFO] command: tesseract --psm 0 -l osd /tmp/tmp2md2ef73.png stdout
2026-06-16 14:29:30,964 [INFO] command: tesseract --psm 0 -l osd /tmp/tmp2md2ef73.png stdout
2026-06-16 14:29:31,801 [INFO] command: tesseract -l rus+eng /tmp/tmp2md2ef73.png stdout tsv
2026-06-16 14:29:31,801 [INFO] command: tesseract -l rus+eng /tmp/tmp2md2ef73.png stdout tsv
2026-06-16 14:29:32,106 [INFO] command: tesseract --psm 0 -l osd /tmp/tmpldyj0oqp.png stdout
2026-06-16 14:29:32,106 [INFO] command: tesseract --psm 0 -l osd /tmp/tmpldyj0oqp.png stdout
2026-06-16 14:29:32,755 [INFO] command: tesseract -l rus+eng /tmp/tmpldyj0oqp.png stdout tsv
2026-06-16 14:29:32,755 [INFO] command: tesseract -l rus+eng /tmp/tmpldyj0oqp.png stdout tsv
2026-06-16 14:29:34,414 [INFO] command: tesseract --psm 0 -l osd /tmp/tmpptgo6fgz.png stdout
2026-06-16 14:29:34,414 [INFO] command: tesseract --psm 0 -l osd /tmp/tmpptgo6fgz.png stdout
2026-06-16 14:29:34,861 [INFO] command: tesseract --psm 0 -l osd /tmp/tmpwl6sklm7.png stdout
2026-06-16 14:29:34,861 [INFO] command: tesseract --psm 0 -l osd /tmp/tmpwl6sklm7.png stdout
2026-06-16 14:29:35,102 [INFO] command: tesseract -l rus+eng /tmp/tmpptgo6fgz.png stdout tsv
2026-06-16 14:29:35,102 [INFO] command: tesseract -l rus+eng /tmp/tmpptgo6fgz.png stdout tsv
2026-06-16 14:29:35,523 [INFO] command: tesseract -l rus+eng /tmp/tmpwl6sklm7.png stdout tsv
2026-06-16 14:29:35,523 [INFO] command: tesseract -l rus+eng /tmp/tmpwl6sklm7.png stdout tsv
2026-06-16 14:29:37,851 [INFO] command: tesseract --psm 0 -l osd /tmp/tmpeq8s6mdu.png stdout
2026-06-16 14:29:37,851 [INFO] command: tesseract --psm 0 -l osd /tmp/tmpeq8s6mdu.png stdout
2026-06-16 14:29:37,880 [INFO] command: tesseract --psm 0 -l osd /tmp/tmpsqeej6wd.png stdout
2026-06-16 14:29:37,880 [INFO] command: tesseract --psm 0 -l osd /tmp/tmpsqeej6wd.png stdout
2026-06-16 14:29:38,533 [INFO] command: tesseract -l rus+eng /tmp/tmpeq8s6mdu.png stdout tsv
2026-06-16 14:29:38,533 [INFO] command: tesseract -l rus+eng /tmp/tmpeq8s6mdu.png stdout tsv
2026-06-16 14:29:38,623 [INFO] command: tesseract -l rus+eng /tmp/tmpsqeej6wd.png stdout tsv
2026-06-16 14:29:38,623 [INFO] command: tesseract -l rus+eng /tmp/tmpsqeej6wd.png stdout tsv
2026-06-16 14:29:41,354 [INFO] command: tesseract --psm 0 -l osd /tmp/tmps0nzok8o.png stdout
2026-06-16 14:29:41,354 [INFO] command: tesseract --psm 0 -l osd /tmp/tmps0nzok8o.png stdout
2026-06-16 14:29:41,920 [INFO] command: tesseract --psm 0 -l osd /tmp/tmpm92d0x4d.png stdout
2026-06-16 14:29:41,920 [INFO] command: tesseract --psm 0 -l osd /tmp/tmpm92d0x4d.png stdout
2026-06-16 14:29:42,087 [INFO] command: tesseract -l rus+eng /tmp/tmps0nzok8o.png stdout tsv
2026-06-16 14:29:42,087 [INFO] command: tesseract -l rus+eng /tmp/tmps0nzok8o.png stdout tsv
2026-06-16 14:29:42,664 [INFO] command: tesseract -l rus+eng /tmp/tmpm92d0x4d.png stdout tsv
2026-06-16 14:29:42,664 [INFO] command: tesseract -l rus+eng /tmp/tmpm92d0x4d.png stdout tsv
2026-06-16 14:29:43,694 [INFO] command: tesseract --psm 0 -l osd /tmp/tmpdsd7ynru.png stdout
2026-06-16 14:29:43,694 [INFO] command: tesseract --psm 0 -l osd /tmp/tmpdsd7ynru.png stdout
2026-06-16 14:29:44,417 [INFO] command: tesseract -l rus+eng /tmp/tmpdsd7ynru.png stdout tsv
2026-06-16 14:29:44,417 [INFO] command: tesseract -l rus+eng /tmp/tmpdsd7ynru.png stdout tsv
2026-06-16 14:29:45,014 [INFO] command: tesseract --psm 0 -l osd /tmp/tmpfutxv51s.png stdout
2026-06-16 14:29:45,014 [INFO] command: tesseract --psm 0 -l osd /tmp/tmpfutxv51s.png stdout
2026-06-16 14:29:45,663 [INFO] command: tesseract -l rus+eng /tmp/tmpfutxv51s.png stdout tsv
2026-06-16 14:29:45,663 [INFO] command: tesseract -l rus+eng /tmp/tmpfutxv51s.png stdout tsv
2026-06-16 14:29:46,162 [INFO] command: tesseract --psm 0 -l osd /tmp/tmpkdk_hs49.png stdout
2026-06-16 14:29:46,162 [INFO] command: tesseract --psm 0 -l osd /tmp/tmpkdk_hs49.png stdout
2026-06-16 14:29:46,742 [INFO] command: tesseract -l rus+eng /tmp/tmpkdk_hs49.png stdout tsv
2026-06-16 14:29:46,742 [INFO] command: tesseract -l rus+eng /tmp/tmpkdk_hs49.png stdout tsv
2026-06-16 14:29:46,973 [INFO] command: tesseract --psm 0 -l osd /tmp/tmp2oqo846v.png stdout
2026-06-16 14:29:46,973 [INFO] command: tesseract --psm 0 -l osd /tmp/tmp2oqo846v.png stdout
2026-06-16 14:29:47,704 [INFO] command: tesseract -l rus+eng /tmp/tmp2oqo846v.png stdout tsv
2026-06-16 14:29:47,704 [INFO] command: tesseract -l rus+eng /tmp/tmp2oqo846v.png stdout tsv
2026-06-16 14:29:47,852 [INFO] command: tesseract --psm 0 -l osd /tmp/tmpkf1zxrng.png stdout
2026-06-16 14:29:47,852 [INFO] command: tesseract --psm 0 -l osd /tmp/tmpkf1zxrng.png stdout
2026-06-16 14:29:48,422 [INFO] command: tesseract -l rus+eng /tmp/tmpkf1zxrng.png stdout tsv
2026-06-16 14:29:48,422 [INFO] command: tesseract -l rus+eng /tmp/tmpkf1zxrng.png stdout tsv
2026-06-16 14:29:49,332 [INFO] command: tesseract --psm 0 -l osd /tmp/tmp89_cd54z.png stdout
2026-06-16 14:29:49,332 [INFO] command: tesseract --psm 0 -l osd /tmp/tmp89_cd54z.png stdout
2026-06-16 14:29:49,505 [INFO] command: tesseract --psm 0 -l osd /tmp/tmplfocf_3x.png stdout
2026-06-16 14:29:49,505 [INFO] command: tesseract --psm 0 -l osd /tmp/tmplfocf_3x.png stdout
2026-06-16 14:29:50,021 [INFO] command: tesseract -l rus+eng /tmp/tmp89_cd54z.png stdout tsv
2026-06-16 14:29:50,021 [INFO] command: tesseract -l rus+eng /tmp/tmp89_cd54z.png stdout tsv
2026-06-16 14:29:50,070 [INFO] command: tesseract -l rus+eng /tmp/tmplfocf_3x.png stdout tsv
2026-06-16 14:29:50,070 [INFO] command: tesseract -l rus+eng /tmp/tmplfocf_3x.png stdout tsv
2026-06-16 14:29:51,363 [INFO] command: tesseract --psm 0 -l osd /tmp/tmpfctu96f0.png stdout
2026-06-16 14:29:51,363 [INFO] command: tesseract --psm 0 -l osd /tmp/tmpfctu96f0.png stdout
2026-06-16 14:29:51,947 [INFO] command: tesseract -l rus+eng /tmp/tmpfctu96f0.png stdout tsv
2026-06-16 14:29:51,947 [INFO] command: tesseract -l rus+eng /tmp/tmpfctu96f0.png stdout tsv
2026-06-16 14:29:52,573 [INFO] command: tesseract --psm 0 -l osd /tmp/tmpwpq907md.png stdout
2026-06-16 14:29:52,573 [INFO] command: tesseract --psm 0 -l osd /tmp/tmpwpq907md.png stdout
2026-06-16 14:29:53,065 [INFO] command: tesseract --psm 0 -l osd /tmp/tmplx81rxso.png stdout
2026-06-16 14:29:53,065 [INFO] command: tesseract --psm 0 -l osd /tmp/tmplx81rxso.png stdout
2026-06-16 14:29:53,305 [INFO] command: tesseract -l rus+eng /tmp/tmpwpq907md.png stdout tsv
2026-06-16 14:29:53,305 [INFO] command: tesseract -l rus+eng /tmp/tmpwpq907md.png stdout tsv
2026-06-16 14:29:53,672 [INFO] command: tesseract -l rus+eng /tmp/tmplx81rxso.png stdout tsv
2026-06-16 14:29:53,672 [INFO] command: tesseract -l rus+eng /tmp/tmplx81rxso.png stdout tsv
2026-06-16 14:29:54,673 [INFO] command: tesseract --psm 0 -l osd /tmp/tmp5_4bhcbv.png stdout
2026-06-16 14:29:54,673 [INFO] command: tesseract --psm 0 -l osd /tmp/tmp5_4bhcbv.png stdout
2026-06-16 14:29:55,343 [INFO] command: tesseract -l rus+eng /tmp/tmp5_4bhcbv.png stdout tsv
2026-06-16 14:29:55,343 [INFO] command: tesseract -l rus+eng /tmp/tmp5_4bhcbv.png stdout tsv
2026-06-16 14:29:55,840 [INFO] command: tesseract --psm 0 -l osd /tmp/tmp0vlnwab0.png stdout
2026-06-16 14:29:55,840 [INFO] command: tesseract --psm 0 -l osd /tmp/tmp0vlnwab0.png stdout
2026-06-16 14:29:56,525 [INFO] command: tesseract -l rus+eng /tmp/tmp0vlnwab0.png stdout tsv
2026-06-16 14:29:56,525 [INFO] command: tesseract -l rus+eng /tmp/tmp0vlnwab0.png stdout tsv
2026-06-16 14:29:56,847 [INFO] command: tesseract --psm 0 -l osd /tmp/tmpebu7d5me.png stdout
2026-06-16 14:29:56,847 [INFO] command: tesseract --psm 0 -l osd /tmp/tmpebu7d5me.png stdout
2026-06-16 14:29:57,529 [INFO] command: tesseract -l rus+eng /tmp/tmpebu7d5me.png stdout tsv
2026-06-16 14:29:57,529 [INFO] command: tesseract -l rus+eng /tmp/tmpebu7d5me.png stdout tsv
2026-06-16 14:29:59,309 [INFO] command: tesseract --psm 0 -l osd /tmp/tmpmge83s3l.png stdout
2026-06-16 14:29:59,309 [INFO] command: tesseract --psm 0 -l osd /tmp/tmpmge83s3l.png stdout
2026-06-16 14:29:59,478 [INFO] command: tesseract --psm 0 -l osd /tmp/tmpij548qn6.png stdout
2026-06-16 14:29:59,478 [INFO] command: tesseract --psm 0 -l osd /tmp/tmpij548qn6.png stdout
2026-06-16 14:30:00,164 [INFO] command: tesseract -l rus+eng /tmp/tmpmge83s3l.png stdout tsv
2026-06-16 14:30:00,164 [INFO] command: tesseract -l rus+eng /tmp/tmpmge83s3l.png stdout tsv
2026-06-16 14:30:00,199 [INFO] command: tesseract -l rus+eng /tmp/tmpij548qn6.png stdout tsv
2026-06-16 14:30:00,199 [INFO] command: tesseract -l rus+eng /tmp/tmpij548qn6.png stdout tsv
2026-06-16 14:30:02,484 [INFO] command: tesseract --psm 0 -l osd /tmp/tmpflnxmmcc.png stdout
2026-06-16 14:30:02,484 [INFO] command: tesseract --psm 0 -l osd /tmp/tmpflnxmmcc.png stdout
2026-06-16 14:30:02,749 [INFO] command: tesseract --psm 0 -l osd /tmp/tmpc57ejrcf.png stdout
2026-06-16 14:30:02,749 [INFO] command: tesseract --psm 0 -l osd /tmp/tmpc57ejrcf.png stdout
2026-06-16 14:30:03,264 [INFO] command: tesseract -l rus+eng /tmp/tmpflnxmmcc.png stdout tsv
2026-06-16 14:30:03,264 [INFO] command: tesseract -l rus+eng /tmp/tmpflnxmmcc.png stdout tsv
2026-06-16 14:30:03,387 [INFO] command: tesseract -l rus+eng /tmp/tmpc57ejrcf.png stdout tsv
2026-06-16 14:30:03,387 [INFO] command: tesseract -l rus+eng /tmp/tmpc57ejrcf.png stdout tsv
2026-06-16 14:30:05,047 [INFO] command: tesseract --psm 0 -l osd /tmp/tmpwuea_nqb.png stdout
2026-06-16 14:30:05,047 [INFO] command: tesseract --psm 0 -l osd /tmp/tmpwuea_nqb.png stdout
2026-06-16 14:30:05,386 [INFO] command: tesseract --psm 0 -l osd /tmp/tmpnxje9pla.png stdout
2026-06-16 14:30:05,386 [INFO] command: tesseract --psm 0 -l osd /tmp/tmpnxje9pla.png stdout
2026-06-16 14:30:05,843 [INFO] command: tesseract -l rus+eng /tmp/tmpwuea_nqb.png stdout tsv
2026-06-16 14:30:05,843 [INFO] command: tesseract -l rus+eng /tmp/tmpwuea_nqb.png stdout tsv
2026-06-16 14:30:06,180 [INFO] command: tesseract -l rus+eng /tmp/tmpnxje9pla.png stdout tsv
2026-06-16 14:30:06,180 [INFO] command: tesseract -l rus+eng /tmp/tmpnxje9pla.png stdout tsv
2026-06-16 14:30:07,666 [INFO] command: tesseract --psm 0 -l osd /tmp/tmpwtw7s3vt.png stdout
2026-06-16 14:30:07,666 [INFO] command: tesseract --psm 0 -l osd /tmp/tmpwtw7s3vt.png stdout
2026-06-16 14:30:08,309 [INFO] command: tesseract -l rus+eng /tmp/tmpwtw7s3vt.png stdout tsv
2026-06-16 14:30:08,309 [INFO] command: tesseract -l rus+eng /tmp/tmpwtw7s3vt.png stdout tsv
2026-06-16 14:30:09,482 [INFO] command: tesseract --psm 0 -l osd /tmp/tmp75jeyw_6.png stdout
2026-06-16 14:30:09,482 [INFO] command: tesseract --psm 0 -l osd /tmp/tmp75jeyw_6.png stdout
2026-06-16 14:30:09,675 [INFO] command: tesseract --psm 0 -l osd /tmp/tmp6_gjxz6y.png stdout
2026-06-16 14:30:09,675 [INFO] command: tesseract --psm 0 -l osd /tmp/tmp6_gjxz6y.png stdout
2026-06-16 14:30:10,182 [INFO] command: tesseract -l rus+eng /tmp/tmp75jeyw_6.png stdout tsv
2026-06-16 14:30:10,182 [INFO] command: tesseract -l rus+eng /tmp/tmp75jeyw_6.png stdout tsv
2026-06-16 14:30:10,429 [INFO] command: tesseract -l rus+eng /tmp/tmp6_gjxz6y.png stdout tsv
2026-06-16 14:30:10,429 [INFO] command: tesseract -l rus+eng /tmp/tmp6_gjxz6y.png stdout tsv
2026-06-16 14:30:11,341 [INFO] command: tesseract --psm 0 -l osd /tmp/tmp1qe7wb_t.png stdout
2026-06-16 14:30:11,341 [INFO] command: tesseract --psm 0 -l osd /tmp/tmp1qe7wb_t.png stdout
2026-06-16 14:30:12,010 [INFO] command: tesseract -l rus+eng /tmp/tmp1qe7wb_t.png stdout tsv
2026-06-16 14:30:12,010 [INFO] command: tesseract -l rus+eng /tmp/tmp1qe7wb_t.png stdout tsv
2026-06-16 14:30:13,439 [INFO] command: tesseract --psm 0 -l osd /tmp/tmpp9n2hs2t.png stdout
2026-06-16 14:30:13,439 [INFO] command: tesseract --psm 0 -l osd /tmp/tmpp9n2hs2t.png stdout
2026-06-16 14:30:13,773 [INFO] command: tesseract --psm 0 -l osd /tmp/tmplg8gw0n5.png stdout
2026-06-16 14:30:13,773 [INFO] command: tesseract --psm 0 -l osd /tmp/tmplg8gw0n5.png stdout
2026-06-16 14:30:14,157 [INFO] command: tesseract -l rus+eng /tmp/tmpp9n2hs2t.png stdout tsv
2026-06-16 14:30:14,157 [INFO] command: tesseract -l rus+eng /tmp/tmpp9n2hs2t.png stdout tsv
2026-06-16 14:30:14,634 [INFO] command: tesseract -l rus+eng /tmp/tmplg8gw0n5.png stdout tsv
2026-06-16 14:30:14,634 [INFO] command: tesseract -l rus+eng /tmp/tmplg8gw0n5.png stdout tsv
2026-06-16 14:30:15,523 [INFO] command: tesseract --psm 0 -l osd /tmp/tmpwz2gh4xd.png stdout
2026-06-16 14:30:15,523 [INFO] command: tesseract --psm 0 -l osd /tmp/tmpwz2gh4xd.png stdout
2026-06-16 14:30:16,229 [INFO] command: tesseract -l rus+eng /tmp/tmpwz2gh4xd.png stdout tsv
2026-06-16 14:30:16,229 [INFO] command: tesseract -l rus+eng /tmp/tmpwz2gh4xd.png stdout tsv
2026-06-16 14:30:17,131 [INFO] command: tesseract --psm 0 -l osd /tmp/tmpzvlldd8o.png stdout
2026-06-16 14:30:17,131 [INFO] command: tesseract --psm 0 -l osd /tmp/tmpzvlldd8o.png stdout
2026-06-16 14:30:17,305 [INFO] command: tesseract --psm 0 -l osd /tmp/tmp9xtxs5x8.png stdout
2026-06-16 14:30:17,305 [INFO] command: tesseract --psm 0 -l osd /tmp/tmp9xtxs5x8.png stdout
2026-06-16 14:30:17,876 [INFO] command: tesseract -l rus+eng /tmp/tmpzvlldd8o.png stdout tsv
2026-06-16 14:30:17,876 [INFO] command: tesseract -l rus+eng /tmp/tmpzvlldd8o.png stdout tsv
2026-06-16 14:30:17,987 [INFO] command: tesseract -l rus+eng /tmp/tmp9xtxs5x8.png stdout tsv
2026-06-16 14:30:17,987 [INFO] command: tesseract -l rus+eng /tmp/tmp9xtxs5x8.png stdout tsv
2026-06-16 14:30:19,383 [INFO] command: tesseract --psm 0 -l osd /tmp/tmp_q4sf0o6.png stdout
2026-06-16 14:30:19,383 [INFO] command: tesseract --psm 0 -l osd /tmp/tmp_q4sf0o6.png stdout
2026-06-16 14:30:19,473 [INFO] command: tesseract --psm 0 -l osd /tmp/tmpahcqzmhh.png stdout
2026-06-16 14:30:19,473 [INFO] command: tesseract --psm 0 -l osd /tmp/tmpahcqzmhh.png stdout
2026-06-16 14:30:20,072 [INFO] command: tesseract -l rus+eng /tmp/tmp_q4sf0o6.png stdout tsv
2026-06-16 14:30:20,072 [INFO] command: tesseract -l rus+eng /tmp/tmp_q4sf0o6.png stdout tsv
2026-06-16 14:30:20,133 [INFO] command: tesseract -l rus+eng /tmp/tmpahcqzmhh.png stdout tsv
2026-06-16 14:30:20,133 [INFO] command: tesseract -l rus+eng /tmp/tmpahcqzmhh.png stdout tsv
2026-06-16 14:30:21,450 [INFO] command: tesseract --psm 0 -l osd /tmp/tmpu471m_8m.png stdout
2026-06-16 14:30:21,450 [INFO] command: tesseract --psm 0 -l osd /tmp/tmpu471m_8m.png stdout
2026-06-16 14:30:21,991 [INFO] command: tesseract --psm 0 -l osd /tmp/tmpvoc95m6r.png stdout
2026-06-16 14:30:21,991 [INFO] command: tesseract --psm 0 -l osd /tmp/tmpvoc95m6r.png stdout
2026-06-16 14:30:22,135 [INFO] command: tesseract -l rus+eng /tmp/tmpu471m_8m.png stdout tsv
2026-06-16 14:30:22,135 [INFO] command: tesseract -l rus+eng /tmp/tmpu471m_8m.png stdout tsv
2026-06-16 14:30:22,750 [INFO] command: tesseract -l rus+eng /tmp/tmpvoc95m6r.png stdout tsv
2026-06-16 14:30:22,750 [INFO] command: tesseract -l rus+eng /tmp/tmpvoc95m6r.png stdout tsv
2026-06-16 14:30:25,056 [INFO] command: tesseract --psm 0 -l osd /tmp/tmpsr22hvxv.png stdout
2026-06-16 14:30:25,056 [INFO] command: tesseract --psm 0 -l osd /tmp/tmpsr22hvxv.png stdout
2026-06-16 14:30:25,137 [INFO] command: tesseract --psm 0 -l osd /tmp/tmpu3sy3l5v.png stdout
2026-06-16 14:30:25,137 [INFO] command: tesseract --psm 0 -l osd /tmp/tmpu3sy3l5v.png stdout
2026-06-16 14:30:25,892 [INFO] command: tesseract -l rus+eng /tmp/tmpsr22hvxv.png stdout tsv
2026-06-16 14:30:25,892 [INFO] command: tesseract -l rus+eng /tmp/tmpsr22hvxv.png stdout tsv
2026-06-16 14:30:25,921 [INFO] command: tesseract -l rus+eng /tmp/tmpu3sy3l5v.png stdout tsv
2026-06-16 14:30:25,921 [INFO] command: tesseract -l rus+eng /tmp/tmpu3sy3l5v.png stdout tsv
2026-06-16 14:30:28,068 [INFO] command: tesseract --psm 0 -l osd /tmp/tmp9geot0p2.png stdout
2026-06-16 14:30:28,068 [INFO] command: tesseract --psm 0 -l osd /tmp/tmp9geot0p2.png stdout
2026-06-16 14:30:28,809 [INFO] command: tesseract -l rus+eng /tmp/tmp9geot0p2.png stdout tsv
2026-06-16 14:30:28,809 [INFO] command: tesseract -l rus+eng /tmp/tmp9geot0p2.png stdout tsv
2026-06-16 14:30:28,836 [INFO] command: tesseract --psm 0 -l osd /tmp/tmpptlwy0bw.png stdout
2026-06-16 14:30:28,836 [INFO] command: tesseract --psm 0 -l osd /tmp/tmpptlwy0bw.png stdout
2026-06-16 14:30:29,590 [INFO] command: tesseract -l rus+eng /tmp/tmpptlwy0bw.png stdout tsv
2026-06-16 14:30:29,590 [INFO] command: tesseract -l rus+eng /tmp/tmpptlwy0bw.png stdout tsv
2026-06-16 14:30:32,239 [INFO] command: tesseract --psm 0 -l osd /tmp/tmprsyxzj3q.png stdout
2026-06-16 14:30:32,239 [INFO] command: tesseract --psm 0 -l osd /tmp/tmprsyxzj3q.png stdout
2026-06-16 14:30:32,429 [INFO] command: tesseract --psm 0 -l osd /tmp/tmpdmzc8x89.png stdout
2026-06-16 14:30:32,429 [INFO] command: tesseract --psm 0 -l osd /tmp/tmpdmzc8x89.png stdout
2026-06-16 14:30:33,016 [INFO] command: tesseract -l rus+eng /tmp/tmprsyxzj3q.png stdout tsv
2026-06-16 14:30:33,016 [INFO] command: tesseract -l rus+eng /tmp/tmprsyxzj3q.png stdout tsv
2026-06-16 14:30:33,591 [INFO] command: tesseract -l rus+eng /tmp/tmpdmzc8x89.png stdout tsv
2026-06-16 14:30:33,591 [INFO] command: tesseract -l rus+eng /tmp/tmpdmzc8x89.png stdout tsv
2026-06-16 14:30:36,737 [INFO] command: tesseract --psm 0 -l osd /tmp/tmpx33k0l9b.png stdout
2026-06-16 14:30:36,737 [INFO] command: tesseract --psm 0 -l osd /tmp/tmpx33k0l9b.png stdout
2026-06-16 14:30:37,424 [INFO] command: tesseract --psm 0 -l osd /tmp/tmp4lzd1t4f.png stdout
2026-06-16 14:30:37,424 [INFO] command: tesseract --psm 0 -l osd /tmp/tmp4lzd1t4f.png stdout
2026-06-16 14:30:37,619 [INFO] command: tesseract -l rus+eng /tmp/tmpx33k0l9b.png stdout tsv
2026-06-16 14:30:37,619 [INFO] command: tesseract -l rus+eng /tmp/tmpx33k0l9b.png stdout tsv
2026-06-16 14:30:39,541 [INFO] command: tesseract -l rus+eng /tmp/tmp4lzd1t4f.png stdout tsv
2026-06-16 14:30:39,541 [INFO] command: tesseract -l rus+eng /tmp/tmp4lzd1t4f.png stdout tsv
2026-06-16 14:30:41,188 [INFO] command: tesseract --psm 0 -l osd /tmp/tmp57pep9zo.png stdout
2026-06-16 14:30:41,188 [INFO] command: tesseract --psm 0 -l osd /tmp/tmp57pep9zo.png stdout
2026-06-16 14:30:41,886 [INFO] command: tesseract -l rus+eng /tmp/tmp57pep9zo.png stdout tsv
2026-06-16 14:30:41,886 [INFO] command: tesseract -l rus+eng /tmp/tmp57pep9zo.png stdout tsv
2026-06-16 14:30:43,052 [INFO] Finished converting document 00 2013 Отчет по ЭМС ПС Первомайка (Изм.1).pdf in 289.10 sec.
2026-06-16 14:30:43,052 [INFO] Finished converting document 00 2013 Отчет по ЭМС ПС Первомайка (Изм.1).pdf in 289.10 sec.
2026-06-16 14:30:43,428 [INFO] command: tesseract --psm 0 -l osd /tmp/tmphliv_fhj.png stdout
2026-06-16 14:30:43,428 [INFO] command: tesseract --psm 0 -l osd /tmp/tmphliv_fhj.png stdout
☁️ Complex elements (tables/figures) detected on pages: [1, 3, 5, 6, 7, 8, 9, 11, 12, 13, 14, 16, 18, 20, 21, 22, 23, 24, 25, 26, 27, 28, 29, 30, 31, 32, 33, 34, 35, 36, 37, 38, 39, 40, 41, 42, 43, 44, 45, 46, 47, 48, 49, 50, 51, 52, 53]
2026-06-16 14:30:44,083 [INFO] command: tesseract -l rus+eng /tmp/tmphliv_fhj.png stdout tsv
2026-06-16 14:30:44,083 [INFO] command: tesseract -l rus+eng /tmp/tmphliv_fhj.png stdout tsv
2026-06-16 14:30:45,344 [INFO] command: tesseract --psm 0 -l osd /tmp/tmpnrk6rhe2.png stdout
2026-06-16 14:30:45,344 [INFO] command: tesseract --psm 0 -l osd /tmp/tmpnrk6rhe2.png stdout
2026-06-16 14:30:45,993 [INFO] command: tesseract -l rus+eng /tmp/tmpnrk6rhe2.png stdout tsv
2026-06-16 14:30:45,993 [INFO] command: tesseract -l rus+eng /tmp/tmpnrk6rhe2.png stdout tsv
2026-06-16 14:30:48,689 [INFO] command: tesseract --psm 0 -l osd /tmp/tmpraz3nefj.png stdout
2026-06-16 14:30:48,689 [INFO] command: tesseract --psm 0 -l osd /tmp/tmpraz3nefj.png stdout
2026-06-16 14:30:49,351 [INFO] command: tesseract -l rus+eng /tmp/tmpraz3nefj.png stdout tsv
2026-06-16 14:30:49,351 [INFO] command: tesseract -l rus+eng /tmp/tmpraz3nefj.png stdout tsv
2026-06-16 14:30:52,114 [INFO] command: tesseract --psm 0 -l osd /tmp/tmpjibw4uhf.png stdout
2026-06-16 14:30:52,114 [INFO] command: tesseract --psm 0 -l osd /tmp/tmpjibw4uhf.png stdout
2026-06-16 14:30:52,763 [INFO] command: tesseract -l rus+eng /tmp/tmpjibw4uhf.png stdout tsv
2026-06-16 14:30:52,763 [INFO] command: tesseract -l rus+eng /tmp/tmpjibw4uhf.png stdout tsv
2026-06-16 14:30:55,402 [INFO] command: tesseract --psm 0 -l osd /tmp/tmppephbk4r.png stdout
2026-06-16 14:30:55,402 [INFO] command: tesseract --psm 0 -l osd /tmp/tmppephbk4r.png stdout
2026-06-16 14:30:56,436 [INFO] command: tesseract -l rus+eng /tmp/tmppephbk4r.png stdout tsv
2026-06-16 14:30:56,436 [INFO] command: tesseract -l rus+eng /tmp/tmppephbk4r.png stdout tsv
Page 1: Complex figure processed via Gemini Vision.
2026-06-16 14:30:59,790 [INFO] command: tesseract --psm 0 -l osd /tmp/tmpzp5an1dh.png stdout
2026-06-16 14:30:59,790 [INFO] command: tesseract --psm 0 -l osd /tmp/tmpzp5an1dh.png stdout
2026-06-16 14:31:00,713 [INFO] command: tesseract -l rus+eng /tmp/tmpzp5an1dh.png stdout tsv
2026-06-16 14:31:00,713 [INFO] command: tesseract -l rus+eng /tmp/tmpzp5an1dh.png stdout tsv
2026-06-16 14:31:03,937 [INFO] Finished converting document 00 2013 Отчет по ЭМС ПС Первомайка (Изм.1).pdf in 286.44 sec.
2026-06-16 14:31:03,937 [INFO] Finished converting document 00 2013 Отчет по ЭМС ПС Первомайка (Изм.1).pdf in 286.44 sec.
☁️ Complex elements (tables/figures) detected on pages: [1, 3, 5, 6, 7, 8, 9, 11, 12, 13, 14, 16, 18, 20, 21, 22, 23, 24, 25, 26, 27, 28, 29, 30, 31, 32, 33, 34, 35, 36, 37, 38, 39, 40, 41, 42, 43, 44, 45, 46, 47, 48, 49, 50, 51, 52, 53]
Page 3: Complex figure processed via Gemini Vision.
Page 1: Complex figure processed via Gemini Vision.
Page 3: Complex figure processed via Gemini Vision.
Page 5: Complex figure processed via Gemini Vision.
Page 5: Complex figure processed via Gemini Vision.
Page 6: Complex figure processed via Gemini Vision.
Page 6: Complex figure processed via Gemini Vision.
Page 7: Complex figure processed via Gemini Vision.
Page 7: Complex figure processed via Gemini Vision.
Page 8: Complex figure processed via Gemini Vision.
Page 8: Complex figure processed via Gemini Vision.
Page 9: Complex figure processed via Gemini Vision.
Page 9: Complex figure processed via Gemini Vision.
Page 11: Complex figure processed via Gemini Vision.
Page 11: Complex figure processed via Gemini Vision.
Page 12: Complex figure processed via Gemini Vision.
Page 12: Complex figure processed via Gemini Vision.
Page 13: Complex figure processed via Gemini Vision.
Page 13: Complex figure processed via Gemini Vision.
Page 14: Complex figure processed via Gemini Vision.
Page 14: Complex figure processed via Gemini Vision.
Page 16: Complex figure processed via Gemini Vision.
Page 16: Complex figure processed via Gemini Vision.
Page 18: Complex figure processed via Gemini Vision.
Page 18: Complex figure processed via Gemini Vision.
Page 20: Complex figure processed via Gemini Vision.
Page 20: Complex figure processed via Gemini Vision.
Page 21: Complex figure processed via Gemini Vision.
Page 21: Complex figure processed via Gemini Vision.
Page 22: Complex figure processed via Gemini Vision.
Page 22: Complex figure processed via Gemini Vision.
Page 23: Complex figure processed via Gemini Vision.
Page 23: Complex figure processed via Gemini Vision.
Page 24: Complex figure processed via Gemini Vision.
Page 24: Complex figure processed via Gemini Vision.
Page 25: Complex figure processed via Gemini Vision.
Page 25: Complex figure processed via Gemini Vision.
Page 26: Complex figure processed via Gemini Vision.
Page 26: Complex figure processed via Gemini Vision.
Page 27: Complex figure processed via Gemini Vision.
Page 28: Complex figure processed via Gemini Vision.
Page 27: Complex figure processed via Gemini Vision.
Page 29: Complex figure processed via Gemini Vision.
Page 28: Complex figure processed via Gemini Vision.
Page 30: Complex figure processed via Gemini Vision.
Page 29: Complex figure processed via Gemini Vision.
Page 31: Complex figure processed via Gemini Vision.
Page 30: Complex figure processed via Gemini Vision.
Page 32: Complex figure processed via Gemini Vision.
Page 31: Complex figure processed via Gemini Vision.
Page 33: Complex figure processed via Gemini Vision.
Page 32: Complex figure processed via Gemini Vision.
Page 33: Complex figure processed via Gemini Vision.
Page 34: Complex figure processed via Gemini Vision.
Page 34: Complex figure processed via Gemini Vision.
Page 35: Complex figure processed via Gemini Vision.
Page 35: Complex figure processed via Gemini Vision.
Page 36: Complex figure processed via Gemini Vision.
Page 36: Complex figure processed via Gemini Vision.
Page 37: Complex figure processed via Gemini Vision.
Page 37: Complex figure processed via Gemini Vision.
Page 38: Complex figure processed via Gemini Vision.
Page 38: Complex figure processed via Gemini Vision.
Page 39: Complex figure processed via Gemini Vision.
Page 40: Complex figure processed via Gemini Vision.
Page 39: Complex figure processed via Gemini Vision.
Page 41: Complex figure processed via Gemini Vision.
Page 40: Complex figure processed via Gemini Vision.
Page 42: Complex figure processed via Gemini Vision.
Page 41: Complex figure processed via Gemini Vision.
Page 43: Complex figure processed via Gemini Vision.
Page 42: Complex figure processed via Gemini Vision.
Page 43: Complex figure processed via Gemini Vision.
Page 44: Complex figure processed via Gemini Vision.
Page 44: Complex figure processed via Gemini Vision.
Page 45: Complex figure processed via Gemini Vision.
Page 45: Complex figure processed via Gemini Vision.
Page 46: Complex figure processed via Gemini Vision.
Page 46: Complex figure processed via Gemini Vision.
Page 47: Complex figure processed via Gemini Vision.
Page 47: Complex figure processed via Gemini Vision.
Page 48: Complex figure processed via Gemini Vision.
Page 48: Complex figure processed via Gemini Vision.
Page 49: Complex figure processed via Gemini Vision.
Page 49: Complex figure processed via Gemini Vision.
Page 50: Complex figure processed via Gemini Vision.
Page 51: Complex figure processed via Gemini Vision.
Page 50: Complex figure processed via Gemini Vision.
Page 51: Complex figure processed via Gemini Vision.
Page 52: Complex figure processed via Gemini Vision.
Page 52: Complex figure processed via Gemini Vision.
Page 53: Complex figure processed via Gemini Vision.
2026-06-16 14:46:45,460 [INFO] Successfully processed 00 2013 Отчет по ЭМС ПС Первомайка (Изм.1).pdf.
Saved Markdown archive: /home/mint/smart-db/PROCESSED/00 2013 Отчет по ЭМС ПС Первомайка (Изм.1).pdf.md
2026-06-16 14:46:45,460 [INFO] Successfully processed 00 2013 Отчет по ЭМС ПС Первомайка (Изм.1).pdf.
2026-06-16 14:46:45,460 [INFO] Ingesting Лазурная ТН110 2сш фА ХАРГ 2025.pdf via OCR...
2026-06-16 14:46:45,460 [INFO] Ingesting Лазурная ТН110 2сш фА ХАРГ 2025.pdf via OCR...
2026-06-16 14:46:45,462 [INFO] detected formats: [<InputFormat.PDF: 'pdf'>]
Processing Лазурная ТН110 2сш фА ХАРГ 2025.pdf with Docling...
2026-06-16 14:46:45,462 [INFO] detected formats: [<InputFormat.PDF: 'pdf'>]
2026-06-16 14:46:45,468 [INFO] Going to convert document batch...
2026-06-16 14:46:45,468 [INFO] Going to convert document batch...
2026-06-16 14:46:45,469 [INFO] Processing document Лазурная ТН110 2сш фА ХАРГ 2025.pdf
2026-06-16 14:46:45,469 [INFO] Processing document Лазурная ТН110 2сш фА ХАРГ 2025.pdf
2026-06-16 14:46:47,078 [INFO] Finished converting document Лазурная ТН110 2сш фА ХАРГ 2025.pdf in 1.62 sec.
2026-06-16 14:46:47,078 [INFO] Finished converting document Лазурная ТН110 2сш фА ХАРГ 2025.pdf in 1.62 sec.
ℹ️ No complex elements flagged for Tier 3 processing.
2026-06-16 14:46:47,214 [INFO] Successfully processed Лазурная ТН110 2сш фА ХАРГ 2025.pdf.
Saved Markdown archive: /home/mint/smart-db/PROCESSED/Лазурная ТН110 2сш фА ХАРГ 2025.pdf.md
2026-06-16 14:46:47,214 [INFO] Successfully processed Лазурная ТН110 2сш фА ХАРГ 2025.pdf.
2026-06-16 14:46:47,214 [INFO] Ingesting Лазурная ввод В110 Межозерная фАвл ХАРГ 2025.pdf via OCR...
2026-06-16 14:46:47,214 [INFO] Ingesting Лазурная ввод В110 Межозерная фАвл ХАРГ 2025.pdf via OCR...
2026-06-16 14:46:47,216 [INFO] detected formats: [<InputFormat.PDF: 'pdf'>]
Processing Лазурная ввод В110 Межозерная фАвл ХАРГ 2025.pdf with Docling...
2026-06-16 14:46:47,216 [INFO] detected formats: [<InputFormat.PDF: 'pdf'>]
2026-06-16 14:46:47,218 [INFO] Going to convert document batch...
2026-06-16 14:46:47,218 [INFO] Going to convert document batch...
2026-06-16 14:46:47,219 [INFO] Processing document Лазурная ввод В110 Межозерная фАвл ХАРГ 2025.pdf
2026-06-16 14:46:47,219 [INFO] Processing document Лазурная ввод В110 Межозерная фАвл ХАРГ 2025.pdf
2026-06-16 14:46:48,466 [INFO] Finished converting document Лазурная ввод В110 Межозерная фАвл ХАРГ 2025.pdf in 1.25 sec.
2026-06-16 14:46:48,466 [INFO] Finished converting document Лазурная ввод В110 Межозерная фАвл ХАРГ 2025.pdf in 1.25 sec.
ℹ️ No complex elements flagged for Tier 3 processing.
2026-06-16 14:46:48,616 [INFO] Successfully processed Лазурная ввод В110 Межозерная фАвл ХАРГ 2025.pdf.
Saved Markdown archive: /home/mint/smart-db/PROCESSED/Лазурная ввод В110 Межозерная фАвл ХАРГ 2025.pdf.md
2026-06-16 14:46:48,616 [INFO] Successfully processed Лазурная ввод В110 Межозерная фАвл ХАРГ 2025.pdf.
2026-06-16 14:46:48,617 [INFO] Ingesting Етк Инструктажи (пр353) (6).pdf via OCR...
2026-06-16 14:46:48,617 [INFO] Ingesting Етк Инструктажи (пр353) (6).pdf via OCR...
2026-06-16 14:46:48,618 [INFO] detected formats: [<InputFormat.PDF: 'pdf'>]
Processing Етк Инструктажи (пр353) (6).pdf with Docling...
2026-06-16 14:46:48,618 [INFO] detected formats: [<InputFormat.PDF: 'pdf'>]
2026-06-16 14:46:48,620 [INFO] Going to convert document batch...
2026-06-16 14:46:48,620 [INFO] Going to convert document batch...
2026-06-16 14:46:48,620 [INFO] Processing document Етк Инструктажи (пр353) (6).pdf
2026-06-16 14:46:48,620 [INFO] Processing document Етк Инструктажи (пр353) (6).pdf
2026-06-16 14:46:49,304 [INFO] command: tesseract --psm 0 -l osd /tmp/tmpkaf_408b.png stdout
2026-06-16 14:46:49,304 [INFO] command: tesseract --psm 0 -l osd /tmp/tmpkaf_408b.png stdout
2026-06-16 14:46:49,840 [INFO] command: tesseract -l rus+eng /tmp/tmpkaf_408b.png stdout tsv
2026-06-16 14:46:49,840 [INFO] command: tesseract -l rus+eng /tmp/tmpkaf_408b.png stdout tsv
2026-06-16 14:46:50,866 [INFO] Finished converting document Етк Инструктажи (пр353) (6).pdf in 2.25 sec.
2026-06-16 14:46:50,866 [INFO] Finished converting document Етк Инструктажи (пр353) (6).pdf in 2.25 sec.
ℹ️ No complex elements flagged for Tier 3 processing.
2026-06-16 14:46:51,003 [INFO] Successfully processed Етк Инструктажи (пр353) (6).pdf.
Saved Markdown archive: /home/mint/smart-db/PROCESSED/Етк Инструктажи (пр353) (6).pdf.md
2026-06-16 14:46:51,003 [INFO] Successfully processed Етк Инструктажи (пр353) (6).pdf.
2026-06-16 14:46:51,003 [INFO] Ingesting Лазурная В110 Межозерная.pdf via OCR...
2026-06-16 14:46:51,003 [INFO] Ingesting Лазурная В110 Межозерная.pdf via OCR...
2026-06-16 14:46:51,005 [INFO] detected formats: [<InputFormat.PDF: 'pdf'>]
Processing Лазурная В110 Межозерная.pdf with Docling...
2026-06-16 14:46:51,005 [INFO] detected formats: [<InputFormat.PDF: 'pdf'>]
2026-06-16 14:46:51,007 [INFO] Going to convert document batch...
2026-06-16 14:46:51,007 [INFO] Going to convert document batch...
2026-06-16 14:46:51,007 [INFO] Processing document Лазурная В110 Межозерная.pdf
2026-06-16 14:46:51,007 [INFO] Processing document Лазурная В110 Межозерная.pdf
2026-06-16 14:46:51,900 [INFO] Finished converting document Лазурная В110 Межозерная.pdf in 0.90 sec.
2026-06-16 14:46:51,900 [INFO] Finished converting document Лазурная В110 Межозерная.pdf in 0.90 sec.
ℹ️ No complex elements flagged for Tier 3 processing.
2026-06-16 14:46:52,052 [INFO] Successfully processed Лазурная В110 Межозерная.pdf.
Saved Markdown archive: /home/mint/smart-db/PROCESSED/Лазурная В110 Межозерная.pdf.md
2026-06-16 14:46:52,052 [INFO] Successfully processed Лазурная В110 Межозерная.pdf.
2026-06-16 14:46:52,052 [INFO] Ingesting Прил. 1 План задание.docx via OCR...
2026-06-16 14:46:52,052 [INFO] Ingesting Прил. 1 План задание.docx via OCR...
2026-06-16 14:46:52,053 [INFO] detected formats: [<InputFormat.DOCX: 'docx'>]
Processing Прил. 1 План задание.docx with Docling...
2026-06-16 14:46:52,053 [INFO] detected formats: [<InputFormat.DOCX: 'docx'>]
2026-06-16 14:46:52,066 [INFO] Going to convert document batch...
2026-06-16 14:46:52,066 [INFO] Going to convert document batch...
2026-06-16 14:46:52,066 [INFO] Initializing pipeline for SimplePipeline with options hash 7d306d2d021deac65a97d1a5f925362a
2026-06-16 14:46:52,066 [INFO] Initializing pipeline for SimplePipeline with options hash 7d306d2d021deac65a97d1a5f925362a
2026-06-16 14:46:52,066 [INFO] Processing document Прил. 1 План задание.docx
2026-06-16 14:46:52,066 [INFO] Processing document Прил. 1 План задание.docx
2026-06-16 14:46:52,095 [INFO] Finished converting document Прил. 1 План задание.docx in 0.04 sec.
2026-06-16 14:46:52,095 [INFO] Finished converting document Прил. 1 План задание.docx in 0.04 sec.
ℹ️ No complex elements flagged for Tier 3 processing.
2026-06-16 14:46:52,241 [INFO] Successfully processed Прил. 1 План задание.docx.
Saved Markdown archive: /home/mint/smart-db/PROCESSED/Прил. 1 План задание.docx.md
2026-06-16 14:46:52,241 [INFO] Successfully processed Прил. 1 План задание.docx.
2026-06-16 14:46:52,241 [INFO] Ingesting В.А. Обвинцеву приборы в ремонт 202307 cjuk.docx via OCR...
2026-06-16 14:46:52,241 [INFO] Ingesting В.А. Обвинцеву приборы в ремонт 202307 cjuk.docx via OCR...
2026-06-16 14:46:52,242 [INFO] detected formats: [<InputFormat.DOCX: 'docx'>]
Processing В.А. Обвинцеву приборы в ремонт 202307 cjuk.docx with Docling...
2026-06-16 14:46:52,242 [INFO] detected formats: [<InputFormat.DOCX: 'docx'>]
2026-06-16 14:46:52,246 [INFO] Going to convert document batch...
2026-06-16 14:46:52,246 [INFO] Going to convert document batch...
2026-06-16 14:46:52,247 [INFO] Processing document В.А. Обвинцеву приборы в ремонт 202307 cjuk.docx
2026-06-16 14:46:52,247 [INFO] Processing document В.А. Обвинцеву приборы в ремонт 202307 cjuk.docx
2026-06-16 14:46:52,332 [INFO] Finished converting document В.А. Обвинцеву приборы в ремонт 202307 cjuk.docx in 0.09 sec.
2026-06-16 14:46:52,332 [INFO] Finished converting document В.А. Обвинцеву приборы в ремонт 202307 cjuk.docx in 0.09 sec.
ℹ️ No complex elements flagged for Tier 3 processing.
2026-06-16 14:46:52,465 [INFO] Successfully processed В.А. Обвинцеву приборы в ремонт 202307 cjuk.docx.
Saved Markdown archive: /home/mint/smart-db/PROCESSED/В.А. Обвинцеву приборы в ремонт 202307 cjuk.docx.md
2026-06-16 14:46:52,465 [INFO] Successfully processed В.А. Обвинцеву приборы в ремонт 202307 cjuk.docx.
2026-06-16 14:46:52,465 [INFO] Ingesting В.А. Обвинцеву Тангенсы в ремонт.docx via OCR...
2026-06-16 14:46:52,465 [INFO] Ingesting В.А. Обвинцеву Тангенсы в ремонт.docx via OCR...
2026-06-16 14:46:52,466 [INFO] detected formats: [<InputFormat.DOCX: 'docx'>]
Processing В.А. Обвинцеву Тангенсы в ремонт.docx with Docling...
2026-06-16 14:46:52,466 [INFO] detected formats: [<InputFormat.DOCX: 'docx'>]
2026-06-16 14:46:52,470 [INFO] Going to convert document batch...
2026-06-16 14:46:52,470 [INFO] Going to convert document batch...
2026-06-16 14:46:52,471 [INFO] Processing document В.А. Обвинцеву Тангенсы в ремонт.docx
2026-06-16 14:46:52,471 [INFO] Processing document В.А. Обвинцеву Тангенсы в ремонт.docx
2026-06-16 14:46:52,555 [INFO] Finished converting document В.А. Обвинцеву Тангенсы в ремонт.docx in 0.09 sec.
2026-06-16 14:46:52,555 [INFO] Finished converting document В.А. Обвинцеву Тангенсы в ремонт.docx in 0.09 sec.
ℹ️ No complex elements flagged for Tier 3 processing.
2026-06-16 14:46:52,700 [INFO] Successfully processed В.А. Обвинцеву Тангенсы в ремонт.docx.
Saved Markdown archive: /home/mint/smart-db/PROCESSED/В.А. Обвинцеву Тангенсы в ремонт.docx.md
2026-06-16 14:46:52,700 [INFO] Successfully processed В.А. Обвинцеву Тангенсы в ремонт.docx.
2026-06-16 14:46:52,700 [INFO] Ingesting Приложение 4 Отчет о прохождении грозового периода 2025_2.xls via OCR...
2026-06-16 14:46:52,700 [INFO] Ingesting Приложение 4 Отчет о прохождении грозового периода 2025_2.xls via OCR...
2026-06-16 14:46:52,701 [INFO] detected formats: []
Processing Приложение 4 Отчет о прохождении грозового периода 2025_2.xls with Docling...
2026-06-16 14:46:52,701 [INFO] detected formats: []
2026-06-16 14:46:52,701 [ERROR] Input document Приложение 4 Отчет о прохождении грозового периода 2025_2.xls with format None does not match any allowed format: (dict_keys([<InputFormat.PDF: 'pdf'>, <InputFormat.DOCX: 'docx'>, <InputFormat.XLSX: 'xlsx'>, <InputFormat.IMAGE: 'image'>]))
2026-06-16 14:46:52,701 [ERROR] Input document Приложение 4 Отчет о прохождении грозового периода 2025_2.xls with format None does not match any allowed format: (dict_keys([<InputFormat.PDF: 'pdf'>, <InputFormat.DOCX: 'docx'>, <InputFormat.XLSX: 'xlsx'>, <InputFormat.IMAGE: 'image'>]))
2026-06-16 14:46:52,701 [INFO] Going to convert document batch...
2026-06-16 14:46:52,701 [INFO] Going to convert document batch...
2026-06-16 14:46:52,702 [INFO] Successfully processed Приложение 4 Отчет о прохождении грозового периода 2025_2.xls.
Docling conversion failed for Приложение 4 Отчет о прохождении грозового периода 2025_2.xls: File format not allowed: Приложение 4 Отчет о прохождении грозового периода 2025_2.xls. Moving to OUTPUT (Quarantine).
2026-06-16 14:46:52,702 [INFO] Successfully processed Приложение 4 Отчет о прохождении грозового периода 2025_2.xls.
2026-06-16 14:46:52,702 [INFO] Ingesting Vitok-1 РЭ.pdf via OCR...
2026-06-16 14:46:52,702 [INFO] Ingesting Vitok-1 РЭ.pdf via OCR...
2026-06-16 14:46:52,703 [INFO] detected formats: [<InputFormat.PDF: 'pdf'>]
Processing Vitok-1 РЭ.pdf with Docling...
2026-06-16 14:46:52,703 [INFO] detected formats: [<InputFormat.PDF: 'pdf'>]
2026-06-16 14:46:52,705 [INFO] Going to convert document batch...
2026-06-16 14:46:52,705 [INFO] Going to convert document batch...
2026-06-16 14:46:52,705 [INFO] Processing document Vitok-1 РЭ.pdf
2026-06-16 14:46:52,705 [INFO] Processing document Vitok-1 РЭ.pdf
2026-06-16 14:46:52,918 [INFO] command: tesseract --psm 0 -l osd /tmp/tmp6wt90bmc.png stdout
2026-06-16 14:46:52,918 [INFO] command: tesseract --psm 0 -l osd /tmp/tmp6wt90bmc.png stdout
2026-06-16 14:46:52,977 [ERROR] OSD failed (doc Vitok-1 РЭ.pdf, page: 0, OCR rectangle: 0, processed image file <tempfile._TemporaryFileWrapper object at 0x753c70747e00>):
 b'Too few characters. Skipping this page\nWarning. Invalid resolution 0 dpi. Using 70 instead.\nToo few characters. Skipping this page\nError during processing.\n'
2026-06-16 14:46:52,977 [ERROR] OSD failed (doc Vitok-1 РЭ.pdf, page: 0, OCR rectangle: 0, processed image file <tempfile._TemporaryFileWrapper object at 0x753c70747e00>):
 b'Too few characters. Skipping this page\nWarning. Invalid resolution 0 dpi. Using 70 instead.\nToo few characters. Skipping this page\nError during processing.\n'
2026-06-16 14:46:52,977 [INFO] command: tesseract -l rus+eng /tmp/tmp6wt90bmc.png stdout tsv
2026-06-16 14:46:52,977 [INFO] command: tesseract -l rus+eng /tmp/tmp6wt90bmc.png stdout tsv
2026-06-16 14:46:53,307 [INFO] command: tesseract --psm 0 -l osd /tmp/tmpddk08sy1.png stdout
2026-06-16 14:46:53,307 [INFO] command: tesseract --psm 0 -l osd /tmp/tmpddk08sy1.png stdout
2026-06-16 14:46:53,410 [ERROR] OSD failed (doc Vitok-1 РЭ.pdf, page: 0, OCR rectangle: 1, processed image file <tempfile._TemporaryFileWrapper object at 0x753cd00d0050>):
 b'Estimating resolution as 444\nToo few characters. Skipping this page\nWarning. Invalid resolution 0 dpi. Using 70 instead.\nToo few characters. Skipping this page\nError during processing.\n'
2026-06-16 14:46:53,410 [ERROR] OSD failed (doc Vitok-1 РЭ.pdf, page: 0, OCR rectangle: 1, processed image file <tempfile._TemporaryFileWrapper object at 0x753cd00d0050>):
 b'Estimating resolution as 444\nToo few characters. Skipping this page\nWarning. Invalid resolution 0 dpi. Using 70 instead.\nToo few characters. Skipping this page\nError during processing.\n'
2026-06-16 14:46:53,411 [INFO] command: tesseract -l rus+eng /tmp/tmpddk08sy1.png stdout tsv
2026-06-16 14:46:53,411 [INFO] command: tesseract -l rus+eng /tmp/tmpddk08sy1.png stdout tsv
2026-06-16 14:46:53,527 [INFO] command: tesseract --psm 0 -l osd /tmp/tmpc2xcg5xs.png stdout
2026-06-16 14:46:53,527 [INFO] command: tesseract --psm 0 -l osd /tmp/tmpc2xcg5xs.png stdout
2026-06-16 14:46:53,579 [ERROR] OSD failed (doc Vitok-1 РЭ.pdf, page: 0, OCR rectangle: 2, processed image file <tempfile._TemporaryFileWrapper object at 0x753cb81aa120>):
 b'Estimating resolution as 1288\nToo few characters. Skipping this page\nWarning. Invalid resolution 0 dpi. Using 70 instead.\nToo few characters. Skipping this page\nError during processing.\n'
2026-06-16 14:46:53,579 [ERROR] OSD failed (doc Vitok-1 РЭ.pdf, page: 0, OCR rectangle: 2, processed image file <tempfile._TemporaryFileWrapper object at 0x753cb81aa120>):
 b'Estimating resolution as 1288\nToo few characters. Skipping this page\nWarning. Invalid resolution 0 dpi. Using 70 instead.\nToo few characters. Skipping this page\nError during processing.\n'
2026-06-16 14:46:53,579 [INFO] command: tesseract -l rus+eng /tmp/tmpc2xcg5xs.png stdout tsv
2026-06-16 14:46:53,579 [INFO] command: tesseract -l rus+eng /tmp/tmpc2xcg5xs.png stdout tsv
2026-06-16 14:46:54,027 [INFO] command: tesseract --psm 0 -l osd /tmp/tmpvgxt56s6.png stdout
2026-06-16 14:46:54,027 [INFO] command: tesseract --psm 0 -l osd /tmp/tmpvgxt56s6.png stdout
2026-06-16 14:46:54,079 [ERROR] OSD failed (doc Vitok-1 РЭ.pdf, page: 2, OCR rectangle: 0, processed image file <tempfile._TemporaryFileWrapper object at 0x753d1c3e98e0>):
 b'Estimating resolution as 753\nToo few characters. Skipping this page\nWarning. Invalid resolution 0 dpi. Using 70 instead.\nToo few characters. Skipping this page\nError during processing.\n'
2026-06-16 14:46:54,079 [ERROR] OSD failed (doc Vitok-1 РЭ.pdf, page: 2, OCR rectangle: 0, processed image file <tempfile._TemporaryFileWrapper object at 0x753d1c3e98e0>):
 b'Estimating resolution as 753\nToo few characters. Skipping this page\nWarning. Invalid resolution 0 dpi. Using 70 instead.\nToo few characters. Skipping this page\nError during processing.\n'
2026-06-16 14:46:54,079 [INFO] command: tesseract -l rus+eng /tmp/tmpvgxt56s6.png stdout tsv
2026-06-16 14:46:54,079 [INFO] command: tesseract -l rus+eng /tmp/tmpvgxt56s6.png stdout tsv
2026-06-16 14:46:54,156 [INFO] command: tesseract --psm 0 -l osd /tmp/tmp5po0lcpi.png stdout
2026-06-16 14:46:54,156 [INFO] command: tesseract --psm 0 -l osd /tmp/tmp5po0lcpi.png stdout
2026-06-16 14:46:54,210 [ERROR] OSD failed (doc Vitok-1 РЭ.pdf, page: 2, OCR rectangle: 1, processed image file <tempfile._TemporaryFileWrapper object at 0x753d1c462960>):
 b'Estimating resolution as 453\nToo few characters. Skipping this page\nWarning. Invalid resolution 0 dpi. Using 70 instead.\nToo few characters. Skipping this page\nError during processing.\n'
2026-06-16 14:46:54,210 [ERROR] OSD failed (doc Vitok-1 РЭ.pdf, page: 2, OCR rectangle: 1, processed image file <tempfile._TemporaryFileWrapper object at 0x753d1c462960>):
 b'Estimating resolution as 453\nToo few characters. Skipping this page\nWarning. Invalid resolution 0 dpi. Using 70 instead.\nToo few characters. Skipping this page\nError during processing.\n'
2026-06-16 14:46:54,210 [INFO] command: tesseract -l rus+eng /tmp/tmp5po0lcpi.png stdout tsv
2026-06-16 14:46:54,210 [INFO] command: tesseract -l rus+eng /tmp/tmp5po0lcpi.png stdout tsv
2026-06-16 14:46:54,288 [INFO] command: tesseract --psm 0 -l osd /tmp/tmpksyq99nk.png stdout
2026-06-16 14:46:54,288 [INFO] command: tesseract --psm 0 -l osd /tmp/tmpksyq99nk.png stdout
2026-06-16 14:46:54,341 [ERROR] OSD failed (doc Vitok-1 РЭ.pdf, page: 2, OCR rectangle: 2, processed image file <tempfile._TemporaryFileWrapper object at 0x753d1c3afb00>):
 b'Estimating resolution as 463\nToo few characters. Skipping this page\nWarning. Invalid resolution 0 dpi. Using 70 instead.\nToo few characters. Skipping this page\nError during processing.\n'
2026-06-16 14:46:54,341 [ERROR] OSD failed (doc Vitok-1 РЭ.pdf, page: 2, OCR rectangle: 2, processed image file <tempfile._TemporaryFileWrapper object at 0x753d1c3afb00>):
 b'Estimating resolution as 463\nToo few characters. Skipping this page\nWarning. Invalid resolution 0 dpi. Using 70 instead.\nToo few characters. Skipping this page\nError during processing.\n'
2026-06-16 14:46:54,341 [INFO] command: tesseract -l rus+eng /tmp/tmpksyq99nk.png stdout tsv
2026-06-16 14:46:54,341 [INFO] command: tesseract -l rus+eng /tmp/tmpksyq99nk.png stdout tsv
2026-06-16 14:46:54,419 [INFO] command: tesseract --psm 0 -l osd /tmp/tmpx0f2a1g8.png stdout
2026-06-16 14:46:54,419 [INFO] command: tesseract --psm 0 -l osd /tmp/tmpx0f2a1g8.png stdout
2026-06-16 14:46:54,471 [ERROR] OSD failed (doc Vitok-1 РЭ.pdf, page: 2, OCR rectangle: 3, processed image file <tempfile._TemporaryFileWrapper object at 0x753cd00d0050>):
 b'Estimating resolution as 919\nToo few characters. Skipping this page\nWarning. Invalid resolution 0 dpi. Using 70 instead.\nToo few characters. Skipping this page\nError during processing.\n'
2026-06-16 14:46:54,471 [ERROR] OSD failed (doc Vitok-1 РЭ.pdf, page: 2, OCR rectangle: 3, processed image file <tempfile._TemporaryFileWrapper object at 0x753cd00d0050>):
 b'Estimating resolution as 919\nToo few characters. Skipping this page\nWarning. Invalid resolution 0 dpi. Using 70 instead.\nToo few characters. Skipping this page\nError during processing.\n'
2026-06-16 14:46:54,471 [INFO] command: tesseract -l rus+eng /tmp/tmpx0f2a1g8.png stdout tsv
2026-06-16 14:46:54,471 [INFO] command: tesseract -l rus+eng /tmp/tmpx0f2a1g8.png stdout tsv
2026-06-16 14:46:54,548 [INFO] command: tesseract --psm 0 -l osd /tmp/tmp3ta_3oe1.png stdout
2026-06-16 14:46:54,548 [INFO] command: tesseract --psm 0 -l osd /tmp/tmp3ta_3oe1.png stdout
2026-06-16 14:46:54,603 [ERROR] OSD failed (doc Vitok-1 РЭ.pdf, page: 2, OCR rectangle: 4, processed image file <tempfile._TemporaryFileWrapper object at 0x753cb81aa3c0>):
 b'Estimating resolution as 1525\nToo few characters. Skipping this page\nWarning. Invalid resolution 0 dpi. Using 70 instead.\nToo few characters. Skipping this page\nError during processing.\n'
2026-06-16 14:46:54,603 [ERROR] OSD failed (doc Vitok-1 РЭ.pdf, page: 2, OCR rectangle: 4, processed image file <tempfile._TemporaryFileWrapper object at 0x753cb81aa3c0>):
 b'Estimating resolution as 1525\nToo few characters. Skipping this page\nWarning. Invalid resolution 0 dpi. Using 70 instead.\nToo few characters. Skipping this page\nError during processing.\n'
2026-06-16 14:46:54,603 [INFO] command: tesseract -l rus+eng /tmp/tmp3ta_3oe1.png stdout tsv
2026-06-16 14:46:54,603 [INFO] command: tesseract -l rus+eng /tmp/tmp3ta_3oe1.png stdout tsv
2026-06-16 14:46:54,686 [INFO] command: tesseract --psm 0 -l osd /tmp/tmp4ex2y57h.png stdout
2026-06-16 14:46:54,686 [INFO] command: tesseract --psm 0 -l osd /tmp/tmp4ex2y57h.png stdout
2026-06-16 14:46:54,741 [ERROR] OSD failed (doc Vitok-1 РЭ.pdf, page: 2, OCR rectangle: 5, processed image file <tempfile._TemporaryFileWrapper object at 0x753d1c343ce0>):
 b'Estimating resolution as 1263\nToo few characters. Skipping this page\nWarning. Invalid resolution 0 dpi. Using 70 instead.\nToo few characters. Skipping this page\nError during processing.\n'
2026-06-16 14:46:54,741 [ERROR] OSD failed (doc Vitok-1 РЭ.pdf, page: 2, OCR rectangle: 5, processed image file <tempfile._TemporaryFileWrapper object at 0x753d1c343ce0>):
 b'Estimating resolution as 1263\nToo few characters. Skipping this page\nWarning. Invalid resolution 0 dpi. Using 70 instead.\nToo few characters. Skipping this page\nError during processing.\n'
2026-06-16 14:46:54,741 [INFO] command: tesseract -l rus+eng /tmp/tmp4ex2y57h.png stdout tsv
2026-06-16 14:46:54,741 [INFO] command: tesseract -l rus+eng /tmp/tmp4ex2y57h.png stdout tsv
2026-06-16 14:46:54,821 [INFO] command: tesseract --psm 0 -l osd /tmp/tmpn19361av.png stdout
2026-06-16 14:46:54,821 [INFO] command: tesseract --psm 0 -l osd /tmp/tmpn19361av.png stdout
2026-06-16 14:46:54,879 [ERROR] OSD failed (doc Vitok-1 РЭ.pdf, page: 2, OCR rectangle: 6, processed image file <tempfile._TemporaryFileWrapper object at 0x753d1c3af1d0>):
 b'Estimating resolution as 500\nToo few characters. Skipping this page\nWarning. Invalid resolution 0 dpi. Using 70 instead.\nToo few characters. Skipping this page\nError during processing.\n'
2026-06-16 14:46:54,879 [ERROR] OSD failed (doc Vitok-1 РЭ.pdf, page: 2, OCR rectangle: 6, processed image file <tempfile._TemporaryFileWrapper object at 0x753d1c3af1d0>):
 b'Estimating resolution as 500\nToo few characters. Skipping this page\nWarning. Invalid resolution 0 dpi. Using 70 instead.\nToo few characters. Skipping this page\nError during processing.\n'
2026-06-16 14:46:54,880 [INFO] command: tesseract -l rus+eng /tmp/tmpn19361av.png stdout tsv
2026-06-16 14:46:54,880 [INFO] command: tesseract -l rus+eng /tmp/tmpn19361av.png stdout tsv
2026-06-16 14:46:54,970 [INFO] command: tesseract --psm 0 -l osd /tmp/tmp2_1pnc1p.png stdout
2026-06-16 14:46:54,970 [INFO] command: tesseract --psm 0 -l osd /tmp/tmp2_1pnc1p.png stdout
2026-06-16 14:46:55,028 [ERROR] OSD failed (doc Vitok-1 РЭ.pdf, page: 2, OCR rectangle: 7, processed image file <tempfile._TemporaryFileWrapper object at 0x753d1c461460>):
 b'Estimating resolution as 306\nToo few characters. Skipping this page\nWarning. Invalid resolution 0 dpi. Using 70 instead.\nToo few characters. Skipping this page\nError during processing.\n'
2026-06-16 14:46:55,028 [ERROR] OSD failed (doc Vitok-1 РЭ.pdf, page: 2, OCR rectangle: 7, processed image file <tempfile._TemporaryFileWrapper object at 0x753d1c461460>):
 b'Estimating resolution as 306\nToo few characters. Skipping this page\nWarning. Invalid resolution 0 dpi. Using 70 instead.\nToo few characters. Skipping this page\nError during processing.\n'
2026-06-16 14:46:55,028 [INFO] command: tesseract -l rus+eng /tmp/tmp2_1pnc1p.png stdout tsv
2026-06-16 14:46:55,028 [INFO] command: tesseract -l rus+eng /tmp/tmp2_1pnc1p.png stdout tsv
2026-06-16 14:46:55,104 [INFO] command: tesseract --psm 0 -l osd /tmp/tmpmr7lvh9_.png stdout
2026-06-16 14:46:55,104 [INFO] command: tesseract --psm 0 -l osd /tmp/tmpmr7lvh9_.png stdout
2026-06-16 14:46:55,159 [ERROR] OSD failed (doc Vitok-1 РЭ.pdf, page: 2, OCR rectangle: 8, processed image file <tempfile._TemporaryFileWrapper object at 0x753d1c463e60>):
 b'Estimating resolution as 303\nToo few characters. Skipping this page\nWarning. Invalid resolution 0 dpi. Using 70 instead.\nToo few characters. Skipping this page\nError during processing.\n'
2026-06-16 14:46:55,159 [ERROR] OSD failed (doc Vitok-1 РЭ.pdf, page: 2, OCR rectangle: 8, processed image file <tempfile._TemporaryFileWrapper object at 0x753d1c463e60>):
 b'Estimating resolution as 303\nToo few characters. Skipping this page\nWarning. Invalid resolution 0 dpi. Using 70 instead.\nToo few characters. Skipping this page\nError during processing.\n'
2026-06-16 14:46:55,159 [INFO] command: tesseract -l rus+eng /tmp/tmpmr7lvh9_.png stdout tsv
2026-06-16 14:46:55,159 [INFO] command: tesseract -l rus+eng /tmp/tmpmr7lvh9_.png stdout tsv
2026-06-16 14:46:55,235 [INFO] command: tesseract --psm 0 -l osd /tmp/tmpd0ossjuf.png stdout
2026-06-16 14:46:55,235 [INFO] command: tesseract --psm 0 -l osd /tmp/tmpd0ossjuf.png stdout
2026-06-16 14:46:55,290 [ERROR] OSD failed (doc Vitok-1 РЭ.pdf, page: 2, OCR rectangle: 9, processed image file <tempfile._TemporaryFileWrapper object at 0x753d1c463350>):
 b'Estimating resolution as 1016\nToo few characters. Skipping this page\nWarning. Invalid resolution 0 dpi. Using 70 instead.\nToo few characters. Skipping this page\nError during processing.\n'
2026-06-16 14:46:55,290 [ERROR] OSD failed (doc Vitok-1 РЭ.pdf, page: 2, OCR rectangle: 9, processed image file <tempfile._TemporaryFileWrapper object at 0x753d1c463350>):
 b'Estimating resolution as 1016\nToo few characters. Skipping this page\nWarning. Invalid resolution 0 dpi. Using 70 instead.\nToo few characters. Skipping this page\nError during processing.\n'
2026-06-16 14:46:55,291 [INFO] command: tesseract -l rus+eng /tmp/tmpd0ossjuf.png stdout tsv
2026-06-16 14:46:55,291 [INFO] command: tesseract -l rus+eng /tmp/tmpd0ossjuf.png stdout tsv
2026-06-16 14:46:55,369 [INFO] command: tesseract --psm 0 -l osd /tmp/tmp4cdu_vez.png stdout
2026-06-16 14:46:55,369 [INFO] command: tesseract --psm 0 -l osd /tmp/tmp4cdu_vez.png stdout
2026-06-16 14:46:55,421 [ERROR] OSD failed (doc Vitok-1 РЭ.pdf, page: 2, OCR rectangle: 10, processed image file <tempfile._TemporaryFileWrapper object at 0x753d1c461f10>):
 b'Estimating resolution as 422\nToo few characters. Skipping this page\nWarning. Invalid resolution 0 dpi. Using 70 instead.\nToo few characters. Skipping this page\nError during processing.\n'
2026-06-16 14:46:55,421 [ERROR] OSD failed (doc Vitok-1 РЭ.pdf, page: 2, OCR rectangle: 10, processed image file <tempfile._TemporaryFileWrapper object at 0x753d1c461f10>):
 b'Estimating resolution as 422\nToo few characters. Skipping this page\nWarning. Invalid resolution 0 dpi. Using 70 instead.\nToo few characters. Skipping this page\nError during processing.\n'
2026-06-16 14:46:55,421 [INFO] command: tesseract -l rus+eng /tmp/tmp4cdu_vez.png stdout tsv
2026-06-16 14:46:55,421 [INFO] command: tesseract -l rus+eng /tmp/tmp4cdu_vez.png stdout tsv
2026-06-16 14:46:55,504 [INFO] command: tesseract --psm 0 -l osd /tmp/tmpl55airb2.png stdout
2026-06-16 14:46:55,504 [INFO] command: tesseract --psm 0 -l osd /tmp/tmpl55airb2.png stdout
2026-06-16 14:46:55,557 [ERROR] OSD failed (doc Vitok-1 РЭ.pdf, page: 2, OCR rectangle: 11, processed image file <tempfile._TemporaryFileWrapper object at 0x753d1c214f50>):
 b'Estimating resolution as 853\nToo few characters. Skipping this page\nWarning. Invalid resolution 0 dpi. Using 70 instead.\nToo few characters. Skipping this page\nError during processing.\n'
2026-06-16 14:46:55,557 [ERROR] OSD failed (doc Vitok-1 РЭ.pdf, page: 2, OCR rectangle: 11, processed image file <tempfile._TemporaryFileWrapper object at 0x753d1c214f50>):
 b'Estimating resolution as 853\nToo few characters. Skipping this page\nWarning. Invalid resolution 0 dpi. Using 70 instead.\nToo few characters. Skipping this page\nError during processing.\n'
2026-06-16 14:46:55,557 [INFO] command: tesseract -l rus+eng /tmp/tmpl55airb2.png stdout tsv
2026-06-16 14:46:55,557 [INFO] command: tesseract -l rus+eng /tmp/tmpl55airb2.png stdout tsv
2026-06-16 14:46:55,634 [INFO] command: tesseract --psm 0 -l osd /tmp/tmpnpvsr8xa.png stdout
2026-06-16 14:46:55,634 [INFO] command: tesseract --psm 0 -l osd /tmp/tmpnpvsr8xa.png stdout
2026-06-16 14:46:55,687 [ERROR] OSD failed (doc Vitok-1 РЭ.pdf, page: 2, OCR rectangle: 12, processed image file <tempfile._TemporaryFileWrapper object at 0x753cd07c17c0>):
 b'Estimating resolution as 313\nToo few characters. Skipping this page\nWarning. Invalid resolution 0 dpi. Using 70 instead.\nToo few characters. Skipping this page\nError during processing.\n'
2026-06-16 14:46:55,687 [ERROR] OSD failed (doc Vitok-1 РЭ.pdf, page: 2, OCR rectangle: 12, processed image file <tempfile._TemporaryFileWrapper object at 0x753cd07c17c0>):
 b'Estimating resolution as 313\nToo few characters. Skipping this page\nWarning. Invalid resolution 0 dpi. Using 70 instead.\nToo few characters. Skipping this page\nError during processing.\n'
2026-06-16 14:46:55,687 [INFO] command: tesseract -l rus+eng /tmp/tmpnpvsr8xa.png stdout tsv
2026-06-16 14:46:55,687 [INFO] command: tesseract -l rus+eng /tmp/tmpnpvsr8xa.png stdout tsv
2026-06-16 14:46:55,770 [INFO] command: tesseract --psm 0 -l osd /tmp/tmpgtbj8pzf.png stdout
2026-06-16 14:46:55,770 [INFO] command: tesseract --psm 0 -l osd /tmp/tmpgtbj8pzf.png stdout
2026-06-16 14:46:55,826 [ERROR] OSD failed (doc Vitok-1 РЭ.pdf, page: 2, OCR rectangle: 13, processed image file <tempfile._TemporaryFileWrapper object at 0x753d1c461f40>):
 b'Estimating resolution as 212\nToo few characters. Skipping this page\nWarning. Invalid resolution 0 dpi. Using 70 instead.\nToo few characters. Skipping this page\nError during processing.\n'
2026-06-16 14:46:55,826 [ERROR] OSD failed (doc Vitok-1 РЭ.pdf, page: 2, OCR rectangle: 13, processed image file <tempfile._TemporaryFileWrapper object at 0x753d1c461f40>):
 b'Estimating resolution as 212\nToo few characters. Skipping this page\nWarning. Invalid resolution 0 dpi. Using 70 instead.\nToo few characters. Skipping this page\nError during processing.\n'
2026-06-16 14:46:55,827 [INFO] command: tesseract -l rus+eng /tmp/tmpgtbj8pzf.png stdout tsv
2026-06-16 14:46:55,827 [INFO] command: tesseract -l rus+eng /tmp/tmpgtbj8pzf.png stdout tsv
2026-06-16 14:46:57,871 [INFO] Finished converting document Vitok-1 РЭ.pdf in 5.17 sec.
2026-06-16 14:46:57,871 [INFO] Finished converting document Vitok-1 РЭ.pdf in 5.17 sec.
☁️ Complex elements (tables/figures) detected on pages: [1, 4, 8]
Page 1: Complex figure processed via Gemini Vision.
Page 53: Complex figure processed via Gemini Vision.
2026-06-16 14:47:13,692 [INFO] Successfully processed 00 2013 Отчет по ЭМС ПС Первомайка (Изм.1).pdf.
Saved Markdown archive: /home/mint/smart-db/PROCESSED/00 2013 Отчет по ЭМС ПС Первомайка (Изм.1).pdf.md
2026-06-16 14:47:13,692 [INFO] Successfully processed 00 2013 Отчет по ЭМС ПС Первомайка (Изм.1).pdf.
2026-06-16 14:47:13,692 [INFO] Ingesting Vitok-1 РЭ.pdf via OCR...
2026-06-16 14:47:13,692 [INFO] Ingesting Vitok-1 РЭ.pdf via OCR...
2026-06-16 14:47:13,693 [INFO] detected formats: [<InputFormat.PDF: 'pdf'>]
Processing Vitok-1 РЭ.pdf with Docling...
2026-06-16 14:47:13,693 [INFO] detected formats: [<InputFormat.PDF: 'pdf'>]
2026-06-16 14:47:13,694 [INFO] Going to convert document batch...
2026-06-16 14:47:13,694 [INFO] Going to convert document batch...
2026-06-16 14:47:13,695 [INFO] Processing document Vitok-1 РЭ.pdf
2026-06-16 14:47:13,695 [INFO] Processing document Vitok-1 РЭ.pdf
2026-06-16 14:47:13,913 [INFO] command: tesseract --psm 0 -l osd /tmp/tmpdt63fgut.png stdout
2026-06-16 14:47:13,913 [INFO] command: tesseract --psm 0 -l osd /tmp/tmpdt63fgut.png stdout
2026-06-16 14:47:14,016 [ERROR] OSD failed (doc Vitok-1 РЭ.pdf, page: 0, OCR rectangle: 0, processed image file <tempfile._TemporaryFileWrapper object at 0x7a2b88195df0>):
 b'Too few characters. Skipping this page\nWarning. Invalid resolution 0 dpi. Using 70 instead.\nToo few characters. Skipping this page\nError during processing.\n'
2026-06-16 14:47:14,016 [ERROR] OSD failed (doc Vitok-1 РЭ.pdf, page: 0, OCR rectangle: 0, processed image file <tempfile._TemporaryFileWrapper object at 0x7a2b88195df0>):
 b'Too few characters. Skipping this page\nWarning. Invalid resolution 0 dpi. Using 70 instead.\nToo few characters. Skipping this page\nError during processing.\n'
2026-06-16 14:47:14,017 [INFO] command: tesseract -l rus+eng /tmp/tmpdt63fgut.png stdout tsv
2026-06-16 14:47:14,017 [INFO] command: tesseract -l rus+eng /tmp/tmpdt63fgut.png stdout tsv
2026-06-16 14:47:14,317 [INFO] command: tesseract --psm 0 -l osd /tmp/tmpyj02senk.png stdout
2026-06-16 14:47:14,317 [INFO] command: tesseract --psm 0 -l osd /tmp/tmpyj02senk.png stdout
2026-06-16 14:47:14,419 [ERROR] OSD failed (doc Vitok-1 РЭ.pdf, page: 0, OCR rectangle: 1, processed image file <tempfile._TemporaryFileWrapper object at 0x7a2acc183530>):
 b'Estimating resolution as 444\nToo few characters. Skipping this page\nWarning. Invalid resolution 0 dpi. Using 70 instead.\nToo few characters. Skipping this page\nError during processing.\n'
2026-06-16 14:47:14,419 [ERROR] OSD failed (doc Vitok-1 РЭ.pdf, page: 0, OCR rectangle: 1, processed image file <tempfile._TemporaryFileWrapper object at 0x7a2acc183530>):
 b'Estimating resolution as 444\nToo few characters. Skipping this page\nWarning. Invalid resolution 0 dpi. Using 70 instead.\nToo few characters. Skipping this page\nError during processing.\n'
2026-06-16 14:47:14,419 [INFO] command: tesseract -l rus+eng /tmp/tmpyj02senk.png stdout tsv
2026-06-16 14:47:14,419 [INFO] command: tesseract -l rus+eng /tmp/tmpyj02senk.png stdout tsv
2026-06-16 14:47:14,536 [INFO] command: tesseract --psm 0 -l osd /tmp/tmpe859af8a.png stdout
2026-06-16 14:47:14,536 [INFO] command: tesseract --psm 0 -l osd /tmp/tmpe859af8a.png stdout
2026-06-16 14:47:14,590 [ERROR] OSD failed (doc Vitok-1 РЭ.pdf, page: 0, OCR rectangle: 2, processed image file <tempfile._TemporaryFileWrapper object at 0x7a2accce6a20>):
 b'Estimating resolution as 1288\nToo few characters. Skipping this page\nWarning. Invalid resolution 0 dpi. Using 70 instead.\nToo few characters. Skipping this page\nError during processing.\n'
2026-06-16 14:47:14,590 [ERROR] OSD failed (doc Vitok-1 РЭ.pdf, page: 0, OCR rectangle: 2, processed image file <tempfile._TemporaryFileWrapper object at 0x7a2accce6a20>):
 b'Estimating resolution as 1288\nToo few characters. Skipping this page\nWarning. Invalid resolution 0 dpi. Using 70 instead.\nToo few characters. Skipping this page\nError during processing.\n'
2026-06-16 14:47:14,590 [INFO] command: tesseract -l rus+eng /tmp/tmpe859af8a.png stdout tsv
2026-06-16 14:47:14,590 [INFO] command: tesseract -l rus+eng /tmp/tmpe859af8a.png stdout tsv
2026-06-16 14:47:15,039 [INFO] command: tesseract --psm 0 -l osd /tmp/tmpxtih7g39.png stdout
2026-06-16 14:47:15,039 [INFO] command: tesseract --psm 0 -l osd /tmp/tmpxtih7g39.png stdout
2026-06-16 14:47:15,090 [ERROR] OSD failed (doc Vitok-1 РЭ.pdf, page: 2, OCR rectangle: 0, processed image file <tempfile._TemporaryFileWrapper object at 0x7a2cc1762b40>):
 b'Estimating resolution as 753\nToo few characters. Skipping this page\nWarning. Invalid resolution 0 dpi. Using 70 instead.\nToo few characters. Skipping this page\nError during processing.\n'
2026-06-16 14:47:15,090 [ERROR] OSD failed (doc Vitok-1 РЭ.pdf, page: 2, OCR rectangle: 0, processed image file <tempfile._TemporaryFileWrapper object at 0x7a2cc1762b40>):
 b'Estimating resolution as 753\nToo few characters. Skipping this page\nWarning. Invalid resolution 0 dpi. Using 70 instead.\nToo few characters. Skipping this page\nError during processing.\n'
2026-06-16 14:47:15,090 [INFO] command: tesseract -l rus+eng /tmp/tmpxtih7g39.png stdout tsv
2026-06-16 14:47:15,090 [INFO] command: tesseract -l rus+eng /tmp/tmpxtih7g39.png stdout tsv
2026-06-16 14:47:15,165 [INFO] command: tesseract --psm 0 -l osd /tmp/tmp0cyf6edc.png stdout
2026-06-16 14:47:15,165 [INFO] command: tesseract --psm 0 -l osd /tmp/tmp0cyf6edc.png stdout
2026-06-16 14:47:15,216 [ERROR] OSD failed (doc Vitok-1 РЭ.pdf, page: 2, OCR rectangle: 1, processed image file <tempfile._TemporaryFileWrapper object at 0x7a2bb82b6960>):
 b'Estimating resolution as 453\nToo few characters. Skipping this page\nWarning. Invalid resolution 0 dpi. Using 70 instead.\nToo few characters. Skipping this page\nError during processing.\n'
2026-06-16 14:47:15,216 [ERROR] OSD failed (doc Vitok-1 РЭ.pdf, page: 2, OCR rectangle: 1, processed image file <tempfile._TemporaryFileWrapper object at 0x7a2bb82b6960>):
 b'Estimating resolution as 453\nToo few characters. Skipping this page\nWarning. Invalid resolution 0 dpi. Using 70 instead.\nToo few characters. Skipping this page\nError during processing.\n'
2026-06-16 14:47:15,216 [INFO] command: tesseract -l rus+eng /tmp/tmp0cyf6edc.png stdout tsv
2026-06-16 14:47:15,216 [INFO] command: tesseract -l rus+eng /tmp/tmp0cyf6edc.png stdout tsv
2026-06-16 14:47:15,294 [INFO] command: tesseract --psm 0 -l osd /tmp/tmpowpsl_gw.png stdout
2026-06-16 14:47:15,294 [INFO] command: tesseract --psm 0 -l osd /tmp/tmpowpsl_gw.png stdout
2026-06-16 14:47:15,347 [ERROR] OSD failed (doc Vitok-1 РЭ.pdf, page: 2, OCR rectangle: 2, processed image file <tempfile._TemporaryFileWrapper object at 0x7a2ab01c9490>):
 b'Estimating resolution as 463\nToo few characters. Skipping this page\nWarning. Invalid resolution 0 dpi. Using 70 instead.\nToo few characters. Skipping this page\nError during processing.\n'
2026-06-16 14:47:15,347 [ERROR] OSD failed (doc Vitok-1 РЭ.pdf, page: 2, OCR rectangle: 2, processed image file <tempfile._TemporaryFileWrapper object at 0x7a2ab01c9490>):
 b'Estimating resolution as 463\nToo few characters. Skipping this page\nWarning. Invalid resolution 0 dpi. Using 70 instead.\nToo few characters. Skipping this page\nError during processing.\n'
2026-06-16 14:47:15,347 [INFO] command: tesseract -l rus+eng /tmp/tmpowpsl_gw.png stdout tsv
2026-06-16 14:47:15,347 [INFO] command: tesseract -l rus+eng /tmp/tmpowpsl_gw.png stdout tsv
2026-06-16 14:47:15,428 [INFO] command: tesseract --psm 0 -l osd /tmp/tmp68t88otv.png stdout
2026-06-16 14:47:15,428 [INFO] command: tesseract --psm 0 -l osd /tmp/tmp68t88otv.png stdout
2026-06-16 14:47:15,478 [ERROR] OSD failed (doc Vitok-1 РЭ.pdf, page: 2, OCR rectangle: 3, processed image file <tempfile._TemporaryFileWrapper object at 0x7a2bb82b6960>):
 b'Estimating resolution as 919\nToo few characters. Skipping this page\nWarning. Invalid resolution 0 dpi. Using 70 instead.\nToo few characters. Skipping this page\nError during processing.\n'
2026-06-16 14:47:15,478 [ERROR] OSD failed (doc Vitok-1 РЭ.pdf, page: 2, OCR rectangle: 3, processed image file <tempfile._TemporaryFileWrapper object at 0x7a2bb82b6960>):
 b'Estimating resolution as 919\nToo few characters. Skipping this page\nWarning. Invalid resolution 0 dpi. Using 70 instead.\nToo few characters. Skipping this page\nError during processing.\n'
2026-06-16 14:47:15,479 [INFO] command: tesseract -l rus+eng /tmp/tmp68t88otv.png stdout tsv
2026-06-16 14:47:15,479 [INFO] command: tesseract -l rus+eng /tmp/tmp68t88otv.png stdout tsv
2026-06-16 14:47:15,559 [INFO] command: tesseract --psm 0 -l osd /tmp/tmp8s7yu4ww.png stdout
2026-06-16 14:47:15,559 [INFO] command: tesseract --psm 0 -l osd /tmp/tmp8s7yu4ww.png stdout
2026-06-16 14:47:15,616 [ERROR] OSD failed (doc Vitok-1 РЭ.pdf, page: 2, OCR rectangle: 4, processed image file <tempfile._TemporaryFileWrapper object at 0x7a2cc0359df0>):
 b'Estimating resolution as 1525\nToo few characters. Skipping this page\nWarning. Invalid resolution 0 dpi. Using 70 instead.\nToo few characters. Skipping this page\nError during processing.\n'
2026-06-16 14:47:15,616 [ERROR] OSD failed (doc Vitok-1 РЭ.pdf, page: 2, OCR rectangle: 4, processed image file <tempfile._TemporaryFileWrapper object at 0x7a2cc0359df0>):
 b'Estimating resolution as 1525\nToo few characters. Skipping this page\nWarning. Invalid resolution 0 dpi. Using 70 instead.\nToo few characters. Skipping this page\nError during processing.\n'
2026-06-16 14:47:15,616 [INFO] command: tesseract -l rus+eng /tmp/tmp8s7yu4ww.png stdout tsv
2026-06-16 14:47:15,616 [INFO] command: tesseract -l rus+eng /tmp/tmp8s7yu4ww.png stdout tsv
2026-06-16 14:47:15,696 [INFO] command: tesseract --psm 0 -l osd /tmp/tmpbb6r7ekf.png stdout
2026-06-16 14:47:15,696 [INFO] command: tesseract --psm 0 -l osd /tmp/tmpbb6r7ekf.png stdout
2026-06-16 14:47:15,752 [ERROR] OSD failed (doc Vitok-1 РЭ.pdf, page: 2, OCR rectangle: 5, processed image file <tempfile._TemporaryFileWrapper object at 0x7a2bb8232ae0>):
 b'Estimating resolution as 1263\nToo few characters. Skipping this page\nWarning. Invalid resolution 0 dpi. Using 70 instead.\nToo few characters. Skipping this page\nError during processing.\n'
2026-06-16 14:47:15,752 [ERROR] OSD failed (doc Vitok-1 РЭ.pdf, page: 2, OCR rectangle: 5, processed image file <tempfile._TemporaryFileWrapper object at 0x7a2bb8232ae0>):
 b'Estimating resolution as 1263\nToo few characters. Skipping this page\nWarning. Invalid resolution 0 dpi. Using 70 instead.\nToo few characters. Skipping this page\nError during processing.\n'
2026-06-16 14:47:15,752 [INFO] command: tesseract -l rus+eng /tmp/tmpbb6r7ekf.png stdout tsv
2026-06-16 14:47:15,752 [INFO] command: tesseract -l rus+eng /tmp/tmpbb6r7ekf.png stdout tsv
2026-06-16 14:47:15,833 [INFO] command: tesseract --psm 0 -l osd /tmp/tmppq4ua7e6.png stdout
2026-06-16 14:47:15,833 [INFO] command: tesseract --psm 0 -l osd /tmp/tmppq4ua7e6.png stdout
2026-06-16 14:47:15,889 [ERROR] OSD failed (doc Vitok-1 РЭ.pdf, page: 2, OCR rectangle: 6, processed image file <tempfile._TemporaryFileWrapper object at 0x7a2bb813ede0>):
 b'Estimating resolution as 500\nToo few characters. Skipping this page\nWarning. Invalid resolution 0 dpi. Using 70 instead.\nToo few characters. Skipping this page\nError during processing.\n'
2026-06-16 14:47:15,889 [ERROR] OSD failed (doc Vitok-1 РЭ.pdf, page: 2, OCR rectangle: 6, processed image file <tempfile._TemporaryFileWrapper object at 0x7a2bb813ede0>):
 b'Estimating resolution as 500\nToo few characters. Skipping this page\nWarning. Invalid resolution 0 dpi. Using 70 instead.\nToo few characters. Skipping this page\nError during processing.\n'
2026-06-16 14:47:15,889 [INFO] command: tesseract -l rus+eng /tmp/tmppq4ua7e6.png stdout tsv
2026-06-16 14:47:15,889 [INFO] command: tesseract -l rus+eng /tmp/tmppq4ua7e6.png stdout tsv
2026-06-16 14:47:15,980 [INFO] command: tesseract --psm 0 -l osd /tmp/tmpc7irmdd5.png stdout
2026-06-16 14:47:15,980 [INFO] command: tesseract --psm 0 -l osd /tmp/tmpc7irmdd5.png stdout
2026-06-16 14:47:16,033 [ERROR] OSD failed (doc Vitok-1 РЭ.pdf, page: 2, OCR rectangle: 7, processed image file <tempfile._TemporaryFileWrapper object at 0x7a2bb867bd10>):
 b'Estimating resolution as 306\nToo few characters. Skipping this page\nWarning. Invalid resolution 0 dpi. Using 70 instead.\nToo few characters. Skipping this page\nError during processing.\n'
2026-06-16 14:47:16,033 [ERROR] OSD failed (doc Vitok-1 РЭ.pdf, page: 2, OCR rectangle: 7, processed image file <tempfile._TemporaryFileWrapper object at 0x7a2bb867bd10>):
 b'Estimating resolution as 306\nToo few characters. Skipping this page\nWarning. Invalid resolution 0 dpi. Using 70 instead.\nToo few characters. Skipping this page\nError during processing.\n'
2026-06-16 14:47:16,033 [INFO] command: tesseract -l rus+eng /tmp/tmpc7irmdd5.png stdout tsv
2026-06-16 14:47:16,033 [INFO] command: tesseract -l rus+eng /tmp/tmpc7irmdd5.png stdout tsv
2026-06-16 14:47:16,118 [INFO] command: tesseract --psm 0 -l osd /tmp/tmpj3lyzl6u.png stdout
2026-06-16 14:47:16,118 [INFO] command: tesseract --psm 0 -l osd /tmp/tmpj3lyzl6u.png stdout
2026-06-16 14:47:16,171 [ERROR] OSD failed (doc Vitok-1 РЭ.pdf, page: 2, OCR rectangle: 8, processed image file <tempfile._TemporaryFileWrapper object at 0x7a2bb867b890>):
 b'Estimating resolution as 303\nToo few characters. Skipping this page\nWarning. Invalid resolution 0 dpi. Using 70 instead.\nToo few characters. Skipping this page\nError during processing.\n'
2026-06-16 14:47:16,171 [ERROR] OSD failed (doc Vitok-1 РЭ.pdf, page: 2, OCR rectangle: 8, processed image file <tempfile._TemporaryFileWrapper object at 0x7a2bb867b890>):
 b'Estimating resolution as 303\nToo few characters. Skipping this page\nWarning. Invalid resolution 0 dpi. Using 70 instead.\nToo few characters. Skipping this page\nError during processing.\n'
2026-06-16 14:47:16,171 [INFO] command: tesseract -l rus+eng /tmp/tmpj3lyzl6u.png stdout tsv
2026-06-16 14:47:16,171 [INFO] command: tesseract -l rus+eng /tmp/tmpj3lyzl6u.png stdout tsv
2026-06-16 14:47:16,246 [INFO] command: tesseract --psm 0 -l osd /tmp/tmp9s0mmjvg.png stdout
2026-06-16 14:47:16,246 [INFO] command: tesseract --psm 0 -l osd /tmp/tmp9s0mmjvg.png stdout
2026-06-16 14:47:16,309 [ERROR] OSD failed (doc Vitok-1 РЭ.pdf, page: 2, OCR rectangle: 9, processed image file <tempfile._TemporaryFileWrapper object at 0x7a2bb867b110>):
 b'Estimating resolution as 1016\nToo few characters. Skipping this page\nWarning. Invalid resolution 0 dpi. Using 70 instead.\nToo few characters. Skipping this page\nError during processing.\n'
2026-06-16 14:47:16,309 [ERROR] OSD failed (doc Vitok-1 РЭ.pdf, page: 2, OCR rectangle: 9, processed image file <tempfile._TemporaryFileWrapper object at 0x7a2bb867b110>):
 b'Estimating resolution as 1016\nToo few characters. Skipping this page\nWarning. Invalid resolution 0 dpi. Using 70 instead.\nToo few characters. Skipping this page\nError during processing.\n'
2026-06-16 14:47:16,309 [INFO] command: tesseract -l rus+eng /tmp/tmp9s0mmjvg.png stdout tsv
2026-06-16 14:47:16,309 [INFO] command: tesseract -l rus+eng /tmp/tmp9s0mmjvg.png stdout tsv
2026-06-16 14:47:16,385 [INFO] command: tesseract --psm 0 -l osd /tmp/tmp0o85y3hz.png stdout
2026-06-16 14:47:16,385 [INFO] command: tesseract --psm 0 -l osd /tmp/tmp0o85y3hz.png stdout
2026-06-16 14:47:16,442 [ERROR] OSD failed (doc Vitok-1 РЭ.pdf, page: 2, OCR rectangle: 10, processed image file <tempfile._TemporaryFileWrapper object at 0x7a2bb867b200>):
 b'Estimating resolution as 422\nToo few characters. Skipping this page\nWarning. Invalid resolution 0 dpi. Using 70 instead.\nToo few characters. Skipping this page\nError during processing.\n'
2026-06-16 14:47:16,442 [ERROR] OSD failed (doc Vitok-1 РЭ.pdf, page: 2, OCR rectangle: 10, processed image file <tempfile._TemporaryFileWrapper object at 0x7a2bb867b200>):
 b'Estimating resolution as 422\nToo few characters. Skipping this page\nWarning. Invalid resolution 0 dpi. Using 70 instead.\nToo few characters. Skipping this page\nError during processing.\n'
2026-06-16 14:47:16,442 [INFO] command: tesseract -l rus+eng /tmp/tmp0o85y3hz.png stdout tsv
2026-06-16 14:47:16,442 [INFO] command: tesseract -l rus+eng /tmp/tmp0o85y3hz.png stdout tsv
2026-06-16 14:47:16,527 [INFO] command: tesseract --psm 0 -l osd /tmp/tmpsf6rl2x_.png stdout
2026-06-16 14:47:16,527 [INFO] command: tesseract --psm 0 -l osd /tmp/tmpsf6rl2x_.png stdout
2026-06-16 14:47:16,585 [ERROR] OSD failed (doc Vitok-1 РЭ.pdf, page: 2, OCR rectangle: 11, processed image file <tempfile._TemporaryFileWrapper object at 0x7a2bb867abd0>):
 b'Estimating resolution as 853\nToo few characters. Skipping this page\nWarning. Invalid resolution 0 dpi. Using 70 instead.\nToo few characters. Skipping this page\nError during processing.\n'
2026-06-16 14:47:16,585 [ERROR] OSD failed (doc Vitok-1 РЭ.pdf, page: 2, OCR rectangle: 11, processed image file <tempfile._TemporaryFileWrapper object at 0x7a2bb867abd0>):
 b'Estimating resolution as 853\nToo few characters. Skipping this page\nWarning. Invalid resolution 0 dpi. Using 70 instead.\nToo few characters. Skipping this page\nError during processing.\n'
2026-06-16 14:47:16,585 [INFO] command: tesseract -l rus+eng /tmp/tmpsf6rl2x_.png stdout tsv
2026-06-16 14:47:16,585 [INFO] command: tesseract -l rus+eng /tmp/tmpsf6rl2x_.png stdout tsv
2026-06-16 14:47:16,664 [INFO] command: tesseract --psm 0 -l osd /tmp/tmp2pntsp97.png stdout
2026-06-16 14:47:16,664 [INFO] command: tesseract --psm 0 -l osd /tmp/tmp2pntsp97.png stdout
2026-06-16 14:47:16,715 [ERROR] OSD failed (doc Vitok-1 РЭ.pdf, page: 2, OCR rectangle: 12, processed image file <tempfile._TemporaryFileWrapper object at 0x7a2bb867b050>):
 b'Estimating resolution as 313\nToo few characters. Skipping this page\nWarning. Invalid resolution 0 dpi. Using 70 instead.\nToo few characters. Skipping this page\nError during processing.\n'
2026-06-16 14:47:16,715 [ERROR] OSD failed (doc Vitok-1 РЭ.pdf, page: 2, OCR rectangle: 12, processed image file <tempfile._TemporaryFileWrapper object at 0x7a2bb867b050>):
 b'Estimating resolution as 313\nToo few characters. Skipping this page\nWarning. Invalid resolution 0 dpi. Using 70 instead.\nToo few characters. Skipping this page\nError during processing.\n'
2026-06-16 14:47:16,715 [INFO] command: tesseract -l rus+eng /tmp/tmp2pntsp97.png stdout tsv
2026-06-16 14:47:16,715 [INFO] command: tesseract -l rus+eng /tmp/tmp2pntsp97.png stdout tsv
2026-06-16 14:47:16,803 [INFO] command: tesseract --psm 0 -l osd /tmp/tmpklvux2a4.png stdout
2026-06-16 14:47:16,803 [INFO] command: tesseract --psm 0 -l osd /tmp/tmpklvux2a4.png stdout
2026-06-16 14:47:16,859 [ERROR] OSD failed (doc Vitok-1 РЭ.pdf, page: 2, OCR rectangle: 13, processed image file <tempfile._TemporaryFileWrapper object at 0x7a2bb867a5a0>):
 b'Estimating resolution as 212\nToo few characters. Skipping this page\nWarning. Invalid resolution 0 dpi. Using 70 instead.\nToo few characters. Skipping this page\nError during processing.\n'
2026-06-16 14:47:16,859 [ERROR] OSD failed (doc Vitok-1 РЭ.pdf, page: 2, OCR rectangle: 13, processed image file <tempfile._TemporaryFileWrapper object at 0x7a2bb867a5a0>):
 b'Estimating resolution as 212\nToo few characters. Skipping this page\nWarning. Invalid resolution 0 dpi. Using 70 instead.\nToo few characters. Skipping this page\nError during processing.\n'
2026-06-16 14:47:16,859 [INFO] command: tesseract -l rus+eng /tmp/tmpklvux2a4.png stdout tsv
2026-06-16 14:47:16,859 [INFO] command: tesseract -l rus+eng /tmp/tmpklvux2a4.png stdout tsv
2026-06-16 14:47:18,870 [INFO] Finished converting document Vitok-1 РЭ.pdf in 5.18 sec.
2026-06-16 14:47:18,870 [INFO] Finished converting document Vitok-1 РЭ.pdf in 5.18 sec.
☁️ Complex elements (tables/figures) detected on pages: [1, 4, 8]
Page 4: Complex figure processed via Gemini Vision.
Page 1: Complex figure processed via Gemini Vision.
Page 8: Complex figure processed via Gemini Vision.
2026-06-16 14:47:32,871 [INFO] Successfully processed Vitok-1 РЭ.pdf.
Saved Markdown archive: /home/mint/smart-db/PROCESSED/Vitok-1 РЭ.pdf.md
2026-06-16 14:47:32,871 [INFO] Successfully processed Vitok-1 РЭ.pdf.
2026-06-16 14:47:32,871 [INFO] Ingesting IMG20230912123149.jpg via OCR...
2026-06-16 14:47:32,871 [INFO] Ingesting IMG20230912123149.jpg via OCR...
2026-06-16 14:47:32,876 [INFO] detected formats: [<InputFormat.IMAGE: 'image'>]
Processing IMG20230912123149.jpg with Docling...
2026-06-16 14:47:32,876 [INFO] detected formats: [<InputFormat.IMAGE: 'image'>]
2026-06-16 14:47:32,931 [INFO] Going to convert document batch...
2026-06-16 14:47:32,931 [INFO] Going to convert document batch...
2026-06-16 14:47:32,931 [INFO] Initializing pipeline for StandardPdfPipeline with options hash 80a8a1322ca5ef46817c7adbf875fff6
2026-06-16 14:47:32,931 [INFO] Initializing pipeline for StandardPdfPipeline with options hash 80a8a1322ca5ef46817c7adbf875fff6
2026-06-16 14:47:33,199 [INFO] Accelerator device: 'cuda:0'
2026-06-16 14:47:33,199 [INFO] Accelerator device: 'cuda:0'
[32m[INFO] 2026-06-16 14:47:33,214 [RapidOCR] base.py:22: Using engine_name: onnxruntime[0m
[32m[INFO] 2026-06-16 14:47:33,224 [RapidOCR] download_file.py:60: File exists and is valid: /home/mint/smart-db/.venv/lib/python3.12/site-packages/rapidocr/models/ch_PP-OCRv4_det_mobile.onnx[0m
[32m[INFO] 2026-06-16 14:47:33,225 [RapidOCR] main.py:57: Using /home/mint/smart-db/.venv/lib/python3.12/site-packages/rapidocr/models/ch_PP-OCRv4_det_mobile.onnx[0m
[32m[INFO] 2026-06-16 14:47:33,312 [RapidOCR] base.py:22: Using engine_name: onnxruntime[0m
[32m[INFO] 2026-06-16 14:47:33,315 [RapidOCR] download_file.py:60: File exists and is valid: /home/mint/smart-db/.venv/lib/python3.12/site-packages/rapidocr/models/ch_ppocr_mobile_v2.0_cls_mobile.onnx[0m
[32m[INFO] 2026-06-16 14:47:33,315 [RapidOCR] main.py:57: Using /home/mint/smart-db/.venv/lib/python3.12/site-packages/rapidocr/models/ch_ppocr_mobile_v2.0_cls_mobile.onnx[0m
[32m[INFO] 2026-06-16 14:47:33,343 [RapidOCR] base.py:22: Using engine_name: onnxruntime[0m
[32m[INFO] 2026-06-16 14:47:33,360 [RapidOCR] download_file.py:60: File exists and is valid: /home/mint/smart-db/.venv/lib/python3.12/site-packages/rapidocr/models/ch_PP-OCRv4_rec_mobile.onnx[0m
[32m[INFO] 2026-06-16 14:47:33,361 [RapidOCR] main.py:57: Using /home/mint/smart-db/.venv/lib/python3.12/site-packages/rapidocr/models/ch_PP-OCRv4_rec_mobile.onnx[0m
2026-06-16 14:47:33,482 [INFO] Auto OCR model selected rapidocr with onnxruntime.
2026-06-16 14:47:33,482 [INFO] Auto OCR model selected rapidocr with onnxruntime.
2026-06-16 14:47:33,483 [INFO] Accelerator device: 'cuda:0'
2026-06-16 14:47:33,483 [INFO] Accelerator device: 'cuda:0'
2026-06-16 14:47:33,986 [INFO] HTTP Request: GET https://huggingface.co/api/models/docling-project/docling-layout-heron/revision/main "HTTP/1.1 200 OK"
2026-06-16 14:47:33,986 [INFO] HTTP Request: GET https://huggingface.co/api/models/docling-project/docling-layout-heron/revision/main "HTTP/1.1 200 OK"
Loading weights:   0%|          | 0/770 [00:00<?, ?it/s]Loading weights:  31%|███       | 240/770 [00:00<00:00, 2345.17it/s]Loading weights:  62%|██████▏   | 475/770 [00:00<00:00, 2231.26it/s]Loading weights:  95%|█████████▌| 732/770 [00:00<00:00, 2370.76it/s]Loading weights: 100%|██████████| 770/770 [00:00<00:00, 2220.40it/s]
2026-06-16 14:47:34,869 [INFO] HTTP Request: GET https://huggingface.co/api/models/docling-project/docling-models/revision/v2.3.0 "HTTP/1.1 200 OK"
2026-06-16 14:47:34,869 [INFO] HTTP Request: GET https://huggingface.co/api/models/docling-project/docling-models/revision/v2.3.0 "HTTP/1.1 200 OK"
2026-06-16 14:47:34,889 [INFO] Accelerator device: 'cuda:0'
2026-06-16 14:47:34,889 [INFO] Accelerator device: 'cuda:0'
2026-06-16 14:47:35,352 [INFO] Processing document IMG20230912123149.jpg
2026-06-16 14:47:35,352 [INFO] Processing document IMG20230912123149.jpg
2026-06-16 14:47:37,980 [INFO] Finished converting document IMG20230912123149.jpg in 5.11 sec.
2026-06-16 14:47:37,980 [INFO] Finished converting document IMG20230912123149.jpg in 5.11 sec.
ℹ️ No complex elements flagged for Tier 3 processing.
2026-06-16 14:47:38,125 [INFO] Successfully processed IMG20230912123149.jpg.
Saved Markdown archive: /home/mint/smart-db/PROCESSED/IMG20230912123149.jpg.md
2026-06-16 14:47:38,125 [INFO] Successfully processed IMG20230912123149.jpg.
2026-06-16 14:47:38,125 [INFO] Ingesting ! Форма 4 Диагностические работы выполняемые в 2025 г.xls via OCR...
2026-06-16 14:47:38,125 [INFO] Ingesting ! Форма 4 Диагностические работы выполняемые в 2025 г.xls via OCR...
2026-06-16 14:47:38,126 [INFO] detected formats: []
Processing ! Форма 4 Диагностические работы выполняемые в 2025 г.xls with Docling...
2026-06-16 14:47:38,126 [INFO] detected formats: []
2026-06-16 14:47:38,126 [ERROR] Input document ! Форма 4 Диагностические работы выполняемые в 2025 г.xls with format None does not match any allowed format: (dict_keys([<InputFormat.PDF: 'pdf'>, <InputFormat.DOCX: 'docx'>, <InputFormat.XLSX: 'xlsx'>, <InputFormat.IMAGE: 'image'>]))
2026-06-16 14:47:38,126 [ERROR] Input document ! Форма 4 Диагностические работы выполняемые в 2025 г.xls with format None does not match any allowed format: (dict_keys([<InputFormat.PDF: 'pdf'>, <InputFormat.DOCX: 'docx'>, <InputFormat.XLSX: 'xlsx'>, <InputFormat.IMAGE: 'image'>]))
2026-06-16 14:47:38,126 [INFO] Going to convert document batch...
2026-06-16 14:47:38,126 [INFO] Going to convert document batch...
2026-06-16 14:47:38,126 [INFO] Successfully processed ! Форма 4 Диагностические работы выполняемые в 2025 г.xls.
Docling conversion failed for ! Форма 4 Диагностические работы выполняемые в 2025 г.xls: File format not allowed: ! Форма 4 Диагностические работы выполняемые в 2025 г.xls. Moving to OUTPUT (Quarantine).
2026-06-16 14:47:38,126 [INFO] Successfully processed ! Форма 4 Диагностические работы выполняемые в 2025 г.xls.
2026-06-16 14:47:38,126 [INFO] Ingesting Схема 2022.docx via OCR...
2026-06-16 14:47:38,126 [INFO] Ingesting Схема 2022.docx via OCR...
2026-06-16 14:47:38,127 [INFO] detected formats: [<InputFormat.DOCX: 'docx'>]
Processing Схема 2022.docx with Docling...
2026-06-16 14:47:38,127 [INFO] detected formats: [<InputFormat.DOCX: 'docx'>]
2026-06-16 14:47:38,130 [INFO] Going to convert document batch...
2026-06-16 14:47:38,130 [INFO] Going to convert document batch...
2026-06-16 14:47:38,130 [INFO] Processing document Схема 2022.docx
2026-06-16 14:47:38,130 [INFO] Processing document Схема 2022.docx
2026-06-16 14:47:39,958 [INFO] Finished converting document Схема 2022.docx in 1.83 sec.
2026-06-16 14:47:39,958 [INFO] Finished converting document Схема 2022.docx in 1.83 sec.
ℹ️ No complex elements flagged for Tier 3 processing.
2026-06-16 14:47:40,097 [INFO] Successfully processed Схема 2022.docx.
Saved Markdown archive: /home/mint/smart-db/PROCESSED/Схема 2022.docx.md
2026-06-16 14:47:40,097 [INFO] Successfully processed Схема 2022.docx.
2026-06-16 14:47:40,097 [INFO] Ingesting aid-7050.pdf via OCR...
2026-06-16 14:47:40,097 [INFO] Ingesting aid-7050.pdf via OCR...
2026-06-16 14:47:40,099 [INFO] detected formats: [<InputFormat.PDF: 'pdf'>]
Processing aid-7050.pdf with Docling...
2026-06-16 14:47:40,099 [INFO] detected formats: [<InputFormat.PDF: 'pdf'>]
2026-06-16 14:47:40,100 [INFO] Going to convert document batch...
2026-06-16 14:47:40,100 [INFO] Going to convert document batch...
2026-06-16 14:47:40,101 [INFO] Processing document aid-7050.pdf
2026-06-16 14:47:40,101 [INFO] Processing document aid-7050.pdf
2026-06-16 14:47:42,684 [INFO] Finished converting document aid-7050.pdf in 2.59 sec.
2026-06-16 14:47:42,684 [INFO] Finished converting document aid-7050.pdf in 2.59 sec.
☁️ Complex elements (tables/figures) detected on pages: [5]
2026-06-16 14:47:42,716 [INFO] Successfully processed aid-7050.pdf.
Duplicate file detected: aid-7050.pdf. Permanently deleting.
2026-06-16 14:47:42,716 [INFO] Successfully processed aid-7050.pdf.
2026-06-16 14:47:42,716 [INFO] Ingesting Служебная записка возложение обязанностей ДАИ-АЮА (2).docx via OCR...
2026-06-16 14:47:42,716 [INFO] Ingesting Служебная записка возложение обязанностей ДАИ-АЮА (2).docx via OCR...
2026-06-16 14:47:42,717 [INFO] detected formats: [<InputFormat.DOCX: 'docx'>]
Processing Служебная записка возложение обязанностей ДАИ-АЮА (2).docx with Docling...
2026-06-16 14:47:42,717 [INFO] detected formats: [<InputFormat.DOCX: 'docx'>]
2026-06-16 14:47:42,723 [INFO] Going to convert document batch...
2026-06-16 14:47:42,723 [INFO] Going to convert document batch...
2026-06-16 14:47:42,723 [INFO] Processing document Служебная записка возложение обязанностей ДАИ-АЮА (2).docx
2026-06-16 14:47:42,723 [INFO] Processing document Служебная записка возложение обязанностей ДАИ-АЮА (2).docx
2026-06-16 14:47:42,813 [INFO] Finished converting document Служебная записка возложение обязанностей ДАИ-АЮА (2).docx in 0.10 sec.
2026-06-16 14:47:42,813 [INFO] Finished converting document Служебная записка возложение обязанностей ДАИ-АЮА (2).docx in 0.10 sec.
ℹ️ No complex elements flagged for Tier 3 processing.
2026-06-16 14:47:42,954 [INFO] Successfully processed Служебная записка возложение обязанностей ДАИ-АЮА (2).docx.
Saved Markdown archive: /home/mint/smart-db/PROCESSED/Служебная записка возложение обязанностей ДАИ-АЮА (2).docx.md
2026-06-16 14:47:42,954 [INFO] Successfully processed Служебная записка возложение обязанностей ДАИ-АЮА (2).docx.
2026-06-16 14:47:42,954 [INFO] Ingesting В.А. Обвинцеву Тангенс2000 в ремонт Феникс.docx via OCR...
2026-06-16 14:47:42,954 [INFO] Ingesting В.А. Обвинцеву Тангенс2000 в ремонт Феникс.docx via OCR...
2026-06-16 14:47:42,955 [INFO] detected formats: [<InputFormat.DOCX: 'docx'>]
Processing В.А. Обвинцеву Тангенс2000 в ремонт Феникс.docx with Docling...
2026-06-16 14:47:42,955 [INFO] detected formats: [<InputFormat.DOCX: 'docx'>]
2026-06-16 14:47:42,961 [INFO] Going to convert document batch...
2026-06-16 14:47:42,961 [INFO] Going to convert document batch...
2026-06-16 14:47:42,961 [INFO] Processing document В.А. Обвинцеву Тангенс2000 в ремонт Феникс.docx
2026-06-16 14:47:42,961 [INFO] Processing document В.А. Обвинцеву Тангенс2000 в ремонт Феникс.docx
2026-06-16 14:47:43,043 [INFO] Finished converting document В.А. Обвинцеву Тангенс2000 в ремонт Феникс.docx in 0.09 sec.
2026-06-16 14:47:43,043 [INFO] Finished converting document В.А. Обвинцеву Тангенс2000 в ремонт Феникс.docx in 0.09 sec.
ℹ️ No complex elements flagged for Tier 3 processing.
2026-06-16 14:47:43,182 [INFO] Successfully processed В.А. Обвинцеву Тангенс2000 в ремонт Феникс.docx.
Saved Markdown archive: /home/mint/smart-db/PROCESSED/В.А. Обвинцеву Тангенс2000 в ремонт Феникс.docx.md
2026-06-16 14:47:43,182 [INFO] Successfully processed В.А. Обвинцеву Тангенс2000 в ремонт Феникс.docx.
2026-06-16 14:47:43,182 [INFO] Ingesting ПКР-1 hq_сжато.pdf via OCR...
2026-06-16 14:47:43,182 [INFO] Ingesting ПКР-1 hq_сжато.pdf via OCR...
2026-06-16 14:47:43,188 [INFO] detected formats: [<InputFormat.PDF: 'pdf'>]
Processing ПКР-1 hq_сжато.pdf with Docling...
2026-06-16 14:47:43,188 [INFO] detected formats: [<InputFormat.PDF: 'pdf'>]
2026-06-16 14:47:43,200 [INFO] Going to convert document batch...
2026-06-16 14:47:43,200 [INFO] Going to convert document batch...
2026-06-16 14:47:43,200 [INFO] Processing document ПКР-1 hq_сжато.pdf
2026-06-16 14:47:43,200 [INFO] Processing document ПКР-1 hq_сжато.pdf
2026-06-16 14:47:44,663 [INFO] command: tesseract --psm 0 -l osd /tmp/tmp8vmz22pj.png stdout
2026-06-16 14:47:44,663 [INFO] command: tesseract --psm 0 -l osd /tmp/tmp8vmz22pj.png stdout
2026-06-16 14:47:45,249 [INFO] command: tesseract -l rus+eng /tmp/tmp8vmz22pj.png stdout tsv
2026-06-16 14:47:45,249 [INFO] command: tesseract -l rus+eng /tmp/tmp8vmz22pj.png stdout tsv
2026-06-16 14:47:47,095 [INFO] command: tesseract --psm 0 -l osd /tmp/tmp1q9ads07.png stdout
2026-06-16 14:47:47,095 [INFO] command: tesseract --psm 0 -l osd /tmp/tmp1q9ads07.png stdout
2026-06-16 14:47:47,747 [INFO] command: tesseract -l rus+eng /tmp/tmp1q9ads07.png stdout tsv
2026-06-16 14:47:47,747 [INFO] command: tesseract -l rus+eng /tmp/tmp1q9ads07.png stdout tsv
Page 4: Complex figure processed via Gemini Vision.
2026-06-16 14:47:54,717 [INFO] command: tesseract --psm 0 -l osd /tmp/tmp3cmi9ys8.png stdout
2026-06-16 14:47:54,717 [INFO] command: tesseract --psm 0 -l osd /tmp/tmp3cmi9ys8.png stdout
2026-06-16 14:47:55,452 [INFO] command: tesseract -l rus+eng /tmp/tmp3cmi9ys8.png stdout tsv
2026-06-16 14:47:55,452 [INFO] command: tesseract -l rus+eng /tmp/tmp3cmi9ys8.png stdout tsv
2026-06-16 14:47:59,005 [INFO] command: tesseract --psm 0 -l osd /tmp/tmpb7iwj8_8.png stdout
2026-06-16 14:47:59,005 [INFO] command: tesseract --psm 0 -l osd /tmp/tmpb7iwj8_8.png stdout
2026-06-16 14:47:59,669 [INFO] command: tesseract -l rus+eng /tmp/tmpb7iwj8_8.png stdout tsv
2026-06-16 14:47:59,669 [INFO] command: tesseract -l rus+eng /tmp/tmpb7iwj8_8.png stdout tsv
2026-06-16 14:48:02,313 [INFO] command: tesseract --psm 0 -l osd /tmp/tmp1qh60t_l.png stdout
2026-06-16 14:48:02,313 [INFO] command: tesseract --psm 0 -l osd /tmp/tmp1qh60t_l.png stdout
2026-06-16 14:48:02,992 [INFO] command: tesseract -l rus+eng /tmp/tmp1qh60t_l.png stdout tsv
2026-06-16 14:48:02,992 [INFO] command: tesseract -l rus+eng /tmp/tmp1qh60t_l.png stdout tsv
Page 8: Complex figure processed via Gemini Vision.
2026-06-16 14:48:03,437 [INFO] Successfully processed Vitok-1 РЭ.pdf.
Saved Markdown archive: /home/mint/smart-db/PROCESSED/Vitok-1 РЭ.pdf.md
2026-06-16 14:48:03,437 [INFO] Successfully processed Vitok-1 РЭ.pdf.
2026-06-16 14:48:03,437 [INFO] Ingesting ПКР-1 hq_сжато.pdf via OCR...
2026-06-16 14:48:03,437 [INFO] Ingesting ПКР-1 hq_сжато.pdf via OCR...
2026-06-16 14:48:03,438 [INFO] detected formats: [<InputFormat.PDF: 'pdf'>]
Processing ПКР-1 hq_сжато.pdf with Docling...
2026-06-16 14:48:03,438 [INFO] detected formats: [<InputFormat.PDF: 'pdf'>]
2026-06-16 14:48:03,450 [INFO] Going to convert document batch...
2026-06-16 14:48:03,450 [INFO] Going to convert document batch...
2026-06-16 14:48:03,451 [INFO] Processing document ПКР-1 hq_сжато.pdf
2026-06-16 14:48:03,451 [INFO] Processing document ПКР-1 hq_сжато.pdf
2026-06-16 14:48:04,633 [INFO] command: tesseract --psm 0 -l osd /tmp/tmpujucp5ae.png stdout
2026-06-16 14:48:04,633 [INFO] command: tesseract --psm 0 -l osd /tmp/tmpujucp5ae.png stdout
2026-06-16 14:48:05,226 [INFO] command: tesseract -l rus+eng /tmp/tmpujucp5ae.png stdout tsv
2026-06-16 14:48:05,226 [INFO] command: tesseract -l rus+eng /tmp/tmpujucp5ae.png stdout tsv
2026-06-16 14:48:05,505 [INFO] command: tesseract --psm 0 -l osd /tmp/tmpfu9bkknc.png stdout
2026-06-16 14:48:05,505 [INFO] command: tesseract --psm 0 -l osd /tmp/tmpfu9bkknc.png stdout
2026-06-16 14:48:06,226 [INFO] command: tesseract -l rus+eng /tmp/tmpfu9bkknc.png stdout tsv
2026-06-16 14:48:06,226 [INFO] command: tesseract -l rus+eng /tmp/tmpfu9bkknc.png stdout tsv
2026-06-16 14:48:07,504 [INFO] command: tesseract --psm 0 -l osd /tmp/tmpcgw6984r.png stdout
2026-06-16 14:48:07,504 [INFO] command: tesseract --psm 0 -l osd /tmp/tmpcgw6984r.png stdout
2026-06-16 14:48:07,901 [INFO] command: tesseract --psm 0 -l osd /tmp/tmp1dsqb2ji.png stdout
2026-06-16 14:48:07,901 [INFO] command: tesseract --psm 0 -l osd /tmp/tmp1dsqb2ji.png stdout
2026-06-16 14:48:08,174 [INFO] command: tesseract -l rus+eng /tmp/tmpcgw6984r.png stdout tsv
2026-06-16 14:48:08,174 [INFO] command: tesseract -l rus+eng /tmp/tmpcgw6984r.png stdout tsv
2026-06-16 14:48:08,573 [INFO] command: tesseract -l rus+eng /tmp/tmp1dsqb2ji.png stdout tsv
2026-06-16 14:48:08,573 [INFO] command: tesseract -l rus+eng /tmp/tmp1dsqb2ji.png stdout tsv
2026-06-16 14:48:10,469 [INFO] command: tesseract --psm 0 -l osd /tmp/tmp0klin3xo.png stdout
2026-06-16 14:48:10,469 [INFO] command: tesseract --psm 0 -l osd /tmp/tmp0klin3xo.png stdout
2026-06-16 14:48:11,176 [INFO] command: tesseract -l rus+eng /tmp/tmp0klin3xo.png stdout tsv
2026-06-16 14:48:11,176 [INFO] command: tesseract -l rus+eng /tmp/tmp0klin3xo.png stdout tsv
2026-06-16 14:48:14,064 [INFO] command: tesseract --psm 0 -l osd /tmp/tmpff29uis4.png stdout
2026-06-16 14:48:14,064 [INFO] command: tesseract --psm 0 -l osd /tmp/tmpff29uis4.png stdout
2026-06-16 14:48:14,783 [INFO] command: tesseract -l rus+eng /tmp/tmpff29uis4.png stdout tsv
2026-06-16 14:48:14,783 [INFO] command: tesseract -l rus+eng /tmp/tmpff29uis4.png stdout tsv
2026-06-16 14:48:15,197 [INFO] command: tesseract --psm 0 -l osd /tmp/tmp1fl_x352.png stdout
2026-06-16 14:48:15,197 [INFO] command: tesseract --psm 0 -l osd /tmp/tmp1fl_x352.png stdout
2026-06-16 14:48:15,883 [INFO] command: tesseract -l rus+eng /tmp/tmp1fl_x352.png stdout tsv
2026-06-16 14:48:15,883 [INFO] command: tesseract -l rus+eng /tmp/tmp1fl_x352.png stdout tsv
2026-06-16 14:48:18,964 [INFO] command: tesseract --psm 0 -l osd /tmp/tmpe0c12i_2.png stdout
2026-06-16 14:48:18,964 [INFO] command: tesseract --psm 0 -l osd /tmp/tmpe0c12i_2.png stdout
2026-06-16 14:48:19,645 [INFO] command: tesseract -l rus+eng /tmp/tmpe0c12i_2.png stdout tsv
2026-06-16 14:48:19,645 [INFO] command: tesseract -l rus+eng /tmp/tmpe0c12i_2.png stdout tsv
2026-06-16 14:48:19,720 [INFO] command: tesseract --psm 0 -l osd /tmp/tmpt_aq12_h.png stdout
2026-06-16 14:48:19,720 [INFO] command: tesseract --psm 0 -l osd /tmp/tmpt_aq12_h.png stdout
2026-06-16 14:48:20,418 [INFO] command: tesseract -l rus+eng /tmp/tmpt_aq12_h.png stdout tsv
2026-06-16 14:48:20,418 [INFO] command: tesseract -l rus+eng /tmp/tmpt_aq12_h.png stdout tsv
2026-06-16 14:48:21,952 [INFO] command: tesseract --psm 0 -l osd /tmp/tmpdfon1kbd.png stdout
2026-06-16 14:48:21,952 [INFO] command: tesseract --psm 0 -l osd /tmp/tmpdfon1kbd.png stdout
2026-06-16 14:48:22,614 [INFO] command: tesseract -l rus+eng /tmp/tmpdfon1kbd.png stdout tsv
2026-06-16 14:48:22,614 [INFO] command: tesseract -l rus+eng /tmp/tmpdfon1kbd.png stdout tsv
2026-06-16 14:48:23,184 [INFO] command: tesseract --psm 0 -l osd /tmp/tmp4vvacoi1.png stdout
2026-06-16 14:48:23,184 [INFO] command: tesseract --psm 0 -l osd /tmp/tmp4vvacoi1.png stdout
2026-06-16 14:48:23,868 [INFO] command: tesseract -l rus+eng /tmp/tmp4vvacoi1.png stdout tsv
2026-06-16 14:48:23,868 [INFO] command: tesseract -l rus+eng /tmp/tmp4vvacoi1.png stdout tsv
2026-06-16 14:48:25,303 [INFO] command: tesseract --psm 0 -l osd /tmp/tmp67ptvk5i.png stdout
2026-06-16 14:48:25,303 [INFO] command: tesseract --psm 0 -l osd /tmp/tmp67ptvk5i.png stdout
2026-06-16 14:48:25,987 [INFO] command: tesseract -l rus+eng /tmp/tmp67ptvk5i.png stdout tsv
2026-06-16 14:48:25,987 [INFO] command: tesseract -l rus+eng /tmp/tmp67ptvk5i.png stdout tsv
2026-06-16 14:48:26,322 [INFO] command: tesseract --psm 0 -l osd /tmp/tmplhuqs393.png stdout
2026-06-16 14:48:26,322 [INFO] command: tesseract --psm 0 -l osd /tmp/tmplhuqs393.png stdout
2026-06-16 14:48:27,126 [INFO] command: tesseract -l rus+eng /tmp/tmplhuqs393.png stdout tsv
2026-06-16 14:48:27,126 [INFO] command: tesseract -l rus+eng /tmp/tmplhuqs393.png stdout tsv
2026-06-16 14:48:28,803 [INFO] command: tesseract --psm 0 -l osd /tmp/tmprwh9x_xp.png stdout
2026-06-16 14:48:28,803 [INFO] command: tesseract --psm 0 -l osd /tmp/tmprwh9x_xp.png stdout
2026-06-16 14:48:29,472 [INFO] command: tesseract -l rus+eng /tmp/tmprwh9x_xp.png stdout tsv
2026-06-16 14:48:29,472 [INFO] command: tesseract -l rus+eng /tmp/tmprwh9x_xp.png stdout tsv
2026-06-16 14:48:29,546 [INFO] command: tesseract --psm 0 -l osd /tmp/tmphylehlw_.png stdout
2026-06-16 14:48:29,546 [INFO] command: tesseract --psm 0 -l osd /tmp/tmphylehlw_.png stdout
2026-06-16 14:48:30,220 [INFO] command: tesseract -l rus+eng /tmp/tmphylehlw_.png stdout tsv
2026-06-16 14:48:30,220 [INFO] command: tesseract -l rus+eng /tmp/tmphylehlw_.png stdout tsv
2026-06-16 14:48:31,269 [INFO] command: tesseract --psm 0 -l osd /tmp/tmpqguk0i1s.png stdout
2026-06-16 14:48:31,269 [INFO] command: tesseract --psm 0 -l osd /tmp/tmpqguk0i1s.png stdout
2026-06-16 14:48:31,965 [INFO] command: tesseract -l rus+eng /tmp/tmpqguk0i1s.png stdout tsv
2026-06-16 14:48:31,965 [INFO] command: tesseract -l rus+eng /tmp/tmpqguk0i1s.png stdout tsv
2026-06-16 14:48:33,828 [INFO] command: tesseract --psm 0 -l osd /tmp/tmphsvwfl9r.png stdout
2026-06-16 14:48:33,828 [INFO] command: tesseract --psm 0 -l osd /tmp/tmphsvwfl9r.png stdout
2026-06-16 14:48:34,500 [INFO] command: tesseract -l rus+eng /tmp/tmphsvwfl9r.png stdout tsv
2026-06-16 14:48:34,500 [INFO] command: tesseract -l rus+eng /tmp/tmphsvwfl9r.png stdout tsv
2026-06-16 14:48:34,678 [INFO] command: tesseract --psm 0 -l osd /tmp/tmp3t5obb8_.png stdout
2026-06-16 14:48:34,678 [INFO] command: tesseract --psm 0 -l osd /tmp/tmp3t5obb8_.png stdout
2026-06-16 14:48:35,396 [INFO] command: tesseract -l rus+eng /tmp/tmp3t5obb8_.png stdout tsv
2026-06-16 14:48:35,396 [INFO] command: tesseract -l rus+eng /tmp/tmp3t5obb8_.png stdout tsv
2026-06-16 14:48:38,139 [INFO] command: tesseract --psm 0 -l osd /tmp/tmplzxzamkc.png stdout
2026-06-16 14:48:38,139 [INFO] command: tesseract --psm 0 -l osd /tmp/tmplzxzamkc.png stdout
2026-06-16 14:48:38,807 [INFO] command: tesseract -l rus+eng /tmp/tmplzxzamkc.png stdout tsv
2026-06-16 14:48:38,807 [INFO] command: tesseract -l rus+eng /tmp/tmplzxzamkc.png stdout tsv
2026-06-16 14:48:39,526 [INFO] command: tesseract --psm 0 -l osd /tmp/tmpa4fterur.png stdout
2026-06-16 14:48:39,526 [INFO] command: tesseract --psm 0 -l osd /tmp/tmpa4fterur.png stdout
2026-06-16 14:48:40,202 [INFO] command: tesseract -l rus+eng /tmp/tmpa4fterur.png stdout tsv
2026-06-16 14:48:40,202 [INFO] command: tesseract -l rus+eng /tmp/tmpa4fterur.png stdout tsv
2026-06-16 14:48:41,324 [INFO] command: tesseract --psm 0 -l osd /tmp/tmpjfjk_vfk.png stdout
2026-06-16 14:48:41,324 [INFO] command: tesseract --psm 0 -l osd /tmp/tmpjfjk_vfk.png stdout
2026-06-16 14:48:41,993 [INFO] command: tesseract -l rus+eng /tmp/tmpjfjk_vfk.png stdout tsv
2026-06-16 14:48:41,993 [INFO] command: tesseract -l rus+eng /tmp/tmpjfjk_vfk.png stdout tsv
2026-06-16 14:48:42,453 [INFO] command: tesseract --psm 0 -l osd /tmp/tmp9n3ms98_.png stdout
2026-06-16 14:48:42,453 [INFO] command: tesseract --psm 0 -l osd /tmp/tmp9n3ms98_.png stdout
2026-06-16 14:48:43,114 [INFO] command: tesseract -l rus+eng /tmp/tmp9n3ms98_.png stdout tsv
2026-06-16 14:48:43,114 [INFO] command: tesseract -l rus+eng /tmp/tmp9n3ms98_.png stdout tsv
2026-06-16 14:48:45,298 [INFO] command: tesseract --psm 0 -l osd /tmp/tmpshuwxja1.png stdout
2026-06-16 14:48:45,298 [INFO] command: tesseract --psm 0 -l osd /tmp/tmpshuwxja1.png stdout
2026-06-16 14:48:45,922 [INFO] command: tesseract --psm 0 -l osd /tmp/tmpvozizoew.png stdout
2026-06-16 14:48:45,922 [INFO] command: tesseract --psm 0 -l osd /tmp/tmpvozizoew.png stdout
2026-06-16 14:48:45,987 [INFO] command: tesseract -l rus+eng /tmp/tmpshuwxja1.png stdout tsv
2026-06-16 14:48:45,987 [INFO] command: tesseract -l rus+eng /tmp/tmpshuwxja1.png stdout tsv
2026-06-16 14:48:46,583 [INFO] command: tesseract -l rus+eng /tmp/tmpvozizoew.png stdout tsv
2026-06-16 14:48:46,583 [INFO] command: tesseract -l rus+eng /tmp/tmpvozizoew.png stdout tsv
2026-06-16 14:48:49,722 [INFO] command: tesseract --psm 0 -l osd /tmp/tmpfhxvhkcy.png stdout
2026-06-16 14:48:49,722 [INFO] command: tesseract --psm 0 -l osd /tmp/tmpfhxvhkcy.png stdout
2026-06-16 14:48:50,209 [INFO] command: tesseract --psm 0 -l osd /tmp/tmprr23_g_3.png stdout
2026-06-16 14:48:50,209 [INFO] command: tesseract --psm 0 -l osd /tmp/tmprr23_g_3.png stdout
2026-06-16 14:48:50,409 [INFO] command: tesseract -l rus+eng /tmp/tmpfhxvhkcy.png stdout tsv
2026-06-16 14:48:50,409 [INFO] command: tesseract -l rus+eng /tmp/tmpfhxvhkcy.png stdout tsv
2026-06-16 14:48:50,880 [INFO] command: tesseract -l rus+eng /tmp/tmprr23_g_3.png stdout tsv
2026-06-16 14:48:50,880 [INFO] command: tesseract -l rus+eng /tmp/tmprr23_g_3.png stdout tsv
2026-06-16 14:48:54,097 [INFO] command: tesseract --psm 0 -l osd /tmp/tmp_piudxwc.png stdout
2026-06-16 14:48:54,097 [INFO] command: tesseract --psm 0 -l osd /tmp/tmp_piudxwc.png stdout
2026-06-16 14:48:54,535 [INFO] command: tesseract --psm 0 -l osd /tmp/tmpdgm1otie.png stdout
2026-06-16 14:48:54,535 [INFO] command: tesseract --psm 0 -l osd /tmp/tmpdgm1otie.png stdout
2026-06-16 14:48:54,741 [INFO] command: tesseract -l rus+eng /tmp/tmp_piudxwc.png stdout tsv
2026-06-16 14:48:54,741 [INFO] command: tesseract -l rus+eng /tmp/tmp_piudxwc.png stdout tsv
2026-06-16 14:48:55,219 [INFO] command: tesseract -l rus+eng /tmp/tmpdgm1otie.png stdout tsv
2026-06-16 14:48:55,219 [INFO] command: tesseract -l rus+eng /tmp/tmpdgm1otie.png stdout tsv
2026-06-16 14:48:56,942 [INFO] command: tesseract --psm 0 -l osd /tmp/tmp6nti4bv9.png stdout
2026-06-16 14:48:56,942 [INFO] command: tesseract --psm 0 -l osd /tmp/tmp6nti4bv9.png stdout
2026-06-16 14:48:57,575 [INFO] command: tesseract -l rus+eng /tmp/tmp6nti4bv9.png stdout tsv
2026-06-16 14:48:57,575 [INFO] command: tesseract -l rus+eng /tmp/tmp6nti4bv9.png stdout tsv
2026-06-16 14:48:58,717 [INFO] command: tesseract --psm 0 -l osd /tmp/tmpya7inhxa.png stdout
2026-06-16 14:48:58,717 [INFO] command: tesseract --psm 0 -l osd /tmp/tmpya7inhxa.png stdout
2026-06-16 14:48:59,411 [INFO] command: tesseract -l rus+eng /tmp/tmpya7inhxa.png stdout tsv
2026-06-16 14:48:59,411 [INFO] command: tesseract -l rus+eng /tmp/tmpya7inhxa.png stdout tsv
2026-06-16 14:48:59,701 [INFO] command: tesseract --psm 0 -l osd /tmp/tmp8myfuchw.png stdout
2026-06-16 14:48:59,701 [INFO] command: tesseract --psm 0 -l osd /tmp/tmp8myfuchw.png stdout
2026-06-16 14:49:00,308 [INFO] command: tesseract -l rus+eng /tmp/tmp8myfuchw.png stdout tsv
2026-06-16 14:49:00,308 [INFO] command: tesseract -l rus+eng /tmp/tmp8myfuchw.png stdout tsv
2026-06-16 14:49:01,511 [INFO] command: tesseract --psm 0 -l osd /tmp/tmp_ne1_zu4.png stdout
2026-06-16 14:49:01,511 [INFO] command: tesseract --psm 0 -l osd /tmp/tmp_ne1_zu4.png stdout
2026-06-16 14:49:01,967 [INFO] command: tesseract --psm 0 -l osd /tmp/tmpc84e58qb.png stdout
2026-06-16 14:49:01,967 [INFO] command: tesseract --psm 0 -l osd /tmp/tmpc84e58qb.png stdout
2026-06-16 14:49:02,160 [INFO] command: tesseract -l rus+eng /tmp/tmp_ne1_zu4.png stdout tsv
2026-06-16 14:49:02,160 [INFO] command: tesseract -l rus+eng /tmp/tmp_ne1_zu4.png stdout tsv
2026-06-16 14:49:02,640 [INFO] command: tesseract -l rus+eng /tmp/tmpc84e58qb.png stdout tsv
2026-06-16 14:49:02,640 [INFO] command: tesseract -l rus+eng /tmp/tmpc84e58qb.png stdout tsv
2026-06-16 14:49:04,607 [INFO] command: tesseract --psm 0 -l osd /tmp/tmp8_4mmxp3.png stdout
2026-06-16 14:49:04,607 [INFO] command: tesseract --psm 0 -l osd /tmp/tmp8_4mmxp3.png stdout
2026-06-16 14:49:05,096 [INFO] command: tesseract -l rus+eng /tmp/tmp8_4mmxp3.png stdout tsv
2026-06-16 14:49:05,096 [INFO] command: tesseract -l rus+eng /tmp/tmp8_4mmxp3.png stdout tsv
2026-06-16 14:49:05,861 [INFO] command: tesseract --psm 0 -l osd /tmp/tmp3laqo11z.png stdout
2026-06-16 14:49:05,861 [INFO] command: tesseract --psm 0 -l osd /tmp/tmp3laqo11z.png stdout
2026-06-16 14:49:06,060 [INFO] command: tesseract --psm 0 -l osd /tmp/tmpvlewf501.png stdout
2026-06-16 14:49:06,060 [INFO] command: tesseract --psm 0 -l osd /tmp/tmpvlewf501.png stdout
2026-06-16 14:49:06,552 [INFO] command: tesseract -l rus+eng /tmp/tmp3laqo11z.png stdout tsv
2026-06-16 14:49:06,552 [INFO] command: tesseract -l rus+eng /tmp/tmp3laqo11z.png stdout tsv
2026-06-16 14:49:06,706 [INFO] command: tesseract -l rus+eng /tmp/tmpvlewf501.png stdout tsv
2026-06-16 14:49:06,706 [INFO] command: tesseract -l rus+eng /tmp/tmpvlewf501.png stdout tsv
2026-06-16 14:49:08,671 [INFO] command: tesseract --psm 0 -l osd /tmp/tmp8s0h7rzl.png stdout
2026-06-16 14:49:08,671 [INFO] command: tesseract --psm 0 -l osd /tmp/tmp8s0h7rzl.png stdout
2026-06-16 14:49:09,347 [INFO] command: tesseract -l rus+eng /tmp/tmp8s0h7rzl.png stdout tsv
2026-06-16 14:49:09,347 [INFO] command: tesseract -l rus+eng /tmp/tmp8s0h7rzl.png stdout tsv
2026-06-16 14:49:10,174 [INFO] command: tesseract --psm 0 -l osd /tmp/tmp8p8pb35i.png stdout
2026-06-16 14:49:10,174 [INFO] command: tesseract --psm 0 -l osd /tmp/tmp8p8pb35i.png stdout
2026-06-16 14:49:10,864 [INFO] command: tesseract -l rus+eng /tmp/tmp8p8pb35i.png stdout tsv
2026-06-16 14:49:10,864 [INFO] command: tesseract -l rus+eng /tmp/tmp8p8pb35i.png stdout tsv
2026-06-16 14:49:11,942 [INFO] command: tesseract --psm 0 -l osd /tmp/tmp942s8abh.png stdout
2026-06-16 14:49:11,942 [INFO] command: tesseract --psm 0 -l osd /tmp/tmp942s8abh.png stdout
2026-06-16 14:49:12,624 [INFO] command: tesseract -l rus+eng /tmp/tmp942s8abh.png stdout tsv
2026-06-16 14:49:12,624 [INFO] command: tesseract -l rus+eng /tmp/tmp942s8abh.png stdout tsv
2026-06-16 14:49:14,553 [INFO] command: tesseract --psm 0 -l osd /tmp/tmp9_mcylhh.png stdout
2026-06-16 14:49:14,553 [INFO] command: tesseract --psm 0 -l osd /tmp/tmp9_mcylhh.png stdout
2026-06-16 14:49:15,203 [INFO] command: tesseract -l rus+eng /tmp/tmp9_mcylhh.png stdout tsv
2026-06-16 14:49:15,203 [INFO] command: tesseract -l rus+eng /tmp/tmp9_mcylhh.png stdout tsv
2026-06-16 14:49:16,226 [INFO] command: tesseract --psm 0 -l osd /tmp/tmpmczctj30.png stdout
2026-06-16 14:49:16,226 [INFO] command: tesseract --psm 0 -l osd /tmp/tmpmczctj30.png stdout
2026-06-16 14:49:16,904 [INFO] command: tesseract -l rus+eng /tmp/tmpmczctj30.png stdout tsv
2026-06-16 14:49:16,904 [INFO] command: tesseract -l rus+eng /tmp/tmpmczctj30.png stdout tsv
2026-06-16 14:49:17,365 [INFO] command: tesseract --psm 0 -l osd /tmp/tmp0otq442m.png stdout
2026-06-16 14:49:17,365 [INFO] command: tesseract --psm 0 -l osd /tmp/tmp0otq442m.png stdout
2026-06-16 14:49:17,987 [INFO] command: tesseract -l rus+eng /tmp/tmp0otq442m.png stdout tsv
2026-06-16 14:49:17,987 [INFO] command: tesseract -l rus+eng /tmp/tmp0otq442m.png stdout tsv
2026-06-16 14:49:20,177 [INFO] command: tesseract --psm 0 -l osd /tmp/tmpo0v1u_iy.png stdout
2026-06-16 14:49:20,177 [INFO] command: tesseract --psm 0 -l osd /tmp/tmpo0v1u_iy.png stdout
2026-06-16 14:49:20,602 [INFO] command: tesseract --psm 0 -l osd /tmp/tmpjy4t5h0b.png stdout
2026-06-16 14:49:20,602 [INFO] command: tesseract --psm 0 -l osd /tmp/tmpjy4t5h0b.png stdout
2026-06-16 14:49:20,786 [INFO] command: tesseract -l rus+eng /tmp/tmpo0v1u_iy.png stdout tsv
2026-06-16 14:49:20,786 [INFO] command: tesseract -l rus+eng /tmp/tmpo0v1u_iy.png stdout tsv
2026-06-16 14:49:21,290 [INFO] command: tesseract -l rus+eng /tmp/tmpjy4t5h0b.png stdout tsv
2026-06-16 14:49:21,290 [INFO] command: tesseract -l rus+eng /tmp/tmpjy4t5h0b.png stdout tsv
2026-06-16 14:49:21,942 [INFO] command: tesseract --psm 0 -l osd /tmp/tmpy71_py6_.png stdout
2026-06-16 14:49:21,942 [INFO] command: tesseract --psm 0 -l osd /tmp/tmpy71_py6_.png stdout
2026-06-16 14:49:22,579 [INFO] command: tesseract -l rus+eng /tmp/tmpy71_py6_.png stdout tsv
2026-06-16 14:49:22,579 [INFO] command: tesseract -l rus+eng /tmp/tmpy71_py6_.png stdout tsv
2026-06-16 14:49:24,948 [INFO] command: tesseract --psm 0 -l osd /tmp/tmprebu7i7_.png stdout
2026-06-16 14:49:24,948 [INFO] command: tesseract --psm 0 -l osd /tmp/tmprebu7i7_.png stdout
2026-06-16 14:49:25,118 [INFO] command: tesseract --psm 0 -l osd /tmp/tmpy23epq_p.png stdout
2026-06-16 14:49:25,118 [INFO] command: tesseract --psm 0 -l osd /tmp/tmpy23epq_p.png stdout
2026-06-16 14:49:25,609 [INFO] command: tesseract -l rus+eng /tmp/tmpy23epq_p.png stdout tsv
2026-06-16 14:49:25,609 [INFO] command: tesseract -l rus+eng /tmp/tmpy23epq_p.png stdout tsv
2026-06-16 14:49:25,630 [INFO] command: tesseract -l rus+eng /tmp/tmprebu7i7_.png stdout tsv
2026-06-16 14:49:25,630 [INFO] command: tesseract -l rus+eng /tmp/tmprebu7i7_.png stdout tsv
2026-06-16 14:49:26,590 [INFO] command: tesseract --psm 0 -l osd /tmp/tmp1w7itndg.png stdout
2026-06-16 14:49:26,590 [INFO] command: tesseract --psm 0 -l osd /tmp/tmp1w7itndg.png stdout
2026-06-16 14:49:27,252 [INFO] command: tesseract -l rus+eng /tmp/tmp1w7itndg.png stdout tsv
2026-06-16 14:49:27,252 [INFO] command: tesseract -l rus+eng /tmp/tmp1w7itndg.png stdout tsv
2026-06-16 14:49:29,147 [INFO] command: tesseract --psm 0 -l osd /tmp/tmp5ntzm7nw.png stdout
2026-06-16 14:49:29,147 [INFO] command: tesseract --psm 0 -l osd /tmp/tmp5ntzm7nw.png stdout
2026-06-16 14:49:29,478 [INFO] command: tesseract --psm 0 -l osd /tmp/tmpmux5fq1q.png stdout
2026-06-16 14:49:29,478 [INFO] command: tesseract --psm 0 -l osd /tmp/tmpmux5fq1q.png stdout
2026-06-16 14:49:29,816 [INFO] command: tesseract -l rus+eng /tmp/tmp5ntzm7nw.png stdout tsv
2026-06-16 14:49:29,816 [INFO] command: tesseract -l rus+eng /tmp/tmp5ntzm7nw.png stdout tsv
2026-06-16 14:49:30,138 [INFO] command: tesseract -l rus+eng /tmp/tmpmux5fq1q.png stdout tsv
2026-06-16 14:49:30,138 [INFO] command: tesseract -l rus+eng /tmp/tmpmux5fq1q.png stdout tsv
2026-06-16 14:49:32,384 [INFO] command: tesseract --psm 0 -l osd /tmp/tmprba914ed.png stdout
2026-06-16 14:49:32,384 [INFO] command: tesseract --psm 0 -l osd /tmp/tmprba914ed.png stdout
2026-06-16 14:49:33,067 [INFO] command: tesseract -l rus+eng /tmp/tmprba914ed.png stdout tsv
2026-06-16 14:49:33,067 [INFO] command: tesseract -l rus+eng /tmp/tmprba914ed.png stdout tsv
2026-06-16 14:49:33,545 [INFO] command: tesseract --psm 0 -l osd /tmp/tmpjmd_gyjd.png stdout
2026-06-16 14:49:33,545 [INFO] command: tesseract --psm 0 -l osd /tmp/tmpjmd_gyjd.png stdout
2026-06-16 14:49:34,216 [INFO] command: tesseract -l rus+eng /tmp/tmpjmd_gyjd.png stdout tsv
2026-06-16 14:49:34,216 [INFO] command: tesseract -l rus+eng /tmp/tmpjmd_gyjd.png stdout tsv
2026-06-16 14:49:36,627 [INFO] command: tesseract --psm 0 -l osd /tmp/tmppms1gi_7.png stdout
2026-06-16 14:49:36,627 [INFO] command: tesseract --psm 0 -l osd /tmp/tmppms1gi_7.png stdout
2026-06-16 14:49:37,297 [INFO] command: tesseract -l rus+eng /tmp/tmppms1gi_7.png stdout tsv
2026-06-16 14:49:37,297 [INFO] command: tesseract -l rus+eng /tmp/tmppms1gi_7.png stdout tsv
2026-06-16 14:49:37,750 [INFO] command: tesseract --psm 0 -l osd /tmp/tmprgojh1n1.png stdout
2026-06-16 14:49:37,750 [INFO] command: tesseract --psm 0 -l osd /tmp/tmprgojh1n1.png stdout
2026-06-16 14:49:38,386 [INFO] command: tesseract -l rus+eng /tmp/tmprgojh1n1.png stdout tsv
2026-06-16 14:49:38,386 [INFO] command: tesseract -l rus+eng /tmp/tmprgojh1n1.png stdout tsv
2026-06-16 14:49:39,901 [INFO] command: tesseract --psm 0 -l osd /tmp/tmpie5ompah.png stdout
2026-06-16 14:49:39,901 [INFO] command: tesseract --psm 0 -l osd /tmp/tmpie5ompah.png stdout
2026-06-16 14:49:40,546 [INFO] command: tesseract -l rus+eng /tmp/tmpie5ompah.png stdout tsv
2026-06-16 14:49:40,546 [INFO] command: tesseract -l rus+eng /tmp/tmpie5ompah.png stdout tsv
2026-06-16 14:49:40,920 [INFO] command: tesseract --psm 0 -l osd /tmp/tmpgsd0u_py.png stdout
2026-06-16 14:49:40,920 [INFO] command: tesseract --psm 0 -l osd /tmp/tmpgsd0u_py.png stdout
2026-06-16 14:49:41,642 [INFO] command: tesseract -l rus+eng /tmp/tmpgsd0u_py.png stdout tsv
2026-06-16 14:49:41,642 [INFO] command: tesseract -l rus+eng /tmp/tmpgsd0u_py.png stdout tsv
2026-06-16 14:49:42,532 [INFO] command: tesseract --psm 0 -l osd /tmp/tmp6gbxqznk.png stdout
2026-06-16 14:49:42,532 [INFO] command: tesseract --psm 0 -l osd /tmp/tmp6gbxqznk.png stdout
2026-06-16 14:49:43,173 [INFO] command: tesseract -l rus+eng /tmp/tmp6gbxqznk.png stdout tsv
2026-06-16 14:49:43,173 [INFO] command: tesseract -l rus+eng /tmp/tmp6gbxqznk.png stdout tsv
2026-06-16 14:49:44,596 [INFO] command: tesseract --psm 0 -l osd /tmp/tmp12r7fbw0.png stdout
2026-06-16 14:49:44,596 [INFO] command: tesseract --psm 0 -l osd /tmp/tmp12r7fbw0.png stdout
2026-06-16 14:49:45,244 [INFO] command: tesseract -l rus+eng /tmp/tmp12r7fbw0.png stdout tsv
2026-06-16 14:49:45,244 [INFO] command: tesseract -l rus+eng /tmp/tmp12r7fbw0.png stdout tsv
2026-06-16 14:49:45,264 [INFO] command: tesseract --psm 0 -l osd /tmp/tmpcjrak57p.png stdout
2026-06-16 14:49:45,264 [INFO] command: tesseract --psm 0 -l osd /tmp/tmpcjrak57p.png stdout
2026-06-16 14:49:45,942 [INFO] command: tesseract -l rus+eng /tmp/tmpcjrak57p.png stdout tsv
2026-06-16 14:49:45,942 [INFO] command: tesseract -l rus+eng /tmp/tmpcjrak57p.png stdout tsv
2026-06-16 14:49:47,050 [INFO] command: tesseract --psm 0 -l osd /tmp/tmpy1n4g6_2.png stdout
2026-06-16 14:49:47,050 [INFO] command: tesseract --psm 0 -l osd /tmp/tmpy1n4g6_2.png stdout
2026-06-16 14:49:47,676 [INFO] command: tesseract -l rus+eng /tmp/tmpy1n4g6_2.png stdout tsv
2026-06-16 14:49:47,676 [INFO] command: tesseract -l rus+eng /tmp/tmpy1n4g6_2.png stdout tsv
2026-06-16 14:49:49,081 [INFO] command: tesseract --psm 0 -l osd /tmp/tmpp270jnmw.png stdout
2026-06-16 14:49:49,081 [INFO] command: tesseract --psm 0 -l osd /tmp/tmpp270jnmw.png stdout
2026-06-16 14:49:49,714 [INFO] command: tesseract -l rus+eng /tmp/tmpp270jnmw.png stdout tsv
2026-06-16 14:49:49,714 [INFO] command: tesseract -l rus+eng /tmp/tmpp270jnmw.png stdout tsv
2026-06-16 14:49:49,730 [INFO] command: tesseract --psm 0 -l osd /tmp/tmpvox6n_re.png stdout
2026-06-16 14:49:49,730 [INFO] command: tesseract --psm 0 -l osd /tmp/tmpvox6n_re.png stdout
2026-06-16 14:49:50,405 [INFO] command: tesseract -l rus+eng /tmp/tmpvox6n_re.png stdout tsv
2026-06-16 14:49:50,405 [INFO] command: tesseract -l rus+eng /tmp/tmpvox6n_re.png stdout tsv
2026-06-16 14:49:51,075 [INFO] command: tesseract --psm 0 -l osd /tmp/tmprdkk82qj.png stdout
2026-06-16 14:49:51,075 [INFO] command: tesseract --psm 0 -l osd /tmp/tmprdkk82qj.png stdout
2026-06-16 14:49:51,748 [INFO] command: tesseract -l rus+eng /tmp/tmprdkk82qj.png stdout tsv
2026-06-16 14:49:51,748 [INFO] command: tesseract -l rus+eng /tmp/tmprdkk82qj.png stdout tsv
2026-06-16 14:49:53,874 [INFO] command: tesseract --psm 0 -l osd /tmp/tmpqo62vz85.png stdout
2026-06-16 14:49:53,874 [INFO] command: tesseract --psm 0 -l osd /tmp/tmpqo62vz85.png stdout
2026-06-16 14:49:54,537 [INFO] command: tesseract --psm 0 -l osd /tmp/tmpnnv2mrtn.png stdout
2026-06-16 14:49:54,537 [INFO] command: tesseract --psm 0 -l osd /tmp/tmpnnv2mrtn.png stdout
2026-06-16 14:49:54,540 [INFO] command: tesseract -l rus+eng /tmp/tmpqo62vz85.png stdout tsv
2026-06-16 14:49:54,540 [INFO] command: tesseract -l rus+eng /tmp/tmpqo62vz85.png stdout tsv
2026-06-16 14:49:55,212 [INFO] command: tesseract -l rus+eng /tmp/tmpnnv2mrtn.png stdout tsv
2026-06-16 14:49:55,212 [INFO] command: tesseract -l rus+eng /tmp/tmpnnv2mrtn.png stdout tsv
2026-06-16 14:49:58,141 [INFO] command: tesseract --psm 0 -l osd /tmp/tmpkr_54ij3.png stdout
2026-06-16 14:49:58,141 [INFO] command: tesseract --psm 0 -l osd /tmp/tmpkr_54ij3.png stdout
2026-06-16 14:49:58,772 [INFO] command: tesseract -l rus+eng /tmp/tmpkr_54ij3.png stdout tsv
2026-06-16 14:49:58,772 [INFO] command: tesseract -l rus+eng /tmp/tmpkr_54ij3.png stdout tsv
2026-06-16 14:49:58,802 [INFO] command: tesseract --psm 0 -l osd /tmp/tmpzaaq0o4f.png stdout
2026-06-16 14:49:58,802 [INFO] command: tesseract --psm 0 -l osd /tmp/tmpzaaq0o4f.png stdout
2026-06-16 14:49:59,496 [INFO] command: tesseract -l rus+eng /tmp/tmpzaaq0o4f.png stdout tsv
2026-06-16 14:49:59,496 [INFO] command: tesseract -l rus+eng /tmp/tmpzaaq0o4f.png stdout tsv
2026-06-16 14:50:00,214 [INFO] command: tesseract --psm 0 -l osd /tmp/tmpqe_ky5n8.png stdout
2026-06-16 14:50:00,214 [INFO] command: tesseract --psm 0 -l osd /tmp/tmpqe_ky5n8.png stdout
2026-06-16 14:50:00,867 [INFO] command: tesseract -l rus+eng /tmp/tmpqe_ky5n8.png stdout tsv
2026-06-16 14:50:00,867 [INFO] command: tesseract -l rus+eng /tmp/tmpqe_ky5n8.png stdout tsv
2026-06-16 14:50:02,875 [INFO] command: tesseract --psm 0 -l osd /tmp/tmp1bz2ror2.png stdout
2026-06-16 14:50:02,875 [INFO] command: tesseract --psm 0 -l osd /tmp/tmp1bz2ror2.png stdout
2026-06-16 14:50:03,518 [INFO] command: tesseract -l rus+eng /tmp/tmp1bz2ror2.png stdout tsv
2026-06-16 14:50:03,518 [INFO] command: tesseract -l rus+eng /tmp/tmp1bz2ror2.png stdout tsv
2026-06-16 14:50:03,658 [INFO] command: tesseract --psm 0 -l osd /tmp/tmpc3f4du7x.png stdout
2026-06-16 14:50:03,658 [INFO] command: tesseract --psm 0 -l osd /tmp/tmpc3f4du7x.png stdout
2026-06-16 14:50:04,347 [INFO] command: tesseract -l rus+eng /tmp/tmpc3f4du7x.png stdout tsv
2026-06-16 14:50:04,347 [INFO] command: tesseract -l rus+eng /tmp/tmpc3f4du7x.png stdout tsv
2026-06-16 14:50:04,912 [INFO] command: tesseract --psm 0 -l osd /tmp/tmpfoiq1cnp.png stdout
2026-06-16 14:50:04,912 [INFO] command: tesseract --psm 0 -l osd /tmp/tmpfoiq1cnp.png stdout
2026-06-16 14:50:05,600 [INFO] command: tesseract -l rus+eng /tmp/tmpfoiq1cnp.png stdout tsv
2026-06-16 14:50:05,600 [INFO] command: tesseract -l rus+eng /tmp/tmpfoiq1cnp.png stdout tsv
2026-06-16 14:50:07,469 [INFO] command: tesseract --psm 0 -l osd /tmp/tmp5tswa9mi.png stdout
2026-06-16 14:50:07,469 [INFO] command: tesseract --psm 0 -l osd /tmp/tmp5tswa9mi.png stdout
2026-06-16 14:50:07,866 [INFO] command: tesseract --psm 0 -l osd /tmp/tmpgb7yx_3t.png stdout
2026-06-16 14:50:07,866 [INFO] command: tesseract --psm 0 -l osd /tmp/tmpgb7yx_3t.png stdout
2026-06-16 14:50:08,114 [INFO] command: tesseract -l rus+eng /tmp/tmp5tswa9mi.png stdout tsv
2026-06-16 14:50:08,114 [INFO] command: tesseract -l rus+eng /tmp/tmp5tswa9mi.png stdout tsv
2026-06-16 14:50:08,556 [INFO] command: tesseract -l rus+eng /tmp/tmpgb7yx_3t.png stdout tsv
2026-06-16 14:50:08,556 [INFO] command: tesseract -l rus+eng /tmp/tmpgb7yx_3t.png stdout tsv
2026-06-16 14:50:09,512 [INFO] command: tesseract --psm 0 -l osd /tmp/tmpc6tiklq3.png stdout
2026-06-16 14:50:09,512 [INFO] command: tesseract --psm 0 -l osd /tmp/tmpc6tiklq3.png stdout
2026-06-16 14:50:10,148 [INFO] command: tesseract -l rus+eng /tmp/tmpc6tiklq3.png stdout tsv
2026-06-16 14:50:10,148 [INFO] command: tesseract -l rus+eng /tmp/tmpc6tiklq3.png stdout tsv
2026-06-16 14:50:11,563 [INFO] command: tesseract --psm 0 -l osd /tmp/tmpfsoi4pzo.png stdout
2026-06-16 14:50:11,563 [INFO] command: tesseract --psm 0 -l osd /tmp/tmpfsoi4pzo.png stdout
2026-06-16 14:50:12,145 [INFO] command: tesseract --psm 0 -l osd /tmp/tmpef7fdnq4.png stdout
2026-06-16 14:50:12,145 [INFO] command: tesseract --psm 0 -l osd /tmp/tmpef7fdnq4.png stdout
2026-06-16 14:50:12,257 [INFO] command: tesseract -l rus+eng /tmp/tmpfsoi4pzo.png stdout tsv
2026-06-16 14:50:12,257 [INFO] command: tesseract -l rus+eng /tmp/tmpfsoi4pzo.png stdout tsv
2026-06-16 14:50:12,811 [INFO] command: tesseract -l rus+eng /tmp/tmpef7fdnq4.png stdout tsv
2026-06-16 14:50:12,811 [INFO] command: tesseract -l rus+eng /tmp/tmpef7fdnq4.png stdout tsv
2026-06-16 14:50:15,094 [INFO] command: tesseract --psm 0 -l osd /tmp/tmp3aanvfl3.png stdout
2026-06-16 14:50:15,094 [INFO] command: tesseract --psm 0 -l osd /tmp/tmp3aanvfl3.png stdout
2026-06-16 14:50:15,787 [INFO] command: tesseract -l rus+eng /tmp/tmp3aanvfl3.png stdout tsv
2026-06-16 14:50:15,787 [INFO] command: tesseract -l rus+eng /tmp/tmp3aanvfl3.png stdout tsv
2026-06-16 14:50:16,021 [INFO] command: tesseract --psm 0 -l osd /tmp/tmpaq52jpor.png stdout
2026-06-16 14:50:16,021 [INFO] command: tesseract --psm 0 -l osd /tmp/tmpaq52jpor.png stdout
2026-06-16 14:50:16,675 [INFO] command: tesseract -l rus+eng /tmp/tmpaq52jpor.png stdout tsv
2026-06-16 14:50:16,675 [INFO] command: tesseract -l rus+eng /tmp/tmpaq52jpor.png stdout tsv
2026-06-16 14:50:18,485 [INFO] command: tesseract --psm 0 -l osd /tmp/tmp2ujpjakl.png stdout
2026-06-16 14:50:18,485 [INFO] command: tesseract --psm 0 -l osd /tmp/tmp2ujpjakl.png stdout
2026-06-16 14:50:19,160 [INFO] command: tesseract -l rus+eng /tmp/tmp2ujpjakl.png stdout tsv
2026-06-16 14:50:19,160 [INFO] command: tesseract -l rus+eng /tmp/tmp2ujpjakl.png stdout tsv
2026-06-16 14:50:19,333 [INFO] command: tesseract --psm 0 -l osd /tmp/tmpio0a1umd.png stdout
2026-06-16 14:50:19,333 [INFO] command: tesseract --psm 0 -l osd /tmp/tmpio0a1umd.png stdout
2026-06-16 14:50:20,010 [INFO] command: tesseract -l rus+eng /tmp/tmpio0a1umd.png stdout tsv
2026-06-16 14:50:20,010 [INFO] command: tesseract -l rus+eng /tmp/tmpio0a1umd.png stdout tsv
2026-06-16 14:50:21,122 [INFO] command: tesseract --psm 0 -l osd /tmp/tmp_mgqt7g6.png stdout
2026-06-16 14:50:21,122 [INFO] command: tesseract --psm 0 -l osd /tmp/tmp_mgqt7g6.png stdout
2026-06-16 14:50:21,789 [INFO] command: tesseract -l rus+eng /tmp/tmp_mgqt7g6.png stdout tsv
2026-06-16 14:50:21,789 [INFO] command: tesseract -l rus+eng /tmp/tmp_mgqt7g6.png stdout tsv
2026-06-16 14:50:24,247 [INFO] command: tesseract --psm 0 -l osd /tmp/tmpq90zjdgy.png stdout
2026-06-16 14:50:24,247 [INFO] command: tesseract --psm 0 -l osd /tmp/tmpq90zjdgy.png stdout
2026-06-16 14:50:24,280 [INFO] command: tesseract --psm 0 -l osd /tmp/tmp9bal7rtb.png stdout
2026-06-16 14:50:24,280 [INFO] command: tesseract --psm 0 -l osd /tmp/tmp9bal7rtb.png stdout
2026-06-16 14:50:24,908 [INFO] command: tesseract -l rus+eng /tmp/tmpq90zjdgy.png stdout tsv
2026-06-16 14:50:24,908 [INFO] command: tesseract -l rus+eng /tmp/tmpq90zjdgy.png stdout tsv
2026-06-16 14:50:24,972 [INFO] command: tesseract -l rus+eng /tmp/tmp9bal7rtb.png stdout tsv
2026-06-16 14:50:24,972 [INFO] command: tesseract -l rus+eng /tmp/tmp9bal7rtb.png stdout tsv
2026-06-16 14:50:27,580 [INFO] command: tesseract --psm 0 -l osd /tmp/tmp6cexh7q7.png stdout
2026-06-16 14:50:27,580 [INFO] command: tesseract --psm 0 -l osd /tmp/tmp6cexh7q7.png stdout
2026-06-16 14:50:28,247 [INFO] command: tesseract -l rus+eng /tmp/tmp6cexh7q7.png stdout tsv
2026-06-16 14:50:28,247 [INFO] command: tesseract -l rus+eng /tmp/tmp6cexh7q7.png stdout tsv
2026-06-16 14:50:28,542 [INFO] command: tesseract --psm 0 -l osd /tmp/tmpullg9n5p.png stdout
2026-06-16 14:50:28,542 [INFO] command: tesseract --psm 0 -l osd /tmp/tmpullg9n5p.png stdout
2026-06-16 14:50:29,217 [INFO] command: tesseract -l rus+eng /tmp/tmpullg9n5p.png stdout tsv
2026-06-16 14:50:29,217 [INFO] command: tesseract -l rus+eng /tmp/tmpullg9n5p.png stdout tsv
2026-06-16 14:50:30,535 [INFO] command: tesseract --psm 0 -l osd /tmp/tmp6puzr3d9.png stdout
2026-06-16 14:50:30,535 [INFO] command: tesseract --psm 0 -l osd /tmp/tmp6puzr3d9.png stdout
2026-06-16 14:50:31,184 [INFO] command: tesseract -l rus+eng /tmp/tmp6puzr3d9.png stdout tsv
2026-06-16 14:50:31,184 [INFO] command: tesseract -l rus+eng /tmp/tmp6puzr3d9.png stdout tsv
2026-06-16 14:50:32,718 [INFO] command: tesseract --psm 0 -l osd /tmp/tmpkxkmjg4v.png stdout
2026-06-16 14:50:32,718 [INFO] command: tesseract --psm 0 -l osd /tmp/tmpkxkmjg4v.png stdout
2026-06-16 14:50:33,067 [INFO] command: tesseract --psm 0 -l osd /tmp/tmpyxixasv0.png stdout
2026-06-16 14:50:33,067 [INFO] command: tesseract --psm 0 -l osd /tmp/tmpyxixasv0.png stdout
2026-06-16 14:50:33,391 [INFO] command: tesseract -l rus+eng /tmp/tmpkxkmjg4v.png stdout tsv
2026-06-16 14:50:33,391 [INFO] command: tesseract -l rus+eng /tmp/tmpkxkmjg4v.png stdout tsv
2026-06-16 14:50:33,725 [INFO] command: tesseract -l rus+eng /tmp/tmpyxixasv0.png stdout tsv
2026-06-16 14:50:33,725 [INFO] command: tesseract -l rus+eng /tmp/tmpyxixasv0.png stdout tsv
2026-06-16 14:50:35,812 [INFO] command: tesseract --psm 0 -l osd /tmp/tmpc9wffk8v.png stdout
2026-06-16 14:50:35,812 [INFO] command: tesseract --psm 0 -l osd /tmp/tmpc9wffk8v.png stdout
2026-06-16 14:50:36,423 [INFO] command: tesseract --psm 0 -l osd /tmp/tmpicm6wjjk.png stdout
2026-06-16 14:50:36,423 [INFO] command: tesseract --psm 0 -l osd /tmp/tmpicm6wjjk.png stdout
2026-06-16 14:50:36,457 [INFO] command: tesseract -l rus+eng /tmp/tmpc9wffk8v.png stdout tsv
2026-06-16 14:50:36,457 [INFO] command: tesseract -l rus+eng /tmp/tmpc9wffk8v.png stdout tsv
2026-06-16 14:50:37,076 [INFO] command: tesseract -l rus+eng /tmp/tmpicm6wjjk.png stdout tsv
2026-06-16 14:50:37,076 [INFO] command: tesseract -l rus+eng /tmp/tmpicm6wjjk.png stdout tsv
2026-06-16 14:50:38,863 [INFO] command: tesseract --psm 0 -l osd /tmp/tmpmm1a21ng.png stdout
2026-06-16 14:50:38,863 [INFO] command: tesseract --psm 0 -l osd /tmp/tmpmm1a21ng.png stdout
2026-06-16 14:50:39,239 [INFO] command: tesseract --psm 0 -l osd /tmp/tmpa3rg_t08.png stdout
2026-06-16 14:50:39,239 [INFO] command: tesseract --psm 0 -l osd /tmp/tmpa3rg_t08.png stdout
2026-06-16 14:50:39,523 [INFO] command: tesseract -l rus+eng /tmp/tmpmm1a21ng.png stdout tsv
2026-06-16 14:50:39,523 [INFO] command: tesseract -l rus+eng /tmp/tmpmm1a21ng.png stdout tsv
2026-06-16 14:50:39,914 [INFO] command: tesseract -l rus+eng /tmp/tmpa3rg_t08.png stdout tsv
2026-06-16 14:50:39,914 [INFO] command: tesseract -l rus+eng /tmp/tmpa3rg_t08.png stdout tsv
2026-06-16 14:50:41,556 [INFO] command: tesseract --psm 0 -l osd /tmp/tmp4evj5qqd.png stdout
2026-06-16 14:50:41,556 [INFO] command: tesseract --psm 0 -l osd /tmp/tmp4evj5qqd.png stdout
2026-06-16 14:50:42,229 [INFO] command: tesseract -l rus+eng /tmp/tmp4evj5qqd.png stdout tsv
2026-06-16 14:50:42,229 [INFO] command: tesseract -l rus+eng /tmp/tmp4evj5qqd.png stdout tsv
2026-06-16 14:50:42,929 [INFO] command: tesseract --psm 0 -l osd /tmp/tmpvrh3ww2y.png stdout
2026-06-16 14:50:42,929 [INFO] command: tesseract --psm 0 -l osd /tmp/tmpvrh3ww2y.png stdout
2026-06-16 14:50:43,601 [INFO] command: tesseract -l rus+eng /tmp/tmpvrh3ww2y.png stdout tsv
2026-06-16 14:50:43,601 [INFO] command: tesseract -l rus+eng /tmp/tmpvrh3ww2y.png stdout tsv
2026-06-16 14:50:44,606 [INFO] command: tesseract --psm 0 -l osd /tmp/tmpn09b7wna.png stdout
2026-06-16 14:50:44,606 [INFO] command: tesseract --psm 0 -l osd /tmp/tmpn09b7wna.png stdout
2026-06-16 14:50:45,277 [INFO] command: tesseract -l rus+eng /tmp/tmpn09b7wna.png stdout tsv
2026-06-16 14:50:45,277 [INFO] command: tesseract -l rus+eng /tmp/tmpn09b7wna.png stdout tsv
2026-06-16 14:50:46,057 [INFO] command: tesseract --psm 0 -l osd /tmp/tmp6yzh7bn2.png stdout
2026-06-16 14:50:46,057 [INFO] command: tesseract --psm 0 -l osd /tmp/tmp6yzh7bn2.png stdout
2026-06-16 14:50:46,726 [INFO] command: tesseract -l rus+eng /tmp/tmp6yzh7bn2.png stdout tsv
2026-06-16 14:50:46,726 [INFO] command: tesseract -l rus+eng /tmp/tmp6yzh7bn2.png stdout tsv
2026-06-16 14:50:47,868 [INFO] command: tesseract --psm 0 -l osd /tmp/tmp_vb881a3.png stdout
2026-06-16 14:50:47,868 [INFO] command: tesseract --psm 0 -l osd /tmp/tmp_vb881a3.png stdout
2026-06-16 14:50:48,525 [INFO] command: tesseract -l rus+eng /tmp/tmp_vb881a3.png stdout tsv
2026-06-16 14:50:48,525 [INFO] command: tesseract -l rus+eng /tmp/tmp_vb881a3.png stdout tsv
2026-06-16 14:50:49,270 [INFO] command: tesseract --psm 0 -l osd /tmp/tmpfnf2xwev.png stdout
2026-06-16 14:50:49,270 [INFO] command: tesseract --psm 0 -l osd /tmp/tmpfnf2xwev.png stdout
2026-06-16 14:50:49,955 [INFO] command: tesseract -l rus+eng /tmp/tmpfnf2xwev.png stdout tsv
2026-06-16 14:50:49,955 [INFO] command: tesseract -l rus+eng /tmp/tmpfnf2xwev.png stdout tsv
2026-06-16 14:50:50,800 [INFO] command: tesseract --psm 0 -l osd /tmp/tmp6j7olbpd.png stdout
2026-06-16 14:50:50,800 [INFO] command: tesseract --psm 0 -l osd /tmp/tmp6j7olbpd.png stdout
2026-06-16 14:50:51,462 [INFO] command: tesseract -l rus+eng /tmp/tmp6j7olbpd.png stdout tsv
2026-06-16 14:50:51,462 [INFO] command: tesseract -l rus+eng /tmp/tmp6j7olbpd.png stdout tsv
2026-06-16 14:50:52,514 [INFO] command: tesseract --psm 0 -l osd /tmp/tmpfoxv56cn.png stdout
2026-06-16 14:50:52,514 [INFO] command: tesseract --psm 0 -l osd /tmp/tmpfoxv56cn.png stdout
2026-06-16 14:50:53,195 [INFO] command: tesseract -l rus+eng /tmp/tmpfoxv56cn.png stdout tsv
2026-06-16 14:50:53,195 [INFO] command: tesseract -l rus+eng /tmp/tmpfoxv56cn.png stdout tsv
2026-06-16 14:50:53,288 [INFO] command: tesseract --psm 0 -l osd /tmp/tmporddysq5.png stdout
2026-06-16 14:50:53,288 [INFO] command: tesseract --psm 0 -l osd /tmp/tmporddysq5.png stdout
2026-06-16 14:50:53,978 [INFO] command: tesseract -l rus+eng /tmp/tmporddysq5.png stdout tsv
2026-06-16 14:50:53,978 [INFO] command: tesseract -l rus+eng /tmp/tmporddysq5.png stdout tsv
2026-06-16 14:50:55,426 [INFO] command: tesseract --psm 0 -l osd /tmp/tmp49g7pgfp.png stdout
2026-06-16 14:50:55,426 [INFO] command: tesseract --psm 0 -l osd /tmp/tmp49g7pgfp.png stdout
2026-06-16 14:50:56,075 [INFO] command: tesseract --psm 0 -l osd /tmp/tmpcsi1svim.png stdout
2026-06-16 14:50:56,075 [INFO] command: tesseract --psm 0 -l osd /tmp/tmpcsi1svim.png stdout
2026-06-16 14:50:56,121 [INFO] command: tesseract -l rus+eng /tmp/tmp49g7pgfp.png stdout tsv
2026-06-16 14:50:56,121 [INFO] command: tesseract -l rus+eng /tmp/tmp49g7pgfp.png stdout tsv
2026-06-16 14:50:56,738 [INFO] command: tesseract -l rus+eng /tmp/tmpcsi1svim.png stdout tsv
2026-06-16 14:50:56,738 [INFO] command: tesseract -l rus+eng /tmp/tmpcsi1svim.png stdout tsv
2026-06-16 14:50:58,760 [INFO] command: tesseract --psm 0 -l osd /tmp/tmpms1s5832.png stdout
2026-06-16 14:50:58,760 [INFO] command: tesseract --psm 0 -l osd /tmp/tmpms1s5832.png stdout
2026-06-16 14:50:59,464 [INFO] command: tesseract -l rus+eng /tmp/tmpms1s5832.png stdout tsv
2026-06-16 14:50:59,464 [INFO] command: tesseract -l rus+eng /tmp/tmpms1s5832.png stdout tsv
2026-06-16 14:50:59,503 [INFO] command: tesseract --psm 0 -l osd /tmp/tmp4mueo4d0.png stdout
2026-06-16 14:50:59,503 [INFO] command: tesseract --psm 0 -l osd /tmp/tmp4mueo4d0.png stdout
2026-06-16 14:51:00,176 [INFO] command: tesseract -l rus+eng /tmp/tmp4mueo4d0.png stdout tsv
2026-06-16 14:51:00,176 [INFO] command: tesseract -l rus+eng /tmp/tmp4mueo4d0.png stdout tsv
2026-06-16 14:51:03,153 [INFO] command: tesseract --psm 0 -l osd /tmp/tmpiogmz8f9.png stdout
2026-06-16 14:51:03,153 [INFO] command: tesseract --psm 0 -l osd /tmp/tmpiogmz8f9.png stdout
2026-06-16 14:51:03,497 [INFO] command: tesseract --psm 0 -l osd /tmp/tmppzxv41tc.png stdout
2026-06-16 14:51:03,497 [INFO] command: tesseract --psm 0 -l osd /tmp/tmppzxv41tc.png stdout
2026-06-16 14:51:03,820 [INFO] command: tesseract -l rus+eng /tmp/tmpiogmz8f9.png stdout tsv
2026-06-16 14:51:03,820 [INFO] command: tesseract -l rus+eng /tmp/tmpiogmz8f9.png stdout tsv
2026-06-16 14:51:04,180 [INFO] command: tesseract -l rus+eng /tmp/tmppzxv41tc.png stdout tsv
2026-06-16 14:51:04,180 [INFO] command: tesseract -l rus+eng /tmp/tmppzxv41tc.png stdout tsv
2026-06-16 14:51:06,370 [INFO] command: tesseract --psm 0 -l osd /tmp/tmp32bedo8z.png stdout
2026-06-16 14:51:06,370 [INFO] command: tesseract --psm 0 -l osd /tmp/tmp32bedo8z.png stdout
2026-06-16 14:51:06,703 [INFO] command: tesseract --psm 0 -l osd /tmp/tmp5gpdpz_q.png stdout
2026-06-16 14:51:06,703 [INFO] command: tesseract --psm 0 -l osd /tmp/tmp5gpdpz_q.png stdout
2026-06-16 14:51:07,055 [INFO] command: tesseract -l rus+eng /tmp/tmp32bedo8z.png stdout tsv
2026-06-16 14:51:07,055 [INFO] command: tesseract -l rus+eng /tmp/tmp32bedo8z.png stdout tsv
2026-06-16 14:51:07,364 [INFO] command: tesseract -l rus+eng /tmp/tmp5gpdpz_q.png stdout tsv
2026-06-16 14:51:07,364 [INFO] command: tesseract -l rus+eng /tmp/tmp5gpdpz_q.png stdout tsv
2026-06-16 14:51:08,590 [INFO] command: tesseract --psm 0 -l osd /tmp/tmpf1nbz8r6.png stdout
2026-06-16 14:51:08,590 [INFO] command: tesseract --psm 0 -l osd /tmp/tmpf1nbz8r6.png stdout
2026-06-16 14:51:09,266 [INFO] command: tesseract -l rus+eng /tmp/tmpf1nbz8r6.png stdout tsv
2026-06-16 14:51:09,266 [INFO] command: tesseract -l rus+eng /tmp/tmpf1nbz8r6.png stdout tsv
2026-06-16 14:51:09,638 [INFO] command: tesseract --psm 0 -l osd /tmp/tmp2wqs1aps.png stdout
2026-06-16 14:51:09,638 [INFO] command: tesseract --psm 0 -l osd /tmp/tmp2wqs1aps.png stdout
2026-06-16 14:51:10,308 [INFO] command: tesseract -l rus+eng /tmp/tmp2wqs1aps.png stdout tsv
2026-06-16 14:51:10,308 [INFO] command: tesseract -l rus+eng /tmp/tmp2wqs1aps.png stdout tsv
2026-06-16 14:51:11,379 [INFO] command: tesseract --psm 0 -l osd /tmp/tmperkthdvg.png stdout
2026-06-16 14:51:11,379 [INFO] command: tesseract --psm 0 -l osd /tmp/tmperkthdvg.png stdout
2026-06-16 14:51:12,046 [INFO] command: tesseract -l rus+eng /tmp/tmperkthdvg.png stdout tsv
2026-06-16 14:51:12,046 [INFO] command: tesseract -l rus+eng /tmp/tmperkthdvg.png stdout tsv
2026-06-16 14:51:12,882 [INFO] command: tesseract --psm 0 -l osd /tmp/tmp7n0v6ul7.png stdout
2026-06-16 14:51:12,882 [INFO] command: tesseract --psm 0 -l osd /tmp/tmp7n0v6ul7.png stdout
2026-06-16 14:51:13,555 [INFO] command: tesseract -l rus+eng /tmp/tmp7n0v6ul7.png stdout tsv
2026-06-16 14:51:13,555 [INFO] command: tesseract -l rus+eng /tmp/tmp7n0v6ul7.png stdout tsv
2026-06-16 14:51:15,008 [INFO] command: tesseract --psm 0 -l osd /tmp/tmpm1dtla3_.png stdout
2026-06-16 14:51:15,008 [INFO] command: tesseract --psm 0 -l osd /tmp/tmpm1dtla3_.png stdout
2026-06-16 14:51:15,692 [INFO] command: tesseract -l rus+eng /tmp/tmpm1dtla3_.png stdout tsv
2026-06-16 14:51:15,692 [INFO] command: tesseract -l rus+eng /tmp/tmpm1dtla3_.png stdout tsv
2026-06-16 14:51:15,777 [INFO] command: tesseract --psm 0 -l osd /tmp/tmpb6i8ya04.png stdout
2026-06-16 14:51:15,777 [INFO] command: tesseract --psm 0 -l osd /tmp/tmpb6i8ya04.png stdout
2026-06-16 14:51:16,470 [INFO] command: tesseract -l rus+eng /tmp/tmpb6i8ya04.png stdout tsv
2026-06-16 14:51:16,470 [INFO] command: tesseract -l rus+eng /tmp/tmpb6i8ya04.png stdout tsv
2026-06-16 14:51:18,292 [INFO] command: tesseract --psm 0 -l osd /tmp/tmpzriv6cer.png stdout
2026-06-16 14:51:18,292 [INFO] command: tesseract --psm 0 -l osd /tmp/tmpzriv6cer.png stdout
2026-06-16 14:51:18,938 [INFO] command: tesseract -l rus+eng /tmp/tmpzriv6cer.png stdout tsv
2026-06-16 14:51:18,938 [INFO] command: tesseract -l rus+eng /tmp/tmpzriv6cer.png stdout tsv
2026-06-16 14:51:19,163 [INFO] command: tesseract --psm 0 -l osd /tmp/tmpmw8cvt8l.png stdout
2026-06-16 14:51:19,163 [INFO] command: tesseract --psm 0 -l osd /tmp/tmpmw8cvt8l.png stdout
2026-06-16 14:51:19,864 [INFO] command: tesseract -l rus+eng /tmp/tmpmw8cvt8l.png stdout tsv
2026-06-16 14:51:19,864 [INFO] command: tesseract -l rus+eng /tmp/tmpmw8cvt8l.png stdout tsv
2026-06-16 14:51:20,380 [INFO] command: tesseract --psm 0 -l osd /tmp/tmpzy7o_jtp.png stdout
2026-06-16 14:51:20,380 [INFO] command: tesseract --psm 0 -l osd /tmp/tmpzy7o_jtp.png stdout
2026-06-16 14:51:21,009 [INFO] command: tesseract -l rus+eng /tmp/tmpzy7o_jtp.png stdout tsv
2026-06-16 14:51:21,009 [INFO] command: tesseract -l rus+eng /tmp/tmpzy7o_jtp.png stdout tsv
2026-06-16 14:51:23,228 [INFO] Finished converting document ПКР-1 hq_сжато.pdf in 220.05 sec.
2026-06-16 14:51:23,228 [INFO] Finished converting document ПКР-1 hq_сжато.pdf in 220.05 sec.
☁️ Complex elements (tables/figures) detected on pages: [1, 5, 8, 10, 11, 13, 15, 18, 20, 21, 22, 23, 24, 25, 28, 30, 32, 33, 34, 35, 36, 37, 41, 42, 43, 44, 45, 46, 47, 49, 50, 51, 53, 54, 55, 56, 57, 58, 59, 60, 61, 64]
2026-06-16 14:51:23,861 [INFO] command: tesseract --psm 0 -l osd /tmp/tmpc20xy650.png stdout
2026-06-16 14:51:23,861 [INFO] command: tesseract --psm 0 -l osd /tmp/tmpc20xy650.png stdout
2026-06-16 14:51:24,545 [INFO] command: tesseract -l rus+eng /tmp/tmpc20xy650.png stdout tsv
2026-06-16 14:51:24,545 [INFO] command: tesseract -l rus+eng /tmp/tmpc20xy650.png stdout tsv
2026-06-16 14:51:26,904 [INFO] command: tesseract --psm 0 -l osd /tmp/tmp0pl49l34.png stdout
2026-06-16 14:51:26,904 [INFO] command: tesseract --psm 0 -l osd /tmp/tmp0pl49l34.png stdout
2026-06-16 14:51:27,568 [INFO] command: tesseract -l rus+eng /tmp/tmp0pl49l34.png stdout tsv
2026-06-16 14:51:27,568 [INFO] command: tesseract -l rus+eng /tmp/tmp0pl49l34.png stdout tsv
2026-06-16 14:51:28,763 [INFO] command: tesseract --psm 0 -l osd /tmp/tmpz_ecm2hb.png stdout
2026-06-16 14:51:28,763 [INFO] command: tesseract --psm 0 -l osd /tmp/tmpz_ecm2hb.png stdout
2026-06-16 14:51:29,445 [INFO] command: tesseract -l rus+eng /tmp/tmpz_ecm2hb.png stdout tsv
2026-06-16 14:51:29,445 [INFO] command: tesseract -l rus+eng /tmp/tmpz_ecm2hb.png stdout tsv
2026-06-16 14:51:31,543 [INFO] command: tesseract --psm 0 -l osd /tmp/tmpx_nl9wgw.png stdout
2026-06-16 14:51:31,543 [INFO] command: tesseract --psm 0 -l osd /tmp/tmpx_nl9wgw.png stdout
2026-06-16 14:51:32,226 [INFO] command: tesseract -l rus+eng /tmp/tmpx_nl9wgw.png stdout tsv
2026-06-16 14:51:32,226 [INFO] command: tesseract -l rus+eng /tmp/tmpx_nl9wgw.png stdout tsv
2026-06-16 14:51:35,084 [INFO] command: tesseract --psm 0 -l osd /tmp/tmp88mjqz38.png stdout
2026-06-16 14:51:35,084 [INFO] command: tesseract --psm 0 -l osd /tmp/tmp88mjqz38.png stdout
2026-06-16 14:51:35,773 [INFO] command: tesseract -l rus+eng /tmp/tmp88mjqz38.png stdout tsv
2026-06-16 14:51:35,773 [INFO] command: tesseract -l rus+eng /tmp/tmp88mjqz38.png stdout tsv
Page 1: Complex figure processed via Gemini Vision.
2026-06-16 14:51:38,313 [INFO] command: tesseract --psm 0 -l osd /tmp/tmpca3qykmw.png stdout
2026-06-16 14:51:38,313 [INFO] command: tesseract --psm 0 -l osd /tmp/tmpca3qykmw.png stdout
2026-06-16 14:51:38,951 [INFO] command: tesseract -l rus+eng /tmp/tmpca3qykmw.png stdout tsv
2026-06-16 14:51:38,951 [INFO] command: tesseract -l rus+eng /tmp/tmpca3qykmw.png stdout tsv
2026-06-16 14:51:40,321 [INFO] command: tesseract --psm 0 -l osd /tmp/tmpmovwtup7.png stdout
2026-06-16 14:51:40,321 [INFO] command: tesseract --psm 0 -l osd /tmp/tmpmovwtup7.png stdout
2026-06-16 14:51:40,951 [INFO] command: tesseract -l rus+eng /tmp/tmpmovwtup7.png stdout tsv
2026-06-16 14:51:40,951 [INFO] command: tesseract -l rus+eng /tmp/tmpmovwtup7.png stdout tsv
2026-06-16 14:51:43,005 [INFO] Finished converting document ПКР-1 hq_сжато.pdf in 219.57 sec.
2026-06-16 14:51:43,005 [INFO] Finished converting document ПКР-1 hq_сжато.pdf in 219.57 sec.
☁️ Complex elements (tables/figures) detected on pages: [1, 5, 8, 10, 11, 13, 15, 18, 20, 21, 22, 23, 24, 25, 28, 30, 32, 33, 34, 35, 36, 37, 41, 42, 43, 44, 45, 46, 47, 49, 50, 51, 53, 54, 55, 56, 57, 58, 59, 60, 61, 64]
Page 5: Complex figure processed via Gemini Vision.
Page 1: Complex figure processed via Gemini Vision.
Page 8: Complex figure processed via Gemini Vision.
Page 5: Complex figure processed via Gemini Vision.
Page 10: Complex figure processed via Gemini Vision.
Page 8: Complex figure processed via Gemini Vision.
Page 11: Complex figure processed via Gemini Vision.
Page 10: Complex figure processed via Gemini Vision.
Page 13: Complex figure processed via Gemini Vision.
Page 11: Complex figure processed via Gemini Vision.
Page 15: Complex figure processed via Gemini Vision.
Page 18: Complex figure processed via Gemini Vision.
Page 13: Complex figure processed via Gemini Vision.
Page 20: Complex figure processed via Gemini Vision.
Page 15: Complex figure processed via Gemini Vision.
Page 21: Complex figure processed via Gemini Vision.
Page 18: Complex figure processed via Gemini Vision.
Page 22: Complex figure processed via Gemini Vision.
Page 20: Complex figure processed via Gemini Vision.
Page 23: Complex figure processed via Gemini Vision.
Page 21: Complex figure processed via Gemini Vision.
Page 24: Complex figure processed via Gemini Vision.
Page 22: Complex figure processed via Gemini Vision.
Page 23: Complex figure processed via Gemini Vision.
Page 25: Complex figure processed via Gemini Vision.
Page 24: Complex figure processed via Gemini Vision.
Page 25: Complex figure processed via Gemini Vision.
Page 28: Complex figure processed via Gemini Vision.
Page 28: Complex figure processed via Gemini Vision.
Page 30: Complex figure processed via Gemini Vision.
Page 30: Complex figure processed via Gemini Vision.
Page 32: Complex figure processed via Gemini Vision.
Page 32: Complex figure processed via Gemini Vision.
Page 33: Complex figure processed via Gemini Vision.
Page 33: Complex figure processed via Gemini Vision.
Page 34: Complex figure processed via Gemini Vision.
Page 34: Complex figure processed via Gemini Vision.
Page 35: Complex figure processed via Gemini Vision.
Page 35: Complex figure processed via Gemini Vision.
Page 36: Complex figure processed via Gemini Vision.
Page 36: Complex figure processed via Gemini Vision.
Page 37: Complex figure processed via Gemini Vision.
Page 37: Complex figure processed via Gemini Vision.
Page 41: Complex figure processed via Gemini Vision.
Page 41: Complex figure processed via Gemini Vision.
Page 42: Complex figure processed via Gemini Vision.
Page 42: Complex figure processed via Gemini Vision.
Page 43: Complex figure processed via Gemini Vision.
Page 44: Complex figure processed via Gemini Vision.
Page 43: Complex figure processed via Gemini Vision.
Page 44: Complex figure processed via Gemini Vision.
Page 45: Complex figure processed via Gemini Vision.
Page 45: Complex figure processed via Gemini Vision.
Page 46: Complex figure processed via Gemini Vision.
Page 47: Complex figure processed via Gemini Vision.
Page 46: Complex figure processed via Gemini Vision.
Page 49: Complex figure processed via Gemini Vision.
Page 47: Complex figure processed via Gemini Vision.
Page 50: Complex figure processed via Gemini Vision.
Page 51: Complex figure processed via Gemini Vision.
Page 49: Complex figure processed via Gemini Vision.
Page 50: Complex figure processed via Gemini Vision.
Page 53: Complex figure processed via Gemini Vision.
Page 54: Complex figure processed via Gemini Vision.
Page 51: Complex figure processed via Gemini Vision.
Page 53: Complex figure processed via Gemini Vision.
Page 55: Complex figure processed via Gemini Vision.
Page 54: Complex figure processed via Gemini Vision.
Page 56: Complex figure processed via Gemini Vision.
Page 55: Complex figure processed via Gemini Vision.
Page 57: Complex figure processed via Gemini Vision.
Page 56: Complex figure processed via Gemini Vision.
Page 58: Complex figure processed via Gemini Vision.
Page 59: Complex figure processed via Gemini Vision.
Page 57: Complex figure processed via Gemini Vision.
Page 60: Complex figure processed via Gemini Vision.
Page 61: Complex figure processed via Gemini Vision.
Page 58: Complex figure processed via Gemini Vision.
Page 64: Complex figure processed via Gemini Vision.
2026-06-16 15:01:50,466 [INFO] Successfully processed ПКР-1 hq_сжато.pdf.
Saved Markdown archive: /home/mint/smart-db/PROCESSED/ПКР-1 hq_сжато.pdf.md
2026-06-16 15:01:50,466 [INFO] Successfully processed ПКР-1 hq_сжато.pdf.
2026-06-16 15:01:50,468 [INFO] Ingesting В.А. Обвинцеву АИД в ремонт 202405 согл.docx via OCR...
2026-06-16 15:01:50,468 [INFO] Ingesting В.А. Обвинцеву АИД в ремонт 202405 согл.docx via OCR...
2026-06-16 15:01:50,475 [INFO] detected formats: [<InputFormat.DOCX: 'docx'>]
Processing В.А. Обвинцеву АИД в ремонт 202405 согл.docx with Docling...
2026-06-16 15:01:50,475 [INFO] detected formats: [<InputFormat.DOCX: 'docx'>]
2026-06-16 15:01:50,504 [INFO] Going to convert document batch...
2026-06-16 15:01:50,504 [INFO] Going to convert document batch...
2026-06-16 15:01:50,505 [INFO] Processing document В.А. Обвинцеву АИД в ремонт 202405 согл.docx
2026-06-16 15:01:50,505 [INFO] Processing document В.А. Обвинцеву АИД в ремонт 202405 согл.docx
2026-06-16 15:01:50,601 [INFO] Finished converting document В.А. Обвинцеву АИД в ремонт 202405 согл.docx in 0.13 sec.
2026-06-16 15:01:50,601 [INFO] Finished converting document В.А. Обвинцеву АИД в ремонт 202405 согл.docx in 0.13 sec.
ℹ️ No complex elements flagged for Tier 3 processing.
2026-06-16 15:01:50,606 [INFO] Successfully processed В.А. Обвинцеву АИД в ремонт 202405 согл.docx.
Duplicate file detected: В.А. Обвинцеву АИД в ремонт 202405 согл.docx. Permanently deleting.
2026-06-16 15:01:50,606 [INFO] Successfully processed В.А. Обвинцеву АИД в ремонт 202405 согл.docx.
2026-06-16 15:01:50,606 [INFO] Ingesting Служебная записка возложение обязанностей АЮА-БЮВ 2026 ....docx via OCR...
2026-06-16 15:01:50,606 [INFO] Ingesting Служебная записка возложение обязанностей АЮА-БЮВ 2026 ....docx via OCR...
2026-06-16 15:01:50,607 [INFO] detected formats: [<InputFormat.DOCX: 'docx'>]
Processing Служебная записка возложение обязанностей АЮА-БЮВ 2026 ....docx with Docling...
2026-06-16 15:01:50,607 [INFO] detected formats: [<InputFormat.DOCX: 'docx'>]
2026-06-16 15:01:50,613 [INFO] Going to convert document batch...
2026-06-16 15:01:50,613 [INFO] Going to convert document batch...
2026-06-16 15:01:50,613 [INFO] Processing document Служебная записка возложение обязанностей АЮА-БЮВ 2026 ....docx
2026-06-16 15:01:50,613 [INFO] Processing document Служебная записка возложение обязанностей АЮА-БЮВ 2026 ....docx
2026-06-16 15:01:50,745 [INFO] Finished converting document Служебная записка возложение обязанностей АЮА-БЮВ 2026 ....docx in 0.14 sec.
2026-06-16 15:01:50,745 [INFO] Finished converting document Служебная записка возложение обязанностей АЮА-БЮВ 2026 ....docx in 0.14 sec.
ℹ️ No complex elements flagged for Tier 3 processing.
2026-06-16 15:01:50,884 [INFO] Successfully processed Служебная записка возложение обязанностей АЮА-БЮВ 2026 ....docx.
Saved Markdown archive: /home/mint/smart-db/PROCESSED/Служебная записка возложение обязанностей АЮА-БЮВ 2026 ....docx.md
2026-06-16 15:01:50,884 [INFO] Successfully processed Служебная записка возложение обязанностей АЮА-БЮВ 2026 ....docx.
2026-06-16 15:01:50,884 [INFO] Ingesting Служебная записка возложение обязанностей МКА-ЕАЮ 2025.docx via OCR...
2026-06-16 15:01:50,884 [INFO] Ingesting Служебная записка возложение обязанностей МКА-ЕАЮ 2025.docx via OCR...
2026-06-16 15:01:50,885 [INFO] detected formats: [<InputFormat.DOCX: 'docx'>]
Processing Служебная записка возложение обязанностей МКА-ЕАЮ 2025.docx with Docling...
2026-06-16 15:01:50,885 [INFO] detected formats: [<InputFormat.DOCX: 'docx'>]
2026-06-16 15:01:50,893 [INFO] Going to convert document batch...
2026-06-16 15:01:50,893 [INFO] Going to convert document batch...
2026-06-16 15:01:50,894 [INFO] Processing document Служебная записка возложение обязанностей МКА-ЕАЮ 2025.docx
2026-06-16 15:01:50,894 [INFO] Processing document Служебная записка возложение обязанностей МКА-ЕАЮ 2025.docx
2026-06-16 15:01:51,037 [INFO] Finished converting document Служебная записка возложение обязанностей МКА-ЕАЮ 2025.docx in 0.15 sec.
2026-06-16 15:01:51,037 [INFO] Finished converting document Служебная записка возложение обязанностей МКА-ЕАЮ 2025.docx in 0.15 sec.
ℹ️ No complex elements flagged for Tier 3 processing.
2026-06-16 15:01:51,183 [INFO] Successfully processed Служебная записка возложение обязанностей МКА-ЕАЮ 2025.docx.
Saved Markdown archive: /home/mint/smart-db/PROCESSED/Служебная записка возложение обязанностей МКА-ЕАЮ 2025.docx.md
2026-06-16 15:01:51,183 [INFO] Successfully processed Служебная записка возложение обязанностей МКА-ЕАЮ 2025.docx.
2026-06-16 15:01:51,183 [INFO] Ingesting Служебная записка возложение обязанностей МАБ-БЮВ 2026 04.docx via OCR...
2026-06-16 15:01:51,183 [INFO] Ingesting Служебная записка возложение обязанностей МАБ-БЮВ 2026 04.docx via OCR...
2026-06-16 15:01:51,184 [INFO] detected formats: [<InputFormat.DOCX: 'docx'>]
Processing Служебная записка возложение обязанностей МАБ-БЮВ 2026 04.docx with Docling...
2026-06-16 15:01:51,184 [INFO] detected formats: [<InputFormat.DOCX: 'docx'>]
2026-06-16 15:01:51,192 [INFO] Going to convert document batch...
2026-06-16 15:01:51,192 [INFO] Going to convert document batch...
2026-06-16 15:01:51,192 [INFO] Processing document Служебная записка возложение обязанностей МАБ-БЮВ 2026 04.docx
2026-06-16 15:01:51,192 [INFO] Processing document Служебная записка возложение обязанностей МАБ-БЮВ 2026 04.docx
2026-06-16 15:01:51,330 [INFO] Finished converting document Служебная записка возложение обязанностей МАБ-БЮВ 2026 04.docx in 0.15 sec.
2026-06-16 15:01:51,330 [INFO] Finished converting document Служебная записка возложение обязанностей МАБ-БЮВ 2026 04.docx in 0.15 sec.
ℹ️ No complex elements flagged for Tier 3 processing.
2026-06-16 15:01:51,489 [INFO] Successfully processed Служебная записка возложение обязанностей МАБ-БЮВ 2026 04.docx.
Saved Markdown archive: /home/mint/smart-db/PROCESSED/Служебная записка возложение обязанностей МАБ-БЮВ 2026 04.docx.md
2026-06-16 15:01:51,489 [INFO] Successfully processed Служебная записка возложение обязанностей МАБ-БЮВ 2026 04.docx.
2026-06-16 15:01:51,489 [INFO] Ingesting Служебная записка возложение обязанностей МАН-ОДИ (3).doc via OCR...
2026-06-16 15:01:51,489 [INFO] Ingesting Служебная записка возложение обязанностей МАН-ОДИ (3).doc via OCR...
2026-06-16 15:01:52,985 [INFO] detected formats: [<InputFormat.PDF: 'pdf'>]
Legacy .doc detected: Служебная записка возложение обязанностей МАН-ОДИ (3).doc. Converting to PDF via LibreOffice...
Processing Служебная записка возложение обязанностей МАН-ОДИ (3).doc with Docling...
2026-06-16 15:01:52,985 [INFO] detected formats: [<InputFormat.PDF: 'pdf'>]
2026-06-16 15:01:53,003 [INFO] Going to convert document batch...
2026-06-16 15:01:53,003 [INFO] Going to convert document batch...
2026-06-16 15:01:53,005 [INFO] Processing document Служебная записка возложение обязанностей МАН-ОДИ (3).pdf
2026-06-16 15:01:53,005 [INFO] Processing document Служебная записка возложение обязанностей МАН-ОДИ (3).pdf
2026-06-16 15:01:53,321 [INFO] command: tesseract --psm 0 -l osd /tmp/tmp9qwnh9ns.png stdout
2026-06-16 15:01:53,321 [INFO] command: tesseract --psm 0 -l osd /tmp/tmp9qwnh9ns.png stdout
Page 59: Complex figure processed via Gemini Vision.
2026-06-16 15:01:53,653 [INFO] command: tesseract -l rus+eng /tmp/tmp9qwnh9ns.png stdout tsv
2026-06-16 15:01:53,653 [INFO] command: tesseract -l rus+eng /tmp/tmp9qwnh9ns.png stdout tsv
2026-06-16 15:01:54,375 [INFO] Finished converting document Служебная записка возложение обязанностей МАН-ОДИ (3).pdf in 1.39 sec.
2026-06-16 15:01:54,375 [INFO] Finished converting document Служебная записка возложение обязанностей МАН-ОДИ (3).pdf in 1.39 sec.
ℹ️ No complex elements flagged for Tier 3 processing.
2026-06-16 15:01:54,525 [INFO] Successfully processed Служебная записка возложение обязанностей МАН-ОДИ (3).doc.
Saved Markdown archive: /home/mint/smart-db/PROCESSED/Служебная записка возложение обязанностей МАН-ОДИ (3).doc.md
2026-06-16 15:01:54,525 [INFO] Successfully processed Служебная записка возложение обязанностей МАН-ОДИ (3).doc.
2026-06-16 15:01:54,525 [INFO] Ingesting В.А. Обвинцеву 2021.doc via OCR...
2026-06-16 15:01:54,525 [INFO] Ingesting В.А. Обвинцеву 2021.doc via OCR...
2026-06-16 15:01:55,688 [INFO] detected formats: [<InputFormat.PDF: 'pdf'>]
Legacy .doc detected: В.А. Обвинцеву 2021.doc. Converting to PDF via LibreOffice...
Processing В.А. Обвинцеву 2021.doc with Docling...
2026-06-16 15:01:55,688 [INFO] detected formats: [<InputFormat.PDF: 'pdf'>]
2026-06-16 15:01:55,690 [INFO] Going to convert document batch...
2026-06-16 15:01:55,690 [INFO] Going to convert document batch...
2026-06-16 15:01:55,691 [INFO] Processing document В.А. Обвинцеву 2021.pdf
2026-06-16 15:01:55,691 [INFO] Processing document В.А. Обвинцеву 2021.pdf
2026-06-16 15:01:55,919 [INFO] command: tesseract --psm 0 -l osd /tmp/tmpanpldd3w.png stdout
2026-06-16 15:01:55,919 [INFO] command: tesseract --psm 0 -l osd /tmp/tmpanpldd3w.png stdout
2026-06-16 15:01:56,460 [INFO] command: tesseract -l rus+eng /tmp/tmpanpldd3w.png stdout tsv
2026-06-16 15:01:56,460 [INFO] command: tesseract -l rus+eng /tmp/tmpanpldd3w.png stdout tsv
2026-06-16 15:01:57,106 [INFO] Finished converting document В.А. Обвинцеву 2021.pdf in 1.42 sec.
2026-06-16 15:01:57,106 [INFO] Finished converting document В.А. Обвинцеву 2021.pdf in 1.42 sec.
ℹ️ No complex elements flagged for Tier 3 processing.
2026-06-16 15:01:57,110 [INFO] Successfully processed В.А. Обвинцеву 2021.doc.
Duplicate file detected: В.А. Обвинцеву 2021.doc. Permanently deleting.
2026-06-16 15:01:57,110 [INFO] Successfully processed В.А. Обвинцеву 2021.doc.
2026-06-16 15:01:57,110 [INFO] Ingesting Форма 43 Сведения о РВ и ОПН 2025 v3 устранение замечаний.xls via OCR...
2026-06-16 15:01:57,110 [INFO] Ingesting Форма 43 Сведения о РВ и ОПН 2025 v3 устранение замечаний.xls via OCR...
2026-06-16 15:01:57,113 [INFO] detected formats: []
Processing Форма 43 Сведения о РВ и ОПН 2025 v3 устранение замечаний.xls with Docling...
2026-06-16 15:01:57,113 [INFO] detected formats: []
2026-06-16 15:01:57,113 [ERROR] Input document Форма 43 Сведения о РВ и ОПН 2025 v3 устранение замечаний.xls with format None does not match any allowed format: (dict_keys([<InputFormat.PDF: 'pdf'>, <InputFormat.DOCX: 'docx'>, <InputFormat.XLSX: 'xlsx'>, <InputFormat.IMAGE: 'image'>]))
2026-06-16 15:01:57,113 [ERROR] Input document Форма 43 Сведения о РВ и ОПН 2025 v3 устранение замечаний.xls with format None does not match any allowed format: (dict_keys([<InputFormat.PDF: 'pdf'>, <InputFormat.DOCX: 'docx'>, <InputFormat.XLSX: 'xlsx'>, <InputFormat.IMAGE: 'image'>]))
2026-06-16 15:01:57,114 [INFO] Going to convert document batch...
2026-06-16 15:01:57,114 [INFO] Going to convert document batch...
2026-06-16 15:01:57,114 [INFO] Successfully processed Форма 43 Сведения о РВ и ОПН 2025 v3 устранение замечаний.xls.
Docling conversion failed for Форма 43 Сведения о РВ и ОПН 2025 v3 устранение замечаний.xls: File format not allowed: Форма 43 Сведения о РВ и ОПН 2025 v3 устранение замечаний.xls. Moving to OUTPUT (Quarantine).
2026-06-16 15:01:57,114 [INFO] Successfully processed Форма 43 Сведения о РВ и ОПН 2025 v3 устранение замечаний.xls.
2026-06-16 15:01:57,114 [INFO] Ingesting По доплате ДАИ за вакант должн.docx via OCR...
2026-06-16 15:01:57,114 [INFO] Ingesting По доплате ДАИ за вакант должн.docx via OCR...
2026-06-16 15:01:57,115 [INFO] detected formats: [<InputFormat.DOCX: 'docx'>]
Processing По доплате ДАИ за вакант должн.docx with Docling...
2026-06-16 15:01:57,115 [INFO] detected formats: [<InputFormat.DOCX: 'docx'>]
2026-06-16 15:01:57,122 [INFO] Going to convert document batch...
2026-06-16 15:01:57,122 [INFO] Going to convert document batch...
2026-06-16 15:01:57,122 [INFO] Processing document По доплате ДАИ за вакант должн.docx
2026-06-16 15:01:57,122 [INFO] Processing document По доплате ДАИ за вакант должн.docx
2026-06-16 15:01:57,208 [INFO] Finished converting document По доплате ДАИ за вакант должн.docx in 0.09 sec.
2026-06-16 15:01:57,208 [INFO] Finished converting document По доплате ДАИ за вакант должн.docx in 0.09 sec.
ℹ️ No complex elements flagged for Tier 3 processing.
2026-06-16 15:01:57,366 [INFO] Successfully processed По доплате ДАИ за вакант должн.docx.
Saved Markdown archive: /home/mint/smart-db/PROCESSED/По доплате ДАИ за вакант должн.docx.md
2026-06-16 15:01:57,366 [INFO] Successfully processed По доплате ДАИ за вакант должн.docx.
2026-06-16 15:01:57,366 [INFO] Ingesting Служебная записка возложение обязанностей ОДИ-УСА.docx via OCR...
2026-06-16 15:01:57,366 [INFO] Ingesting Служебная записка возложение обязанностей ОДИ-УСА.docx via OCR...
2026-06-16 15:01:57,368 [INFO] detected formats: [<InputFormat.DOCX: 'docx'>]
Processing Служебная записка возложение обязанностей ОДИ-УСА.docx with Docling...
2026-06-16 15:01:57,368 [INFO] detected formats: [<InputFormat.DOCX: 'docx'>]
2026-06-16 15:01:57,375 [INFO] Going to convert document batch...
2026-06-16 15:01:57,375 [INFO] Going to convert document batch...
2026-06-16 15:01:57,376 [INFO] Processing document Служебная записка возложение обязанностей ОДИ-УСА.docx
2026-06-16 15:01:57,376 [INFO] Processing document Служебная записка возложение обязанностей ОДИ-УСА.docx
2026-06-16 15:01:57,470 [INFO] Finished converting document Служебная записка возложение обязанностей ОДИ-УСА.docx in 0.10 sec.
2026-06-16 15:01:57,470 [INFO] Finished converting document Служебная записка возложение обязанностей ОДИ-УСА.docx in 0.10 sec.
ℹ️ No complex elements flagged for Tier 3 processing.
2026-06-16 15:01:57,630 [INFO] Successfully processed Служебная записка возложение обязанностей ОДИ-УСА.docx.
Saved Markdown archive: /home/mint/smart-db/PROCESSED/Служебная записка возложение обязанностей ОДИ-УСА.docx.md
2026-06-16 15:01:57,630 [INFO] Successfully processed Служебная записка возложение обязанностей ОДИ-УСА.docx.
2026-06-16 15:01:57,630 [INFO] Ingesting Служебная записка возложение обязанностей ВЕЮ-МАБ,,.docx via OCR...
2026-06-16 15:01:57,630 [INFO] Ingesting Служебная записка возложение обязанностей ВЕЮ-МАБ,,.docx via OCR...
2026-06-16 15:01:57,631 [INFO] detected formats: [<InputFormat.DOCX: 'docx'>]
Processing Служебная записка возложение обязанностей ВЕЮ-МАБ,,.docx with Docling...
2026-06-16 15:01:57,631 [INFO] detected formats: [<InputFormat.DOCX: 'docx'>]
2026-06-16 15:01:57,639 [INFO] Going to convert document batch...
2026-06-16 15:01:57,639 [INFO] Going to convert document batch...
2026-06-16 15:01:57,639 [INFO] Processing document Служебная записка возложение обязанностей ВЕЮ-МАБ,,.docx
2026-06-16 15:01:57,639 [INFO] Processing document Служебная записка возложение обязанностей ВЕЮ-МАБ,,.docx
2026-06-16 15:01:57,728 [INFO] Finished converting document Служебная записка возложение обязанностей ВЕЮ-МАБ,,.docx in 0.10 sec.
2026-06-16 15:01:57,728 [INFO] Finished converting document Служебная записка возложение обязанностей ВЕЮ-МАБ,,.docx in 0.10 sec.
ℹ️ No complex elements flagged for Tier 3 processing.
2026-06-16 15:01:57,887 [INFO] Successfully processed Служебная записка возложение обязанностей ВЕЮ-МАБ,,.docx.
Saved Markdown archive: /home/mint/smart-db/PROCESSED/Служебная записка возложение обязанностей ВЕЮ-МАБ,,.docx.md
2026-06-16 15:01:57,887 [INFO] Successfully processed Служебная записка возложение обязанностей ВЕЮ-МАБ,,.docx.
2026-06-16 15:01:57,888 [INFO] Ingesting Служебная записка возложение обязанностей БЮВ-АЮА (6).doc via OCR...
2026-06-16 15:01:57,888 [INFO] Ingesting Служебная записка возложение обязанностей БЮВ-АЮА (6).doc via OCR...
2026-06-16 15:01:58,810 [INFO] detected formats: [<InputFormat.PDF: 'pdf'>]
Legacy .doc detected: Служебная записка возложение обязанностей БЮВ-АЮА (6).doc. Converting to PDF via LibreOffice...
Processing Служебная записка возложение обязанностей БЮВ-АЮА (6).doc with Docling...
2026-06-16 15:01:58,810 [INFO] detected formats: [<InputFormat.PDF: 'pdf'>]
2026-06-16 15:01:58,812 [INFO] Going to convert document batch...
2026-06-16 15:01:58,812 [INFO] Going to convert document batch...
2026-06-16 15:01:58,813 [INFO] Processing document Служебная записка возложение обязанностей БЮВ-АЮА (6).pdf
2026-06-16 15:01:58,813 [INFO] Processing document Служебная записка возложение обязанностей БЮВ-АЮА (6).pdf
2026-06-16 15:01:59,039 [INFO] command: tesseract --psm 0 -l osd /tmp/tmpdjmtok3p.png stdout
2026-06-16 15:01:59,039 [INFO] command: tesseract --psm 0 -l osd /tmp/tmpdjmtok3p.png stdout
2026-06-16 15:01:59,362 [INFO] command: tesseract -l rus+eng /tmp/tmpdjmtok3p.png stdout tsv
2026-06-16 15:01:59,362 [INFO] command: tesseract -l rus+eng /tmp/tmpdjmtok3p.png stdout tsv
2026-06-16 15:02:00,022 [INFO] Finished converting document Служебная записка возложение обязанностей БЮВ-АЮА (6).pdf in 1.21 sec.
2026-06-16 15:02:00,022 [INFO] Finished converting document Служебная записка возложение обязанностей БЮВ-АЮА (6).pdf in 1.21 sec.
ℹ️ No complex elements flagged for Tier 3 processing.
2026-06-16 15:02:00,181 [INFO] Successfully processed Служебная записка возложение обязанностей БЮВ-АЮА (6).doc.
Saved Markdown archive: /home/mint/smart-db/PROCESSED/Служебная записка возложение обязанностей БЮВ-АЮА (6).doc.md
2026-06-16 15:02:00,181 [INFO] Successfully processed Служебная записка возложение обязанностей БЮВ-АЮА (6).doc.
2026-06-16 15:02:00,182 [INFO] Ingesting Служебная записка возложение обязанностей БАГ-ХАА3 — копия.docx via OCR...
2026-06-16 15:02:00,182 [INFO] Ingesting Служебная записка возложение обязанностей БАГ-ХАА3 — копия.docx via OCR...
2026-06-16 15:02:00,183 [INFO] detected formats: [<InputFormat.DOCX: 'docx'>]
Processing Служебная записка возложение обязанностей БАГ-ХАА3 — копия.docx with Docling...
2026-06-16 15:02:00,183 [INFO] detected formats: [<InputFormat.DOCX: 'docx'>]
2026-06-16 15:02:00,190 [INFO] Going to convert document batch...
2026-06-16 15:02:00,190 [INFO] Going to convert document batch...
2026-06-16 15:02:00,190 [INFO] Processing document Служебная записка возложение обязанностей БАГ-ХАА3 — копия.docx
2026-06-16 15:02:00,190 [INFO] Processing document Служебная записка возложение обязанностей БАГ-ХАА3 — копия.docx
2026-06-16 15:02:00,287 [INFO] Finished converting document Служебная записка возложение обязанностей БАГ-ХАА3 — копия.docx in 0.11 sec.
2026-06-16 15:02:00,287 [INFO] Finished converting document Служебная записка возложение обязанностей БАГ-ХАА3 — копия.docx in 0.11 sec.
ℹ️ No complex elements flagged for Tier 3 processing.
2026-06-16 15:02:00,426 [INFO] Successfully processed Служебная записка возложение обязанностей БАГ-ХАА3 — копия.docx.
Saved Markdown archive: /home/mint/smart-db/PROCESSED/Служебная записка возложение обязанностей БАГ-ХАА3 — копия.docx.md
2026-06-16 15:02:00,426 [INFO] Successfully processed Служебная записка возложение обязанностей БАГ-ХАА3 — копия.docx.
2026-06-16 15:02:00,426 [INFO] Ingesting 39_07022025 Памятки и инструктаж водителю и пассажиру.zip via OCR...
2026-06-16 15:02:00,426 [INFO] Ingesting 39_07022025 Памятки и инструктаж водителю и пассажиру.zip via OCR...
2026-06-16 15:02:00,429 [INFO] detected formats: []
Processing 39_07022025 Памятки и инструктаж водителю и пассажиру.zip with Docling...
2026-06-16 15:02:00,429 [INFO] detected formats: []
2026-06-16 15:02:00,429 [ERROR] Input document 39_07022025 Памятки и инструктаж водителю и пассажиру.zip with format None does not match any allowed format: (dict_keys([<InputFormat.PDF: 'pdf'>, <InputFormat.DOCX: 'docx'>, <InputFormat.XLSX: 'xlsx'>, <InputFormat.IMAGE: 'image'>]))
2026-06-16 15:02:00,429 [ERROR] Input document 39_07022025 Памятки и инструктаж водителю и пассажиру.zip with format None does not match any allowed format: (dict_keys([<InputFormat.PDF: 'pdf'>, <InputFormat.DOCX: 'docx'>, <InputFormat.XLSX: 'xlsx'>, <InputFormat.IMAGE: 'image'>]))
2026-06-16 15:02:00,430 [INFO] Going to convert document batch...
2026-06-16 15:02:00,430 [INFO] Going to convert document batch...
2026-06-16 15:02:00,430 [INFO] Successfully processed 39_07022025 Памятки и инструктаж водителю и пассажиру.zip.
Docling conversion failed for 39_07022025 Памятки и инструктаж водителю и пассажиру.zip: File format not allowed: 39_07022025 Памятки и инструктаж водителю и пассажиру.zip. Moving to OUTPUT (Quarantine).
2026-06-16 15:02:00,430 [INFO] Successfully processed 39_07022025 Памятки и инструктаж водителю и пассажиру.zip.
2026-06-16 15:02:00,430 [INFO] Ingesting Служебная записка возложение обязанностей АЮА-БЮВ 2025 ...docx via OCR...
2026-06-16 15:02:00,430 [INFO] Ingesting Служебная записка возложение обязанностей АЮА-БЮВ 2025 ...docx via OCR...
2026-06-16 15:02:00,431 [INFO] detected formats: [<InputFormat.DOCX: 'docx'>]
Processing Служебная записка возложение обязанностей АЮА-БЮВ 2025 ...docx with Docling...
2026-06-16 15:02:00,431 [INFO] detected formats: [<InputFormat.DOCX: 'docx'>]
2026-06-16 15:02:00,438 [INFO] Going to convert document batch...
2026-06-16 15:02:00,438 [INFO] Going to convert document batch...
2026-06-16 15:02:00,439 [INFO] Processing document Служебная записка возложение обязанностей АЮА-БЮВ 2025 ...docx
2026-06-16 15:02:00,439 [INFO] Processing document Служебная записка возложение обязанностей АЮА-БЮВ 2025 ...docx
2026-06-16 15:02:00,574 [INFO] Finished converting document Служебная записка возложение обязанностей АЮА-БЮВ 2025 ...docx in 0.14 sec.
2026-06-16 15:02:00,574 [INFO] Finished converting document Служебная записка возложение обязанностей АЮА-БЮВ 2025 ...docx in 0.14 sec.
ℹ️ No complex elements flagged for Tier 3 processing.
2026-06-16 15:02:00,712 [INFO] Successfully processed Служебная записка возложение обязанностей АЮА-БЮВ 2025 ...docx.
Saved Markdown archive: /home/mint/smart-db/PROCESSED/Служебная записка возложение обязанностей АЮА-БЮВ 2025 ...docx.md
2026-06-16 15:02:00,712 [INFO] Successfully processed Служебная записка возложение обязанностей АЮА-БЮВ 2025 ...docx.
2026-06-16 15:02:00,713 [INFO] Ingesting В.А. Обвинцеву ЭТЛ ремонт 2023 согл.docx via OCR...
2026-06-16 15:02:00,713 [INFO] Ingesting В.А. Обвинцеву ЭТЛ ремонт 2023 согл.docx via OCR...
2026-06-16 15:02:00,714 [INFO] detected formats: [<InputFormat.DOCX: 'docx'>]
Processing В.А. Обвинцеву ЭТЛ ремонт 2023 согл.docx with Docling...
2026-06-16 15:02:00,714 [INFO] detected formats: [<InputFormat.DOCX: 'docx'>]
2026-06-16 15:02:00,718 [INFO] Going to convert document batch...
2026-06-16 15:02:00,718 [INFO] Going to convert document batch...
2026-06-16 15:02:00,718 [INFO] Processing document В.А. Обвинцеву ЭТЛ ремонт 2023 согл.docx
2026-06-16 15:02:00,718 [INFO] Processing document В.А. Обвинцеву ЭТЛ ремонт 2023 согл.docx
2026-06-16 15:02:00,796 [INFO] Finished converting document В.А. Обвинцеву ЭТЛ ремонт 2023 согл.docx in 0.08 sec.
2026-06-16 15:02:00,796 [INFO] Finished converting document В.А. Обвинцеву ЭТЛ ремонт 2023 согл.docx in 0.08 sec.
ℹ️ No complex elements flagged for Tier 3 processing.
2026-06-16 15:02:00,934 [INFO] Successfully processed В.А. Обвинцеву ЭТЛ ремонт 2023 согл.docx.
Saved Markdown archive: /home/mint/smart-db/PROCESSED/В.А. Обвинцеву ЭТЛ ремонт 2023 согл.docx.md
2026-06-16 15:02:00,934 [INFO] Successfully processed В.А. Обвинцеву ЭТЛ ремонт 2023 согл.docx.
2026-06-16 15:02:00,934 [INFO] Ingesting Служебная записка возложение обязанностей МАБ-ХАА.docx via OCR...
2026-06-16 15:02:00,934 [INFO] Ingesting Служебная записка возложение обязанностей МАБ-ХАА.docx via OCR...
2026-06-16 15:02:00,935 [INFO] detected formats: [<InputFormat.DOCX: 'docx'>]
Processing Служебная записка возложение обязанностей МАБ-ХАА.docx with Docling...
2026-06-16 15:02:00,935 [INFO] detected formats: [<InputFormat.DOCX: 'docx'>]
2026-06-16 15:02:00,943 [INFO] Going to convert document batch...
2026-06-16 15:02:00,943 [INFO] Going to convert document batch...
2026-06-16 15:02:00,943 [INFO] Processing document Служебная записка возложение обязанностей МАБ-ХАА.docx
2026-06-16 15:02:00,943 [INFO] Processing document Служебная записка возложение обязанностей МАБ-ХАА.docx
2026-06-16 15:02:01,038 [INFO] Finished converting document Служебная записка возложение обязанностей МАБ-ХАА.docx in 0.10 sec.
2026-06-16 15:02:01,038 [INFO] Finished converting document Служебная записка возложение обязанностей МАБ-ХАА.docx in 0.10 sec.
ℹ️ No complex elements flagged for Tier 3 processing.
2026-06-16 15:02:01,179 [INFO] Successfully processed Служебная записка возложение обязанностей МАБ-ХАА.docx.
Saved Markdown archive: /home/mint/smart-db/PROCESSED/Служебная записка возложение обязанностей МАБ-ХАА.docx.md
2026-06-16 15:02:01,179 [INFO] Successfully processed Служебная записка возложение обязанностей МАБ-ХАА.docx.
2026-06-16 15:02:01,180 [INFO] Ingesting inbox.7z via OCR...
2026-06-16 15:02:01,180 [INFO] Ingesting inbox.7z via OCR...
2026-06-16 15:02:01,181 [INFO] detected formats: []
Processing inbox.7z with Docling...
2026-06-16 15:02:01,181 [INFO] detected formats: []
2026-06-16 15:02:01,181 [ERROR] Input document inbox.7z with format None does not match any allowed format: (dict_keys([<InputFormat.PDF: 'pdf'>, <InputFormat.DOCX: 'docx'>, <InputFormat.XLSX: 'xlsx'>, <InputFormat.IMAGE: 'image'>]))
2026-06-16 15:02:01,181 [ERROR] Input document inbox.7z with format None does not match any allowed format: (dict_keys([<InputFormat.PDF: 'pdf'>, <InputFormat.DOCX: 'docx'>, <InputFormat.XLSX: 'xlsx'>, <InputFormat.IMAGE: 'image'>]))
2026-06-16 15:02:01,182 [INFO] Going to convert document batch...
2026-06-16 15:02:01,182 [INFO] Going to convert document batch...
2026-06-16 15:02:01,182 [INFO] Successfully processed inbox.7z.
Docling conversion failed for inbox.7z: File format not allowed: inbox.7z. Moving to OUTPUT (Quarantine).
2026-06-16 15:02:01,182 [INFO] Successfully processed inbox.7z.
2026-06-16 15:02:01,182 [INFO] Ingesting По доплате ХАА.docx via OCR...
2026-06-16 15:02:01,182 [INFO] Ingesting По доплате ХАА.docx via OCR...
2026-06-16 15:02:01,183 [INFO] detected formats: [<InputFormat.DOCX: 'docx'>]
Processing По доплате ХАА.docx with Docling...
2026-06-16 15:02:01,183 [INFO] detected formats: [<InputFormat.DOCX: 'docx'>]
2026-06-16 15:02:01,191 [INFO] Going to convert document batch...
2026-06-16 15:02:01,191 [INFO] Going to convert document batch...
2026-06-16 15:02:01,191 [INFO] Processing document По доплате ХАА.docx
2026-06-16 15:02:01,191 [INFO] Processing document По доплате ХАА.docx
2026-06-16 15:02:01,289 [INFO] Finished converting document По доплате ХАА.docx in 0.11 sec.
2026-06-16 15:02:01,289 [INFO] Finished converting document По доплате ХАА.docx in 0.11 sec.
ℹ️ No complex elements flagged for Tier 3 processing.
2026-06-16 15:02:01,442 [INFO] Successfully processed По доплате ХАА.docx.
Saved Markdown archive: /home/mint/smart-db/PROCESSED/По доплате ХАА.docx.md
2026-06-16 15:02:01,442 [INFO] Successfully processed По доплате ХАА.docx.
2026-06-16 15:02:01,442 [INFO] Ingesting Сугояк В-35 Русская Теча ( ТР).pdf via OCR...
2026-06-16 15:02:01,442 [INFO] Ingesting Сугояк В-35 Русская Теча ( ТР).pdf via OCR...
2026-06-16 15:02:01,444 [INFO] detected formats: [<InputFormat.PDF: 'pdf'>]
Processing Сугояк В-35 Русская Теча ( ТР).pdf with Docling...
2026-06-16 15:02:01,444 [INFO] detected formats: [<InputFormat.PDF: 'pdf'>]
2026-06-16 15:02:01,447 [INFO] Going to convert document batch...
2026-06-16 15:02:01,447 [INFO] Going to convert document batch...
2026-06-16 15:02:01,447 [INFO] Processing document Сугояк В-35 Русская Теча ( ТР).pdf
2026-06-16 15:02:01,447 [INFO] Processing document Сугояк В-35 Русская Теча ( ТР).pdf
2026-06-16 15:02:01,771 [INFO] command: tesseract --psm 0 -l osd /tmp/tmp37jbf7q3.png stdout
2026-06-16 15:02:01,771 [INFO] command: tesseract --psm 0 -l osd /tmp/tmp37jbf7q3.png stdout
2026-06-16 15:02:01,846 [ERROR] OSD failed (doc Сугояк В-35 Русская Теча ( ТР).pdf, page: 0, OCR rectangle: 0, processed image file <tempfile._TemporaryFileWrapper object at 0x753c044f55b0>):
 b'Estimating resolution as 330\nToo few characters. Skipping this page\nWarning. Invalid resolution 0 dpi. Using 70 instead.\nToo few characters. Skipping this page\nError during processing.\n'
2026-06-16 15:02:01,846 [ERROR] OSD failed (doc Сугояк В-35 Русская Теча ( ТР).pdf, page: 0, OCR rectangle: 0, processed image file <tempfile._TemporaryFileWrapper object at 0x753c044f55b0>):
 b'Estimating resolution as 330\nToo few characters. Skipping this page\nWarning. Invalid resolution 0 dpi. Using 70 instead.\nToo few characters. Skipping this page\nError during processing.\n'
2026-06-16 15:02:01,847 [INFO] command: tesseract -l rus+eng /tmp/tmp37jbf7q3.png stdout tsv
2026-06-16 15:02:01,847 [INFO] command: tesseract -l rus+eng /tmp/tmp37jbf7q3.png stdout tsv
2026-06-16 15:02:02,005 [INFO] command: tesseract --psm 0 -l osd /tmp/tmp2bk0f8ps.png stdout
2026-06-16 15:02:02,005 [INFO] command: tesseract --psm 0 -l osd /tmp/tmp2bk0f8ps.png stdout
2026-06-16 15:02:02,321 [INFO] command: tesseract -l rus+eng /tmp/tmp2bk0f8ps.png stdout tsv
2026-06-16 15:02:02,321 [INFO] command: tesseract -l rus+eng /tmp/tmp2bk0f8ps.png stdout tsv
2026-06-16 15:02:02,946 [INFO] Finished converting document Сугояк В-35 Русская Теча ( ТР).pdf in 1.50 sec.
2026-06-16 15:02:02,946 [INFO] Finished converting document Сугояк В-35 Русская Теча ( ТР).pdf in 1.50 sec.
ℹ️ No complex elements flagged for Tier 3 processing.
2026-06-16 15:02:03,102 [INFO] Successfully processed Сугояк В-35 Русская Теча ( ТР).pdf.
Saved Markdown archive: /home/mint/smart-db/PROCESSED/Сугояк В-35 Русская Теча ( ТР).pdf.md
2026-06-16 15:02:03,102 [INFO] Successfully processed Сугояк В-35 Русская Теча ( ТР).pdf.
2026-06-16 15:02:03,102 [INFO] Ingesting Служебная записка возложение обязанностей УСА - ЧИВ.doc via OCR...
2026-06-16 15:02:03,102 [INFO] Ingesting Служебная записка возложение обязанностей УСА - ЧИВ.doc via OCR...
2026-06-16 15:02:04,531 [INFO] detected formats: [<InputFormat.PDF: 'pdf'>]
Legacy .doc detected: Служебная записка возложение обязанностей УСА - ЧИВ.doc. Converting to PDF via LibreOffice...
Processing Служебная записка возложение обязанностей УСА - ЧИВ.doc with Docling...
2026-06-16 15:02:04,531 [INFO] detected formats: [<InputFormat.PDF: 'pdf'>]
2026-06-16 15:02:04,533 [INFO] Going to convert document batch...
2026-06-16 15:02:04,533 [INFO] Going to convert document batch...
2026-06-16 15:02:04,533 [INFO] Processing document Служебная записка возложение обязанностей УСА - ЧИВ.pdf
2026-06-16 15:02:04,533 [INFO] Processing document Служебная записка возложение обязанностей УСА - ЧИВ.pdf
Page 60: Complex figure processed via Gemini Vision.
2026-06-16 15:02:04,768 [INFO] command: tesseract --psm 0 -l osd /tmp/tmpcizbpgye.png stdout
2026-06-16 15:02:04,768 [INFO] command: tesseract --psm 0 -l osd /tmp/tmpcizbpgye.png stdout
2026-06-16 15:02:05,112 [INFO] command: tesseract -l rus+eng /tmp/tmpcizbpgye.png stdout tsv
2026-06-16 15:02:05,112 [INFO] command: tesseract -l rus+eng /tmp/tmpcizbpgye.png stdout tsv
2026-06-16 15:02:05,503 [INFO] Finished converting document Служебная записка возложение обязанностей УСА - ЧИВ.pdf in 0.97 sec.
2026-06-16 15:02:05,503 [INFO] Finished converting document Служебная записка возложение обязанностей УСА - ЧИВ.pdf in 0.97 sec.
ℹ️ No complex elements flagged for Tier 3 processing.
2026-06-16 15:02:05,669 [INFO] Successfully processed Служебная записка возложение обязанностей УСА - ЧИВ.doc.
Saved Markdown archive: /home/mint/smart-db/PROCESSED/Служебная записка возложение обязанностей УСА - ЧИВ.doc.md
2026-06-16 15:02:05,669 [INFO] Successfully processed Служебная записка возложение обязанностей УСА - ЧИВ.doc.
2026-06-16 15:02:05,670 [INFO] Ingesting Служебная записка возложение обязанностей БЮВ-АЮА 25.02.docx via OCR...
2026-06-16 15:02:05,670 [INFO] Ingesting Служебная записка возложение обязанностей БЮВ-АЮА 25.02.docx via OCR...
2026-06-16 15:02:05,671 [INFO] detected formats: [<InputFormat.DOCX: 'docx'>]
Processing Служебная записка возложение обязанностей БЮВ-АЮА 25.02.docx with Docling...
2026-06-16 15:02:05,671 [INFO] detected formats: [<InputFormat.DOCX: 'docx'>]
2026-06-16 15:02:05,679 [INFO] Going to convert document batch...
2026-06-16 15:02:05,679 [INFO] Going to convert document batch...
2026-06-16 15:02:05,680 [INFO] Processing document Служебная записка возложение обязанностей БЮВ-АЮА 25.02.docx
2026-06-16 15:02:05,680 [INFO] Processing document Служебная записка возложение обязанностей БЮВ-АЮА 25.02.docx
2026-06-16 15:02:05,802 [INFO] Finished converting document Служебная записка возложение обязанностей БЮВ-АЮА 25.02.docx in 0.13 sec.
2026-06-16 15:02:05,802 [INFO] Finished converting document Служебная записка возложение обязанностей БЮВ-АЮА 25.02.docx in 0.13 sec.
ℹ️ No complex elements flagged for Tier 3 processing.
2026-06-16 15:02:05,957 [INFO] Successfully processed Служебная записка возложение обязанностей БЮВ-АЮА 25.02.docx.
Saved Markdown archive: /home/mint/smart-db/PROCESSED/Служебная записка возложение обязанностей БЮВ-АЮА 25.02.docx.md
2026-06-16 15:02:05,957 [INFO] Successfully processed Служебная записка возложение обязанностей БЮВ-АЮА 25.02.docx.
2026-06-16 15:02:05,957 [INFO] Ingesting ИФН-200 руководство.pdf via OCR...
2026-06-16 15:02:05,957 [INFO] Ingesting ИФН-200 руководство.pdf via OCR...
2026-06-16 15:02:05,960 [INFO] detected formats: [<InputFormat.PDF: 'pdf'>]
Processing ИФН-200 руководство.pdf with Docling...
2026-06-16 15:02:05,960 [INFO] detected formats: [<InputFormat.PDF: 'pdf'>]
2026-06-16 15:02:05,965 [INFO] Going to convert document batch...
2026-06-16 15:02:05,965 [INFO] Going to convert document batch...
2026-06-16 15:02:05,966 [INFO] Processing document ИФН-200 руководство.pdf
2026-06-16 15:02:05,966 [INFO] Processing document ИФН-200 руководство.pdf
2026-06-16 15:02:06,235 [INFO] command: tesseract --psm 0 -l osd /tmp/tmpq9sy67xe.png stdout
2026-06-16 15:02:06,235 [INFO] command: tesseract --psm 0 -l osd /tmp/tmpq9sy67xe.png stdout
2026-06-16 15:02:06,466 [INFO] command: tesseract -l rus+eng /tmp/tmpq9sy67xe.png stdout tsv
2026-06-16 15:02:06,466 [INFO] command: tesseract -l rus+eng /tmp/tmpq9sy67xe.png stdout tsv
2026-06-16 15:02:07,452 [INFO] command: tesseract --psm 0 -l osd /tmp/tmp4v8qdxqh.png stdout
2026-06-16 15:02:07,452 [INFO] command: tesseract --psm 0 -l osd /tmp/tmp4v8qdxqh.png stdout
2026-06-16 15:02:08,080 [INFO] command: tesseract -l rus+eng /tmp/tmp4v8qdxqh.png stdout tsv
2026-06-16 15:02:08,080 [INFO] command: tesseract -l rus+eng /tmp/tmp4v8qdxqh.png stdout tsv
2026-06-16 15:02:09,899 [INFO] command: tesseract --psm 0 -l osd /tmp/tmprm6wwrum.png stdout
2026-06-16 15:02:09,899 [INFO] command: tesseract --psm 0 -l osd /tmp/tmprm6wwrum.png stdout
2026-06-16 15:02:10,135 [ERROR] OSD failed (doc ИФН-200 руководство.pdf, page: 2, OCR rectangle: 0, processed image file <tempfile._TemporaryFileWrapper object at 0x753bc1d5e300>):
 b'Estimating resolution as 559\nToo few characters. Skipping this page\nWarning. Invalid resolution 0 dpi. Using 70 instead.\nToo few characters. Skipping this page\nError during processing.\n'
2026-06-16 15:02:10,135 [ERROR] OSD failed (doc ИФН-200 руководство.pdf, page: 2, OCR rectangle: 0, processed image file <tempfile._TemporaryFileWrapper object at 0x753bc1d5e300>):
 b'Estimating resolution as 559\nToo few characters. Skipping this page\nWarning. Invalid resolution 0 dpi. Using 70 instead.\nToo few characters. Skipping this page\nError during processing.\n'
2026-06-16 15:02:10,137 [INFO] command: tesseract -l rus+eng /tmp/tmprm6wwrum.png stdout tsv
2026-06-16 15:02:10,137 [INFO] command: tesseract -l rus+eng /tmp/tmprm6wwrum.png stdout tsv
2026-06-16 15:02:10,361 [INFO] command: tesseract --psm 0 -l osd /tmp/tmpjpy0f105.png stdout
2026-06-16 15:02:10,361 [INFO] command: tesseract --psm 0 -l osd /tmp/tmpjpy0f105.png stdout
2026-06-16 15:02:10,493 [ERROR] OSD failed (doc ИФН-200 руководство.pdf, page: 2, OCR rectangle: 1, processed image file <tempfile._TemporaryFileWrapper object at 0x753c559009b0>):
 b'Estimating resolution as 913\nToo few characters. Skipping this page\nWarning. Invalid resolution 0 dpi. Using 70 instead.\nToo few characters. Skipping this page\nError during processing.\n'
2026-06-16 15:02:10,493 [ERROR] OSD failed (doc ИФН-200 руководство.pdf, page: 2, OCR rectangle: 1, processed image file <tempfile._TemporaryFileWrapper object at 0x753c559009b0>):
 b'Estimating resolution as 913\nToo few characters. Skipping this page\nWarning. Invalid resolution 0 dpi. Using 70 instead.\nToo few characters. Skipping this page\nError during processing.\n'
2026-06-16 15:02:10,494 [INFO] command: tesseract -l rus+eng /tmp/tmpjpy0f105.png stdout tsv
2026-06-16 15:02:10,494 [INFO] command: tesseract -l rus+eng /tmp/tmpjpy0f105.png stdout tsv
2026-06-16 15:02:10,742 [INFO] command: tesseract --psm 0 -l osd /tmp/tmpckh549t1.png stdout
2026-06-16 15:02:10,742 [INFO] command: tesseract --psm 0 -l osd /tmp/tmpckh549t1.png stdout
2026-06-16 15:02:10,914 [ERROR] OSD failed (doc ИФН-200 руководство.pdf, page: 3, OCR rectangle: 0, processed image file <tempfile._TemporaryFileWrapper object at 0x753c55900a10>):
 b'Estimating resolution as 187\nToo few characters. Skipping this page\nWarning. Invalid resolution 0 dpi. Using 70 instead.\nToo few characters. Skipping this page\nError during processing.\n'
2026-06-16 15:02:10,914 [ERROR] OSD failed (doc ИФН-200 руководство.pdf, page: 3, OCR rectangle: 0, processed image file <tempfile._TemporaryFileWrapper object at 0x753c55900a10>):
 b'Estimating resolution as 187\nToo few characters. Skipping this page\nWarning. Invalid resolution 0 dpi. Using 70 instead.\nToo few characters. Skipping this page\nError during processing.\n'
2026-06-16 15:02:10,917 [INFO] command: tesseract -l rus+eng /tmp/tmpckh549t1.png stdout tsv
2026-06-16 15:02:10,917 [INFO] command: tesseract -l rus+eng /tmp/tmpckh549t1.png stdout tsv
Page 61: Complex figure processed via Gemini Vision.
Page 64: Complex figure processed via Gemini Vision.
2026-06-16 15:02:35,226 [INFO] Successfully processed ПКР-1 hq_сжато.pdf.
Saved Markdown archive: /home/mint/smart-db/PROCESSED/ПКР-1 hq_сжато.pdf.md
2026-06-16 15:02:35,226 [INFO] Successfully processed ПКР-1 hq_сжато.pdf.
2026-06-16 15:02:35,226 [INFO] Ingesting ИФН-200 руководство.pdf via OCR...
2026-06-16 15:02:35,226 [INFO] Ingesting ИФН-200 руководство.pdf via OCR...
2026-06-16 15:02:35,234 [INFO] detected formats: [<InputFormat.PDF: 'pdf'>]
Processing ИФН-200 руководство.pdf with Docling...
2026-06-16 15:02:35,234 [INFO] detected formats: [<InputFormat.PDF: 'pdf'>]
2026-06-16 15:02:35,259 [INFO] Going to convert document batch...
2026-06-16 15:02:35,259 [INFO] Going to convert document batch...
2026-06-16 15:02:35,261 [INFO] Processing document ИФН-200 руководство.pdf
2026-06-16 15:02:35,261 [INFO] Processing document ИФН-200 руководство.pdf
2026-06-16 15:02:35,587 [INFO] command: tesseract --psm 0 -l osd /tmp/tmp659z9j6u.png stdout
2026-06-16 15:02:35,587 [INFO] command: tesseract --psm 0 -l osd /tmp/tmp659z9j6u.png stdout
2026-06-16 15:02:35,929 [INFO] command: tesseract -l rus+eng /tmp/tmp659z9j6u.png stdout tsv
2026-06-16 15:02:35,929 [INFO] command: tesseract -l rus+eng /tmp/tmp659z9j6u.png stdout tsv
2026-06-16 15:02:36,836 [INFO] command: tesseract --psm 0 -l osd /tmp/tmpn4ylvq8c.png stdout
2026-06-16 15:02:36,836 [INFO] command: tesseract --psm 0 -l osd /tmp/tmpn4ylvq8c.png stdout
2026-06-16 15:02:37,429 [INFO] command: tesseract -l rus+eng /tmp/tmpn4ylvq8c.png stdout tsv
2026-06-16 15:02:37,429 [INFO] command: tesseract -l rus+eng /tmp/tmpn4ylvq8c.png stdout tsv
2026-06-16 15:02:39,243 [INFO] command: tesseract --psm 0 -l osd /tmp/tmpoto46t_u.png stdout
2026-06-16 15:02:39,243 [INFO] command: tesseract --psm 0 -l osd /tmp/tmpoto46t_u.png stdout
2026-06-16 15:02:39,325 [ERROR] OSD failed (doc ИФН-200 руководство.pdf, page: 2, OCR rectangle: 0, processed image file <tempfile._TemporaryFileWrapper object at 0x7a2b52310890>):
 b'Estimating resolution as 559\nToo few characters. Skipping this page\nWarning. Invalid resolution 0 dpi. Using 70 instead.\nToo few characters. Skipping this page\nError during processing.\n'
2026-06-16 15:02:39,325 [ERROR] OSD failed (doc ИФН-200 руководство.pdf, page: 2, OCR rectangle: 0, processed image file <tempfile._TemporaryFileWrapper object at 0x7a2b52310890>):
 b'Estimating resolution as 559\nToo few characters. Skipping this page\nWarning. Invalid resolution 0 dpi. Using 70 instead.\nToo few characters. Skipping this page\nError during processing.\n'
2026-06-16 15:02:39,325 [INFO] command: tesseract -l rus+eng /tmp/tmpoto46t_u.png stdout tsv
2026-06-16 15:02:39,325 [INFO] command: tesseract -l rus+eng /tmp/tmpoto46t_u.png stdout tsv
2026-06-16 15:02:39,448 [INFO] command: tesseract --psm 0 -l osd /tmp/tmpxsflnzyl.png stdout
2026-06-16 15:02:39,448 [INFO] command: tesseract --psm 0 -l osd /tmp/tmpxsflnzyl.png stdout
2026-06-16 15:02:39,527 [ERROR] OSD failed (doc ИФН-200 руководство.pdf, page: 2, OCR rectangle: 1, processed image file <tempfile._TemporaryFileWrapper object at 0x7a2b52311b80>):
 b'Estimating resolution as 913\nToo few characters. Skipping this page\nWarning. Invalid resolution 0 dpi. Using 70 instead.\nToo few characters. Skipping this page\nError during processing.\n'
2026-06-16 15:02:39,527 [ERROR] OSD failed (doc ИФН-200 руководство.pdf, page: 2, OCR rectangle: 1, processed image file <tempfile._TemporaryFileWrapper object at 0x7a2b52311b80>):
 b'Estimating resolution as 913\nToo few characters. Skipping this page\nWarning. Invalid resolution 0 dpi. Using 70 instead.\nToo few characters. Skipping this page\nError during processing.\n'
2026-06-16 15:02:39,527 [INFO] command: tesseract -l rus+eng /tmp/tmpxsflnzyl.png stdout tsv
2026-06-16 15:02:39,527 [INFO] command: tesseract -l rus+eng /tmp/tmpxsflnzyl.png stdout tsv
2026-06-16 15:02:39,733 [INFO] command: tesseract --psm 0 -l osd /tmp/tmp8bz2ody8.png stdout
2026-06-16 15:02:39,733 [INFO] command: tesseract --psm 0 -l osd /tmp/tmp8bz2ody8.png stdout
2026-06-16 15:02:39,785 [ERROR] OSD failed (doc ИФН-200 руководство.pdf, page: 3, OCR rectangle: 0, processed image file <tempfile._TemporaryFileWrapper object at 0x7a2b52311f40>):
 b'Estimating resolution as 187\nToo few characters. Skipping this page\nWarning. Invalid resolution 0 dpi. Using 70 instead.\nToo few characters. Skipping this page\nError during processing.\n'
2026-06-16 15:02:39,785 [ERROR] OSD failed (doc ИФН-200 руководство.pdf, page: 3, OCR rectangle: 0, processed image file <tempfile._TemporaryFileWrapper object at 0x7a2b52311f40>):
 b'Estimating resolution as 187\nToo few characters. Skipping this page\nWarning. Invalid resolution 0 dpi. Using 70 instead.\nToo few characters. Skipping this page\nError during processing.\n'
2026-06-16 15:02:39,785 [INFO] command: tesseract -l rus+eng /tmp/tmp8bz2ody8.png stdout tsv
2026-06-16 15:02:39,785 [INFO] command: tesseract -l rus+eng /tmp/tmp8bz2ody8.png stdout tsv
2026-06-16 15:02:39,886 [INFO] command: tesseract --psm 0 -l osd /tmp/tmpqclhzxqj.png stdout
2026-06-16 15:02:39,886 [INFO] command: tesseract --psm 0 -l osd /tmp/tmpqclhzxqj.png stdout
2026-06-16 15:02:40,013 [INFO] command: tesseract -l rus+eng /tmp/tmpqclhzxqj.png stdout tsv
2026-06-16 15:02:40,013 [INFO] command: tesseract -l rus+eng /tmp/tmpqclhzxqj.png stdout tsv
2026-06-16 15:02:40,243 [INFO] command: tesseract --psm 0 -l osd /tmp/tmp9m1gxjy4.png stdout
2026-06-16 15:02:40,243 [INFO] command: tesseract --psm 0 -l osd /tmp/tmp9m1gxjy4.png stdout
2026-06-16 15:02:40,330 [ERROR] OSD failed (doc ИФН-200 руководство.pdf, page: 0, OCR rectangle: 0, processed image file <tempfile._TemporaryFileWrapper object at 0x7a2b52311970>):
 b'Estimating resolution as 1053\nToo few characters. Skipping this page\nWarning. Invalid resolution 0 dpi. Using 70 instead.\nToo few characters. Skipping this page\nError during processing.\n'
2026-06-16 15:02:40,330 [ERROR] OSD failed (doc ИФН-200 руководство.pdf, page: 0, OCR rectangle: 0, processed image file <tempfile._TemporaryFileWrapper object at 0x7a2b52311970>):
 b'Estimating resolution as 1053\nToo few characters. Skipping this page\nWarning. Invalid resolution 0 dpi. Using 70 instead.\nToo few characters. Skipping this page\nError during processing.\n'
2026-06-16 15:02:40,331 [INFO] command: tesseract -l rus+eng /tmp/tmp9m1gxjy4.png stdout tsv
2026-06-16 15:02:40,331 [INFO] command: tesseract -l rus+eng /tmp/tmp9m1gxjy4.png stdout tsv
2026-06-16 15:02:40,468 [INFO] command: tesseract --psm 0 -l osd /tmp/tmpd1tgpm_c.png stdout
2026-06-16 15:02:40,468 [INFO] command: tesseract --psm 0 -l osd /tmp/tmpd1tgpm_c.png stdout
2026-06-16 15:02:40,543 [ERROR] OSD failed (doc ИФН-200 руководство.pdf, page: 0, OCR rectangle: 1, processed image file <tempfile._TemporaryFileWrapper object at 0x7a2b523133e0>):
 b'Estimating resolution as 1131\nToo few characters. Skipping this page\nWarning. Invalid resolution 0 dpi. Using 70 instead.\nToo few characters. Skipping this page\nError during processing.\n'
2026-06-16 15:02:40,543 [ERROR] OSD failed (doc ИФН-200 руководство.pdf, page: 0, OCR rectangle: 1, processed image file <tempfile._TemporaryFileWrapper object at 0x7a2b523133e0>):
 b'Estimating resolution as 1131\nToo few characters. Skipping this page\nWarning. Invalid resolution 0 dpi. Using 70 instead.\nToo few characters. Skipping this page\nError during processing.\n'
2026-06-16 15:02:40,543 [INFO] command: tesseract -l rus+eng /tmp/tmpd1tgpm_c.png stdout tsv
2026-06-16 15:02:40,543 [INFO] command: tesseract -l rus+eng /tmp/tmpd1tgpm_c.png stdout tsv
2026-06-16 15:02:40,767 [INFO] command: tesseract --psm 0 -l osd /tmp/tmpbnpczhxa.png stdout
2026-06-16 15:02:40,767 [INFO] command: tesseract --psm 0 -l osd /tmp/tmpbnpczhxa.png stdout
2026-06-16 15:02:40,874 [INFO] command: tesseract -l rus+eng /tmp/tmpbnpczhxa.png stdout tsv
2026-06-16 15:02:40,874 [INFO] command: tesseract -l rus+eng /tmp/tmpbnpczhxa.png stdout tsv
2026-06-16 15:02:41,339 [INFO] command: tesseract --psm 0 -l osd /tmp/tmpag2sdphj.png stdout
2026-06-16 15:02:41,339 [INFO] command: tesseract --psm 0 -l osd /tmp/tmpag2sdphj.png stdout
2026-06-16 15:02:41,408 [ERROR] OSD failed (doc ИФН-200 руководство.pdf, page: 0, OCR rectangle: 0, processed image file <tempfile._TemporaryFileWrapper object at 0x7a2bb8714b60>):
 b'Estimating resolution as 788\nToo few characters. Skipping this page\nWarning. Invalid resolution 0 dpi. Using 70 instead.\nToo few characters. Skipping this page\nError during processing.\n'
2026-06-16 15:02:41,408 [ERROR] OSD failed (doc ИФН-200 руководство.pdf, page: 0, OCR rectangle: 0, processed image file <tempfile._TemporaryFileWrapper object at 0x7a2bb8714b60>):
 b'Estimating resolution as 788\nToo few characters. Skipping this page\nWarning. Invalid resolution 0 dpi. Using 70 instead.\nToo few characters. Skipping this page\nError during processing.\n'
2026-06-16 15:02:41,408 [INFO] command: tesseract -l rus+eng /tmp/tmpag2sdphj.png stdout tsv
2026-06-16 15:02:41,408 [INFO] command: tesseract -l rus+eng /tmp/tmpag2sdphj.png stdout tsv
2026-06-16 15:02:41,490 [INFO] command: tesseract --psm 0 -l osd /tmp/tmp2t2wij6_.png stdout
2026-06-16 15:02:41,490 [INFO] command: tesseract --psm 0 -l osd /tmp/tmp2t2wij6_.png stdout
2026-06-16 15:02:41,542 [ERROR] OSD failed (doc ИФН-200 руководство.pdf, page: 0, OCR rectangle: 1, processed image file <tempfile._TemporaryFileWrapper object at 0x7a2aff9489b0>):
 b'Estimating resolution as 221\nToo few characters. Skipping this page\nWarning. Invalid resolution 0 dpi. Using 70 instead.\nToo few characters. Skipping this page\nError during processing.\n'
2026-06-16 15:02:41,542 [ERROR] OSD failed (doc ИФН-200 руководство.pdf, page: 0, OCR rectangle: 1, processed image file <tempfile._TemporaryFileWrapper object at 0x7a2aff9489b0>):
 b'Estimating resolution as 221\nToo few characters. Skipping this page\nWarning. Invalid resolution 0 dpi. Using 70 instead.\nToo few characters. Skipping this page\nError during processing.\n'
2026-06-16 15:02:41,542 [INFO] command: tesseract -l rus+eng /tmp/tmp2t2wij6_.png stdout tsv
2026-06-16 15:02:41,542 [INFO] command: tesseract -l rus+eng /tmp/tmp2t2wij6_.png stdout tsv
2026-06-16 15:02:41,627 [INFO] command: tesseract --psm 0 -l osd /tmp/tmp1f20dzjp.png stdout
2026-06-16 15:02:41,627 [INFO] command: tesseract --psm 0 -l osd /tmp/tmp1f20dzjp.png stdout
2026-06-16 15:02:41,680 [ERROR] OSD failed (doc ИФН-200 руководство.pdf, page: 0, OCR rectangle: 2, processed image file <tempfile._TemporaryFileWrapper object at 0x7a2aff94a4b0>):
 b'Estimating resolution as 221\nToo few characters. Skipping this page\nWarning. Invalid resolution 0 dpi. Using 70 instead.\nToo few characters. Skipping this page\nError during processing.\n'
2026-06-16 15:02:41,680 [ERROR] OSD failed (doc ИФН-200 руководство.pdf, page: 0, OCR rectangle: 2, processed image file <tempfile._TemporaryFileWrapper object at 0x7a2aff94a4b0>):
 b'Estimating resolution as 221\nToo few characters. Skipping this page\nWarning. Invalid resolution 0 dpi. Using 70 instead.\nToo few characters. Skipping this page\nError during processing.\n'
2026-06-16 15:02:41,680 [INFO] command: tesseract -l rus+eng /tmp/tmp1f20dzjp.png stdout tsv
2026-06-16 15:02:41,680 [INFO] command: tesseract -l rus+eng /tmp/tmp1f20dzjp.png stdout tsv
2026-06-16 15:02:41,778 [INFO] command: tesseract --psm 0 -l osd /tmp/tmp19gq9h6c.png stdout
2026-06-16 15:02:41,778 [INFO] command: tesseract --psm 0 -l osd /tmp/tmp19gq9h6c.png stdout
2026-06-16 15:02:41,896 [INFO] command: tesseract -l rus+eng /tmp/tmp19gq9h6c.png stdout tsv
2026-06-16 15:02:41,896 [INFO] command: tesseract -l rus+eng /tmp/tmp19gq9h6c.png stdout tsv
2026-06-16 15:02:42,694 [INFO] command: tesseract --psm 0 -l osd /tmp/tmphzttr5o0.png stdout
2026-06-16 15:02:42,694 [INFO] command: tesseract --psm 0 -l osd /tmp/tmphzttr5o0.png stdout
2026-06-16 15:02:42,763 [ERROR] OSD failed (doc ИФН-200 руководство.pdf, page: 1, OCR rectangle: 0, processed image file <tempfile._TemporaryFileWrapper object at 0x7a2bb8207620>):
 b'Estimating resolution as 262\nToo few characters. Skipping this page\nWarning. Invalid resolution 0 dpi. Using 70 instead.\nToo few characters. Skipping this page\nError during processing.\n'
2026-06-16 15:02:42,763 [ERROR] OSD failed (doc ИФН-200 руководство.pdf, page: 1, OCR rectangle: 0, processed image file <tempfile._TemporaryFileWrapper object at 0x7a2bb8207620>):
 b'Estimating resolution as 262\nToo few characters. Skipping this page\nWarning. Invalid resolution 0 dpi. Using 70 instead.\nToo few characters. Skipping this page\nError during processing.\n'
2026-06-16 15:02:42,763 [INFO] command: tesseract -l rus+eng /tmp/tmphzttr5o0.png stdout tsv
2026-06-16 15:02:42,763 [INFO] command: tesseract -l rus+eng /tmp/tmphzttr5o0.png stdout tsv
2026-06-16 15:02:44,684 [INFO] command: tesseract --psm 0 -l osd /tmp/tmp246zk763.png stdout
2026-06-16 15:02:44,684 [INFO] command: tesseract --psm 0 -l osd /tmp/tmp246zk763.png stdout
2026-06-16 15:02:44,865 [INFO] command: tesseract -l rus+eng /tmp/tmp246zk763.png stdout tsv
2026-06-16 15:02:44,865 [INFO] command: tesseract -l rus+eng /tmp/tmp246zk763.png stdout tsv
2026-06-16 15:02:45,173 [INFO] command: tesseract --psm 0 -l osd /tmp/tmpd116edsl.png stdout
2026-06-16 15:02:45,173 [INFO] command: tesseract --psm 0 -l osd /tmp/tmpd116edsl.png stdout
2026-06-16 15:02:45,360 [INFO] command: tesseract -l rus+eng /tmp/tmpd116edsl.png stdout tsv
2026-06-16 15:02:45,360 [INFO] command: tesseract -l rus+eng /tmp/tmpd116edsl.png stdout tsv
2026-06-16 15:02:45,577 [INFO] command: tesseract --psm 0 -l osd /tmp/tmpvzcvhd4r.png stdout
2026-06-16 15:02:45,577 [INFO] command: tesseract --psm 0 -l osd /tmp/tmpvzcvhd4r.png stdout
2026-06-16 15:02:45,761 [INFO] command: tesseract -l rus+eng /tmp/tmpvzcvhd4r.png stdout tsv
2026-06-16 15:02:45,761 [INFO] command: tesseract -l rus+eng /tmp/tmpvzcvhd4r.png stdout tsv
2026-06-16 15:02:46,978 [INFO] Finished converting document ИФН-200 руководство.pdf in 11.75 sec.
2026-06-16 15:02:46,978 [INFO] Finished converting document ИФН-200 руководство.pdf in 11.75 sec.
☁️ Complex elements (tables/figures) detected on pages: [1, 2, 8, 9, 10, 11, 14, 26, 27, 29, 31, 33, 34, 36]
Page 1: Complex figure processed via Gemini Vision.
Page 2: Complex figure processed via Gemini Vision.
Page 8: Complex figure processed via Gemini Vision.
Page 9: Complex figure processed via Gemini Vision.
Page 10: Complex figure processed via Gemini Vision.
Page 11: Complex figure processed via Gemini Vision.
Page 14: Complex figure processed via Gemini Vision.
Page 26: Complex figure processed via Gemini Vision.
Page 27: Complex figure processed via Gemini Vision.
Page 29: Complex figure processed via Gemini Vision.
Page 31: Complex figure processed via Gemini Vision.
Page 33: Complex figure processed via Gemini Vision.
Page 34: Complex figure processed via Gemini Vision.
Page 36: Complex figure processed via Gemini Vision.
2026-06-16 15:05:29,955 [INFO] Successfully processed ИФН-200 руководство.pdf.
Saved Markdown archive: /home/mint/smart-db/PROCESSED/ИФН-200 руководство.pdf.md
2026-06-16 15:05:29,955 [INFO] Successfully processed ИФН-200 руководство.pdf.
2026-06-16 15:05:29,955 [INFO] Ingesting ПЗ 2025 02.docx via OCR...
2026-06-16 15:05:29,955 [INFO] Ingesting ПЗ 2025 02.docx via OCR...
2026-06-16 15:05:29,956 [INFO] detected formats: [<InputFormat.DOCX: 'docx'>]
Processing ПЗ 2025 02.docx with Docling...
2026-06-16 15:05:29,956 [INFO] detected formats: [<InputFormat.DOCX: 'docx'>]
2026-06-16 15:05:29,980 [INFO] Going to convert document batch...
2026-06-16 15:05:29,980 [INFO] Going to convert document batch...
2026-06-16 15:05:29,980 [INFO] Initializing pipeline for SimplePipeline with options hash 7d306d2d021deac65a97d1a5f925362a
2026-06-16 15:05:29,980 [INFO] Initializing pipeline for SimplePipeline with options hash 7d306d2d021deac65a97d1a5f925362a
2026-06-16 15:05:29,980 [INFO] Processing document ПЗ 2025 02.docx
2026-06-16 15:05:29,980 [INFO] Processing document ПЗ 2025 02.docx
2026-06-16 15:05:30,272 [INFO] Finished converting document ПЗ 2025 02.docx in 0.32 sec.
2026-06-16 15:05:30,272 [INFO] Finished converting document ПЗ 2025 02.docx in 0.32 sec.
ℹ️ No complex elements flagged for Tier 3 processing.
2026-06-16 15:05:30,442 [INFO] Successfully processed ПЗ 2025 02.docx.
Saved Markdown archive: /home/mint/smart-db/PROCESSED/ПЗ 2025 02.docx.md
2026-06-16 15:05:30,442 [INFO] Successfully processed ПЗ 2025 02.docx.
2026-06-16 15:05:30,443 [INFO] Ingesting Акт проверки АЗ НПетр.pdf via OCR...
2026-06-16 15:05:30,443 [INFO] Ingesting Акт проверки АЗ НПетр.pdf via OCR...
2026-06-16 15:05:30,444 [INFO] detected formats: [<InputFormat.PDF: 'pdf'>]
Processing Акт проверки АЗ НПетр.pdf with Docling...
2026-06-16 15:05:30,444 [INFO] detected formats: [<InputFormat.PDF: 'pdf'>]
2026-06-16 15:05:30,446 [INFO] Going to convert document batch...
2026-06-16 15:05:30,446 [INFO] Going to convert document batch...
2026-06-16 15:05:30,446 [INFO] Processing document Акт проверки АЗ НПетр.pdf
2026-06-16 15:05:30,446 [INFO] Processing document Акт проверки АЗ НПетр.pdf
2026-06-16 15:05:31,096 [INFO] command: tesseract --psm 0 -l osd /tmp/tmprvkp6g18.png stdout
2026-06-16 15:05:31,096 [INFO] command: tesseract --psm 0 -l osd /tmp/tmprvkp6g18.png stdout
2026-06-16 15:05:31,772 [INFO] command: tesseract -l rus+eng /tmp/tmprvkp6g18.png stdout tsv
2026-06-16 15:05:31,772 [INFO] command: tesseract -l rus+eng /tmp/tmprvkp6g18.png stdout tsv
2026-06-16 15:05:34,171 [INFO] command: tesseract --psm 0 -l osd /tmp/tmph8dio7x1.png stdout
2026-06-16 15:05:34,171 [INFO] command: tesseract --psm 0 -l osd /tmp/tmph8dio7x1.png stdout
2026-06-16 15:05:34,819 [INFO] command: tesseract -l rus+eng /tmp/tmph8dio7x1.png stdout tsv
2026-06-16 15:05:34,819 [INFO] command: tesseract -l rus+eng /tmp/tmph8dio7x1.png stdout tsv
2026-06-16 15:05:36,429 [INFO] Finished converting document Акт проверки АЗ НПетр.pdf in 5.99 sec.
2026-06-16 15:05:36,429 [INFO] Finished converting document Акт проверки АЗ НПетр.pdf in 5.99 sec.
☁️ Complex elements (tables/figures) detected on pages: [1, 2]
Page 1: Complex figure processed via Gemini Vision.
Page 2: Complex figure processed via Gemini Vision.
2026-06-16 15:06:00,627 [INFO] Successfully processed Акт проверки АЗ НПетр.pdf.
Saved Markdown archive: /home/mint/smart-db/PROCESSED/Акт проверки АЗ НПетр.pdf.md
2026-06-16 15:06:00,627 [INFO] Successfully processed Акт проверки АЗ НПетр.pdf.
2026-06-16 15:06:00,627 [INFO] Ingesting CoroCAM 7 корокам.pdf via OCR...
2026-06-16 15:06:00,627 [INFO] Ingesting CoroCAM 7 корокам.pdf via OCR...
2026-06-16 15:06:00,634 [INFO] detected formats: [<InputFormat.PDF: 'pdf'>]
Processing CoroCAM 7 корокам.pdf with Docling...
2026-06-16 15:06:00,634 [INFO] detected formats: [<InputFormat.PDF: 'pdf'>]
2026-06-16 15:06:00,645 [INFO] Going to convert document batch...
2026-06-16 15:06:00,645 [INFO] Going to convert document batch...
2026-06-16 15:06:00,645 [INFO] Processing document CoroCAM 7 корокам.pdf
2026-06-16 15:06:00,645 [INFO] Processing document CoroCAM 7 корокам.pdf
2026-06-16 15:06:01,254 [INFO] command: tesseract --psm 0 -l osd /tmp/tmpxbcr4znl.png stdout
2026-06-16 15:06:01,254 [INFO] command: tesseract --psm 0 -l osd /tmp/tmpxbcr4znl.png stdout
2026-06-16 15:06:01,823 [INFO] command: tesseract -l rus+eng /tmp/tmpxbcr4znl.png stdout tsv
2026-06-16 15:06:01,823 [INFO] command: tesseract -l rus+eng /tmp/tmpxbcr4znl.png stdout tsv
2026-06-16 15:06:03,141 [INFO] command: tesseract --psm 0 -l osd /tmp/tmpegkl_cxb.png stdout
2026-06-16 15:06:03,141 [INFO] command: tesseract --psm 0 -l osd /tmp/tmpegkl_cxb.png stdout
2026-06-16 15:06:03,221 [ERROR] OSD failed (doc CoroCAM 7 корокам.pdf, page: 0, OCR rectangle: 0, processed image file <tempfile._TemporaryFileWrapper object at 0x7a2aff948830>):
 b'Estimating resolution as 284\nToo few characters. Skipping this page\nWarning. Invalid resolution 0 dpi. Using 70 instead.\nToo few characters. Skipping this page\nError during processing.\n'
2026-06-16 15:06:03,221 [ERROR] OSD failed (doc CoroCAM 7 корокам.pdf, page: 0, OCR rectangle: 0, processed image file <tempfile._TemporaryFileWrapper object at 0x7a2aff948830>):
 b'Estimating resolution as 284\nToo few characters. Skipping this page\nWarning. Invalid resolution 0 dpi. Using 70 instead.\nToo few characters. Skipping this page\nError during processing.\n'
2026-06-16 15:06:03,221 [INFO] command: tesseract -l rus+eng /tmp/tmpegkl_cxb.png stdout tsv
2026-06-16 15:06:03,221 [INFO] command: tesseract -l rus+eng /tmp/tmpegkl_cxb.png stdout tsv
2026-06-16 15:06:03,316 [INFO] command: tesseract --psm 0 -l osd /tmp/tmpt80pi0la.png stdout
2026-06-16 15:06:03,316 [INFO] command: tesseract --psm 0 -l osd /tmp/tmpt80pi0la.png stdout
2026-06-16 15:06:03,374 [ERROR] OSD failed (doc CoroCAM 7 корокам.pdf, page: 0, OCR rectangle: 1, processed image file <tempfile._TemporaryFileWrapper object at 0x7a2aa740f6b0>):
 b'Estimating resolution as 695\nToo few characters. Skipping this page\nWarning. Invalid resolution 0 dpi. Using 70 instead.\nToo few characters. Skipping this page\nError during processing.\n'
2026-06-16 15:06:03,374 [ERROR] OSD failed (doc CoroCAM 7 корокам.pdf, page: 0, OCR rectangle: 1, processed image file <tempfile._TemporaryFileWrapper object at 0x7a2aa740f6b0>):
 b'Estimating resolution as 695\nToo few characters. Skipping this page\nWarning. Invalid resolution 0 dpi. Using 70 instead.\nToo few characters. Skipping this page\nError during processing.\n'
2026-06-16 15:06:03,374 [INFO] command: tesseract -l rus+eng /tmp/tmpt80pi0la.png stdout tsv
2026-06-16 15:06:03,374 [INFO] command: tesseract -l rus+eng /tmp/tmpt80pi0la.png stdout tsv
2026-06-16 15:06:03,542 [INFO] command: tesseract --psm 0 -l osd /tmp/tmp0mi_42ge.png stdout
2026-06-16 15:06:03,542 [INFO] command: tesseract --psm 0 -l osd /tmp/tmp0mi_42ge.png stdout
2026-06-16 15:06:03,637 [ERROR] OSD failed (doc CoroCAM 7 корокам.pdf, page: 0, OCR rectangle: 2, processed image file <tempfile._TemporaryFileWrapper object at 0x7a2acc183ad0>):
 b'Too few characters. Skipping this page\nWarning. Invalid resolution 0 dpi. Using 70 instead.\nToo few characters. Skipping this page\nError during processing.\n'
2026-06-16 15:06:03,637 [ERROR] OSD failed (doc CoroCAM 7 корокам.pdf, page: 0, OCR rectangle: 2, processed image file <tempfile._TemporaryFileWrapper object at 0x7a2acc183ad0>):
 b'Too few characters. Skipping this page\nWarning. Invalid resolution 0 dpi. Using 70 instead.\nToo few characters. Skipping this page\nError during processing.\n'
2026-06-16 15:06:03,638 [INFO] command: tesseract -l rus+eng /tmp/tmp0mi_42ge.png stdout tsv
2026-06-16 15:06:03,638 [INFO] command: tesseract -l rus+eng /tmp/tmp0mi_42ge.png stdout tsv
2026-06-16 15:06:03,851 [INFO] command: tesseract --psm 0 -l osd /tmp/tmpmsmj_y4z.png stdout
2026-06-16 15:06:03,851 [INFO] command: tesseract --psm 0 -l osd /tmp/tmpmsmj_y4z.png stdout
2026-06-16 15:06:03,920 [ERROR] OSD failed (doc CoroCAM 7 корокам.pdf, page: 1, OCR rectangle: 0, processed image file <tempfile._TemporaryFileWrapper object at 0x7a2b88194d10>):
 b'Warning. Invalid resolution 0 dpi. Using 70 instead.\nToo few characters. Skipping this page\nError during processing.\n'
2026-06-16 15:06:03,920 [ERROR] OSD failed (doc CoroCAM 7 корокам.pdf, page: 1, OCR rectangle: 0, processed image file <tempfile._TemporaryFileWrapper object at 0x7a2b88194d10>):
 b'Warning. Invalid resolution 0 dpi. Using 70 instead.\nToo few characters. Skipping this page\nError during processing.\n'
2026-06-16 15:06:03,921 [INFO] command: tesseract -l rus+eng /tmp/tmpmsmj_y4z.png stdout tsv
2026-06-16 15:06:03,921 [INFO] command: tesseract -l rus+eng /tmp/tmpmsmj_y4z.png stdout tsv
2026-06-16 15:06:04,109 [INFO] command: tesseract --psm 0 -l osd /tmp/tmpirmf_gxx.png stdout
2026-06-16 15:06:04,109 [INFO] command: tesseract --psm 0 -l osd /tmp/tmpirmf_gxx.png stdout
2026-06-16 15:06:04,164 [ERROR] OSD failed (doc CoroCAM 7 корокам.pdf, page: 1, OCR rectangle: 1, processed image file <tempfile._TemporaryFileWrapper object at 0x7a2bb87141d0>):
 b'Estimating resolution as 791\nToo few characters. Skipping this page\nWarning. Invalid resolution 0 dpi. Using 70 instead.\nToo few characters. Skipping this page\nError during processing.\n'
2026-06-16 15:06:04,164 [ERROR] OSD failed (doc CoroCAM 7 корокам.pdf, page: 1, OCR rectangle: 1, processed image file <tempfile._TemporaryFileWrapper object at 0x7a2bb87141d0>):
 b'Estimating resolution as 791\nToo few characters. Skipping this page\nWarning. Invalid resolution 0 dpi. Using 70 instead.\nToo few characters. Skipping this page\nError during processing.\n'
2026-06-16 15:06:04,165 [INFO] command: tesseract -l rus+eng /tmp/tmpirmf_gxx.png stdout tsv
2026-06-16 15:06:04,165 [INFO] command: tesseract -l rus+eng /tmp/tmpirmf_gxx.png stdout tsv
2026-06-16 15:06:04,305 [INFO] command: tesseract --psm 0 -l osd /tmp/tmpzww8iivt.png stdout
2026-06-16 15:06:04,305 [INFO] command: tesseract --psm 0 -l osd /tmp/tmpzww8iivt.png stdout
2026-06-16 15:06:04,549 [INFO] command: tesseract -l rus+eng /tmp/tmpzww8iivt.png stdout tsv
2026-06-16 15:06:04,549 [INFO] command: tesseract -l rus+eng /tmp/tmpzww8iivt.png stdout tsv
2026-06-16 15:06:04,892 [INFO] command: tesseract --psm 0 -l osd /tmp/tmpgszl0b2f.png stdout
2026-06-16 15:06:04,892 [INFO] command: tesseract --psm 0 -l osd /tmp/tmpgszl0b2f.png stdout
2026-06-16 15:06:04,951 [ERROR] OSD failed (doc CoroCAM 7 корокам.pdf, page: 2, OCR rectangle: 0, processed image file <tempfile._TemporaryFileWrapper object at 0x7a2accce4d40>):
 b'Warning. Invalid resolution 0 dpi. Using 70 instead.\nToo few characters. Skipping this page\nError during processing.\n'
2026-06-16 15:06:04,951 [ERROR] OSD failed (doc CoroCAM 7 корокам.pdf, page: 2, OCR rectangle: 0, processed image file <tempfile._TemporaryFileWrapper object at 0x7a2accce4d40>):
 b'Warning. Invalid resolution 0 dpi. Using 70 instead.\nToo few characters. Skipping this page\nError during processing.\n'
2026-06-16 15:06:04,951 [INFO] command: tesseract -l rus+eng /tmp/tmpgszl0b2f.png stdout tsv
2026-06-16 15:06:04,951 [INFO] command: tesseract -l rus+eng /tmp/tmpgszl0b2f.png stdout tsv
2026-06-16 15:06:05,045 [INFO] command: tesseract --psm 0 -l osd /tmp/tmpw_k_jyxp.png stdout
2026-06-16 15:06:05,045 [INFO] command: tesseract --psm 0 -l osd /tmp/tmpw_k_jyxp.png stdout
2026-06-16 15:06:05,114 [ERROR] OSD failed (doc CoroCAM 7 корокам.pdf, page: 2, OCR rectangle: 1, processed image file <tempfile._TemporaryFileWrapper object at 0x7a2accce5d30>):
 b'Too few characters. Skipping this page\nWarning. Invalid resolution 0 dpi. Using 70 instead.\nToo few characters. Skipping this page\nError during processing.\n'
2026-06-16 15:06:05,114 [ERROR] OSD failed (doc CoroCAM 7 корокам.pdf, page: 2, OCR rectangle: 1, processed image file <tempfile._TemporaryFileWrapper object at 0x7a2accce5d30>):
 b'Too few characters. Skipping this page\nWarning. Invalid resolution 0 dpi. Using 70 instead.\nToo few characters. Skipping this page\nError during processing.\n'
2026-06-16 15:06:05,115 [INFO] command: tesseract -l rus+eng /tmp/tmpw_k_jyxp.png stdout tsv
2026-06-16 15:06:05,115 [INFO] command: tesseract -l rus+eng /tmp/tmpw_k_jyxp.png stdout tsv
2026-06-16 15:06:05,319 [INFO] command: tesseract --psm 0 -l osd /tmp/tmpv1gyy6ex.png stdout
2026-06-16 15:06:05,319 [INFO] command: tesseract --psm 0 -l osd /tmp/tmpv1gyy6ex.png stdout
2026-06-16 15:06:05,380 [ERROR] OSD failed (doc CoroCAM 7 корокам.pdf, page: 3, OCR rectangle: 0, processed image file <tempfile._TemporaryFileWrapper object at 0x7a2accce43e0>):
 b'Warning. Invalid resolution 0 dpi. Using 70 instead.\nToo few characters. Skipping this page\nError during processing.\n'
2026-06-16 15:06:05,380 [ERROR] OSD failed (doc CoroCAM 7 корокам.pdf, page: 3, OCR rectangle: 0, processed image file <tempfile._TemporaryFileWrapper object at 0x7a2accce43e0>):
 b'Warning. Invalid resolution 0 dpi. Using 70 instead.\nToo few characters. Skipping this page\nError during processing.\n'
2026-06-16 15:06:05,380 [INFO] command: tesseract -l rus+eng /tmp/tmpv1gyy6ex.png stdout tsv
2026-06-16 15:06:05,380 [INFO] command: tesseract -l rus+eng /tmp/tmpv1gyy6ex.png stdout tsv
2026-06-16 15:06:05,468 [INFO] command: tesseract --psm 0 -l osd /tmp/tmpfj01g90_.png stdout
2026-06-16 15:06:05,468 [INFO] command: tesseract --psm 0 -l osd /tmp/tmpfj01g90_.png stdout
2026-06-16 15:06:05,524 [ERROR] OSD failed (doc CoroCAM 7 корокам.pdf, page: 3, OCR rectangle: 1, processed image file <tempfile._TemporaryFileWrapper object at 0x7a2accce4c20>):
 b'Too few characters. Skipping this page\nWarning. Invalid resolution 0 dpi. Using 70 instead.\nToo few characters. Skipping this page\nError during processing.\n'
2026-06-16 15:06:05,524 [ERROR] OSD failed (doc CoroCAM 7 корокам.pdf, page: 3, OCR rectangle: 1, processed image file <tempfile._TemporaryFileWrapper object at 0x7a2accce4c20>):
 b'Too few characters. Skipping this page\nWarning. Invalid resolution 0 dpi. Using 70 instead.\nToo few characters. Skipping this page\nError during processing.\n'
2026-06-16 15:06:05,524 [INFO] command: tesseract -l rus+eng /tmp/tmpfj01g90_.png stdout tsv
2026-06-16 15:06:05,524 [INFO] command: tesseract -l rus+eng /tmp/tmpfj01g90_.png stdout tsv
2026-06-16 15:06:05,612 [INFO] command: tesseract --psm 0 -l osd /tmp/tmph3zgv_2t.png stdout
2026-06-16 15:06:05,612 [INFO] command: tesseract --psm 0 -l osd /tmp/tmph3zgv_2t.png stdout
2026-06-16 15:06:05,670 [ERROR] OSD failed (doc CoroCAM 7 корокам.pdf, page: 3, OCR rectangle: 2, processed image file <tempfile._TemporaryFileWrapper object at 0x7a2accce5550>):
 b'Too few characters. Skipping this page\nWarning. Invalid resolution 0 dpi. Using 70 instead.\nToo few characters. Skipping this page\nError during processing.\n'
2026-06-16 15:06:05,670 [ERROR] OSD failed (doc CoroCAM 7 корокам.pdf, page: 3, OCR rectangle: 2, processed image file <tempfile._TemporaryFileWrapper object at 0x7a2accce5550>):
 b'Too few characters. Skipping this page\nWarning. Invalid resolution 0 dpi. Using 70 instead.\nToo few characters. Skipping this page\nError during processing.\n'
2026-06-16 15:06:05,670 [INFO] command: tesseract -l rus+eng /tmp/tmph3zgv_2t.png stdout tsv
2026-06-16 15:06:05,670 [INFO] command: tesseract -l rus+eng /tmp/tmph3zgv_2t.png stdout tsv
2026-06-16 15:06:05,815 [INFO] command: tesseract --psm 0 -l osd /tmp/tmpiadj34pe.png stdout
2026-06-16 15:06:05,815 [INFO] command: tesseract --psm 0 -l osd /tmp/tmpiadj34pe.png stdout
2026-06-16 15:06:05,876 [ERROR] OSD failed (doc CoroCAM 7 корокам.pdf, page: 0, OCR rectangle: 0, processed image file <tempfile._TemporaryFileWrapper object at 0x7a2accce4e30>):
 b'Warning. Invalid resolution 0 dpi. Using 70 instead.\nToo few characters. Skipping this page\nError during processing.\n'
2026-06-16 15:06:05,876 [ERROR] OSD failed (doc CoroCAM 7 корокам.pdf, page: 0, OCR rectangle: 0, processed image file <tempfile._TemporaryFileWrapper object at 0x7a2accce4e30>):
 b'Warning. Invalid resolution 0 dpi. Using 70 instead.\nToo few characters. Skipping this page\nError during processing.\n'
2026-06-16 15:06:05,876 [INFO] command: tesseract -l rus+eng /tmp/tmpiadj34pe.png stdout tsv
2026-06-16 15:06:05,876 [INFO] command: tesseract -l rus+eng /tmp/tmpiadj34pe.png stdout tsv
2026-06-16 15:06:06,163 [INFO] command: tesseract --psm 0 -l osd /tmp/tmpiq_9u0e7.png stdout
2026-06-16 15:06:06,163 [INFO] command: tesseract --psm 0 -l osd /tmp/tmpiq_9u0e7.png stdout
2026-06-16 15:06:06,601 [INFO] command: tesseract -l rus+eng /tmp/tmpiq_9u0e7.png stdout tsv
2026-06-16 15:06:06,601 [INFO] command: tesseract -l rus+eng /tmp/tmpiq_9u0e7.png stdout tsv
2026-06-16 15:06:07,280 [INFO] command: tesseract --psm 0 -l osd /tmp/tmppk3als7q.png stdout
2026-06-16 15:06:07,280 [INFO] command: tesseract --psm 0 -l osd /tmp/tmppk3als7q.png stdout
2026-06-16 15:06:07,337 [ERROR] OSD failed (doc CoroCAM 7 корокам.pdf, page: 1, OCR rectangle: 0, processed image file <tempfile._TemporaryFileWrapper object at 0x7a2aa75fc230>):
 b'Warning. Invalid resolution 0 dpi. Using 70 instead.\nToo few characters. Skipping this page\nError during processing.\n'
2026-06-16 15:06:07,337 [ERROR] OSD failed (doc CoroCAM 7 корокам.pdf, page: 1, OCR rectangle: 0, processed image file <tempfile._TemporaryFileWrapper object at 0x7a2aa75fc230>):
 b'Warning. Invalid resolution 0 dpi. Using 70 instead.\nToo few characters. Skipping this page\nError during processing.\n'
2026-06-16 15:06:07,337 [INFO] command: tesseract -l rus+eng /tmp/tmppk3als7q.png stdout tsv
2026-06-16 15:06:07,337 [INFO] command: tesseract -l rus+eng /tmp/tmppk3als7q.png stdout tsv
2026-06-16 15:06:07,542 [INFO] command: tesseract --psm 0 -l osd /tmp/tmpdp0x15tj.png stdout
2026-06-16 15:06:07,542 [INFO] command: tesseract --psm 0 -l osd /tmp/tmpdp0x15tj.png stdout
2026-06-16 15:06:07,808 [INFO] command: tesseract -l rus+eng /tmp/tmpdp0x15tj.png stdout tsv
2026-06-16 15:06:07,808 [INFO] command: tesseract -l rus+eng /tmp/tmpdp0x15tj.png stdout tsv
2026-06-16 15:06:08,047 [INFO] command: tesseract --psm 0 -l osd /tmp/tmpjfgj7n08.png stdout
2026-06-16 15:06:08,047 [INFO] command: tesseract --psm 0 -l osd /tmp/tmpjfgj7n08.png stdout
2026-06-16 15:06:08,102 [ERROR] OSD failed (doc CoroCAM 7 корокам.pdf, page: 1, OCR rectangle: 2, processed image file <tempfile._TemporaryFileWrapper object at 0x7a2aa75fd4f0>):
 b'Estimating resolution as 406\nToo few characters. Skipping this page\nWarning. Invalid resolution 0 dpi. Using 70 instead.\nToo few characters. Skipping this page\nError during processing.\n'
2026-06-16 15:06:08,102 [ERROR] OSD failed (doc CoroCAM 7 корокам.pdf, page: 1, OCR rectangle: 2, processed image file <tempfile._TemporaryFileWrapper object at 0x7a2aa75fd4f0>):
 b'Estimating resolution as 406\nToo few characters. Skipping this page\nWarning. Invalid resolution 0 dpi. Using 70 instead.\nToo few characters. Skipping this page\nError during processing.\n'
2026-06-16 15:06:08,102 [INFO] command: tesseract -l rus+eng /tmp/tmpjfgj7n08.png stdout tsv
2026-06-16 15:06:08,102 [INFO] command: tesseract -l rus+eng /tmp/tmpjfgj7n08.png stdout tsv
2026-06-16 15:06:08,251 [INFO] command: tesseract --psm 0 -l osd /tmp/tmp_dg7pbw5.png stdout
2026-06-16 15:06:08,251 [INFO] command: tesseract --psm 0 -l osd /tmp/tmp_dg7pbw5.png stdout
2026-06-16 15:06:08,309 [ERROR] OSD failed (doc CoroCAM 7 корокам.pdf, page: 2, OCR rectangle: 0, processed image file <tempfile._TemporaryFileWrapper object at 0x7a2aa75fe510>):
 b'Warning. Invalid resolution 0 dpi. Using 70 instead.\nToo few characters. Skipping this page\nError during processing.\n'
2026-06-16 15:06:08,309 [ERROR] OSD failed (doc CoroCAM 7 корокам.pdf, page: 2, OCR rectangle: 0, processed image file <tempfile._TemporaryFileWrapper object at 0x7a2aa75fe510>):
 b'Warning. Invalid resolution 0 dpi. Using 70 instead.\nToo few characters. Skipping this page\nError during processing.\n'
2026-06-16 15:06:08,309 [INFO] command: tesseract -l rus+eng /tmp/tmp_dg7pbw5.png stdout tsv
2026-06-16 15:06:08,309 [INFO] command: tesseract -l rus+eng /tmp/tmp_dg7pbw5.png stdout tsv
2026-06-16 15:06:08,583 [INFO] command: tesseract --psm 0 -l osd /tmp/tmpqa2awcnf.png stdout
2026-06-16 15:06:08,583 [INFO] command: tesseract --psm 0 -l osd /tmp/tmpqa2awcnf.png stdout
2026-06-16 15:06:08,813 [ERROR] OSD failed (doc CoroCAM 7 корокам.pdf, page: 2, OCR rectangle: 1, processed image file <tempfile._TemporaryFileWrapper object at 0x7a2aa75fef60>):
 b'Estimating resolution as 984\nWarning. Invalid resolution 0 dpi. Using 70 instead.\nToo few characters. Skipping this page\nError during processing.\n'
2026-06-16 15:06:08,813 [ERROR] OSD failed (doc CoroCAM 7 корокам.pdf, page: 2, OCR rectangle: 1, processed image file <tempfile._TemporaryFileWrapper object at 0x7a2aa75fef60>):
 b'Estimating resolution as 984\nWarning. Invalid resolution 0 dpi. Using 70 instead.\nToo few characters. Skipping this page\nError during processing.\n'
2026-06-16 15:06:08,813 [INFO] command: tesseract -l rus+eng /tmp/tmpqa2awcnf.png stdout tsv
2026-06-16 15:06:08,813 [INFO] command: tesseract -l rus+eng /tmp/tmpqa2awcnf.png stdout tsv
2026-06-16 15:06:09,104 [INFO] command: tesseract --psm 0 -l osd /tmp/tmp8pn1qxbo.png stdout
2026-06-16 15:06:09,104 [INFO] command: tesseract --psm 0 -l osd /tmp/tmp8pn1qxbo.png stdout
2026-06-16 15:06:09,162 [ERROR] OSD failed (doc CoroCAM 7 корокам.pdf, page: 3, OCR rectangle: 0, processed image file <tempfile._TemporaryFileWrapper object at 0x7a2aa75ff230>):
 b'Warning. Invalid resolution 0 dpi. Using 70 instead.\nToo few characters. Skipping this page\nError during processing.\n'
2026-06-16 15:06:09,162 [ERROR] OSD failed (doc CoroCAM 7 корокам.pdf, page: 3, OCR rectangle: 0, processed image file <tempfile._TemporaryFileWrapper object at 0x7a2aa75ff230>):
 b'Warning. Invalid resolution 0 dpi. Using 70 instead.\nToo few characters. Skipping this page\nError during processing.\n'
2026-06-16 15:06:09,162 [INFO] command: tesseract -l rus+eng /tmp/tmp8pn1qxbo.png stdout tsv
2026-06-16 15:06:09,162 [INFO] command: tesseract -l rus+eng /tmp/tmp8pn1qxbo.png stdout tsv
2026-06-16 15:06:09,386 [INFO] command: tesseract --psm 0 -l osd /tmp/tmpaqykn__v.png stdout
2026-06-16 15:06:09,386 [INFO] command: tesseract --psm 0 -l osd /tmp/tmpaqykn__v.png stdout
2026-06-16 15:06:09,728 [INFO] command: tesseract -l rus+eng /tmp/tmpaqykn__v.png stdout tsv
2026-06-16 15:06:09,728 [INFO] command: tesseract -l rus+eng /tmp/tmpaqykn__v.png stdout tsv
2026-06-16 15:06:10,049 [INFO] command: tesseract --psm 0 -l osd /tmp/tmpu8rhh292.png stdout
2026-06-16 15:06:10,049 [INFO] command: tesseract --psm 0 -l osd /tmp/tmpu8rhh292.png stdout
2026-06-16 15:06:10,106 [ERROR] OSD failed (doc CoroCAM 7 корокам.pdf, page: 0, OCR rectangle: 0, processed image file <tempfile._TemporaryFileWrapper object at 0x7a2aa75fcb90>):
 b'Warning. Invalid resolution 0 dpi. Using 70 instead.\nToo few characters. Skipping this page\nError during processing.\n'
2026-06-16 15:06:10,106 [ERROR] OSD failed (doc CoroCAM 7 корокам.pdf, page: 0, OCR rectangle: 0, processed image file <tempfile._TemporaryFileWrapper object at 0x7a2aa75fcb90>):
 b'Warning. Invalid resolution 0 dpi. Using 70 instead.\nToo few characters. Skipping this page\nError during processing.\n'
2026-06-16 15:06:10,106 [INFO] command: tesseract -l rus+eng /tmp/tmpu8rhh292.png stdout tsv
2026-06-16 15:06:10,106 [INFO] command: tesseract -l rus+eng /tmp/tmpu8rhh292.png stdout tsv
2026-06-16 15:06:10,338 [INFO] command: tesseract --psm 0 -l osd /tmp/tmpxiqc6a4w.png stdout
2026-06-16 15:06:10,338 [INFO] command: tesseract --psm 0 -l osd /tmp/tmpxiqc6a4w.png stdout
2026-06-16 15:06:10,563 [INFO] command: tesseract -l rus+eng /tmp/tmpxiqc6a4w.png stdout tsv
2026-06-16 15:06:10,563 [INFO] command: tesseract -l rus+eng /tmp/tmpxiqc6a4w.png stdout tsv
2026-06-16 15:06:11,101 [INFO] command: tesseract --psm 0 -l osd /tmp/tmpbldhctk1.png stdout
2026-06-16 15:06:11,101 [INFO] command: tesseract --psm 0 -l osd /tmp/tmpbldhctk1.png stdout
2026-06-16 15:06:11,169 [ERROR] OSD failed (doc CoroCAM 7 корокам.pdf, page: 3, OCR rectangle: 0, processed image file <tempfile._TemporaryFileWrapper object at 0x7a2bb85b7110>):
 b'Warning. Invalid resolution 0 dpi. Using 70 instead.\nToo few characters. Skipping this page\nError during processing.\n'
2026-06-16 15:06:11,169 [ERROR] OSD failed (doc CoroCAM 7 корокам.pdf, page: 3, OCR rectangle: 0, processed image file <tempfile._TemporaryFileWrapper object at 0x7a2bb85b7110>):
 b'Warning. Invalid resolution 0 dpi. Using 70 instead.\nToo few characters. Skipping this page\nError during processing.\n'
2026-06-16 15:06:11,169 [INFO] command: tesseract -l rus+eng /tmp/tmpbldhctk1.png stdout tsv
2026-06-16 15:06:11,169 [INFO] command: tesseract -l rus+eng /tmp/tmpbldhctk1.png stdout tsv
2026-06-16 15:06:11,600 [INFO] command: tesseract --psm 0 -l osd /tmp/tmpymfalb_x.png stdout
2026-06-16 15:06:11,600 [INFO] command: tesseract --psm 0 -l osd /tmp/tmpymfalb_x.png stdout
2026-06-16 15:06:11,923 [INFO] command: tesseract -l rus+eng /tmp/tmpymfalb_x.png stdout tsv
2026-06-16 15:06:11,923 [INFO] command: tesseract -l rus+eng /tmp/tmpymfalb_x.png stdout tsv
2026-06-16 15:06:12,482 [INFO] command: tesseract --psm 0 -l osd /tmp/tmphmazhhy1.png stdout
2026-06-16 15:06:12,482 [INFO] command: tesseract --psm 0 -l osd /tmp/tmphmazhhy1.png stdout
2026-06-16 15:06:12,976 [INFO] command: tesseract -l rus+eng /tmp/tmphmazhhy1.png stdout tsv
2026-06-16 15:06:12,976 [INFO] command: tesseract -l rus+eng /tmp/tmphmazhhy1.png stdout tsv
2026-06-16 15:06:14,142 [INFO] command: tesseract --psm 0 -l osd /tmp/tmp_rshf5yn.png stdout
2026-06-16 15:06:14,142 [INFO] command: tesseract --psm 0 -l osd /tmp/tmp_rshf5yn.png stdout
2026-06-16 15:06:14,369 [ERROR] OSD failed (doc CoroCAM 7 корокам.pdf, page: 1, OCR rectangle: 0, processed image file <tempfile._TemporaryFileWrapper object at 0x7a2bb82066c0>):
 b'Estimating resolution as 702\nToo few characters. Skipping this page\nWarning. Invalid resolution 0 dpi. Using 70 instead.\nToo few characters. Skipping this page\nError during processing.\n'
2026-06-16 15:06:14,369 [ERROR] OSD failed (doc CoroCAM 7 корокам.pdf, page: 1, OCR rectangle: 0, processed image file <tempfile._TemporaryFileWrapper object at 0x7a2bb82066c0>):
 b'Estimating resolution as 702\nToo few characters. Skipping this page\nWarning. Invalid resolution 0 dpi. Using 70 instead.\nToo few characters. Skipping this page\nError during processing.\n'
2026-06-16 15:06:14,369 [INFO] command: tesseract -l rus+eng /tmp/tmp_rshf5yn.png stdout tsv
2026-06-16 15:06:14,369 [INFO] command: tesseract -l rus+eng /tmp/tmp_rshf5yn.png stdout tsv
2026-06-16 15:06:14,668 [INFO] command: tesseract --psm 0 -l osd /tmp/tmpb3kqbr7u.png stdout
2026-06-16 15:06:14,668 [INFO] command: tesseract --psm 0 -l osd /tmp/tmpb3kqbr7u.png stdout
2026-06-16 15:06:14,729 [ERROR] OSD failed (doc CoroCAM 7 корокам.pdf, page: 2, OCR rectangle: 0, processed image file <tempfile._TemporaryFileWrapper object at 0x7a2bb82062d0>):
 b'Warning. Invalid resolution 0 dpi. Using 70 instead.\nToo few characters. Skipping this page\nError during processing.\n'
2026-06-16 15:06:14,729 [ERROR] OSD failed (doc CoroCAM 7 корокам.pdf, page: 2, OCR rectangle: 0, processed image file <tempfile._TemporaryFileWrapper object at 0x7a2bb82062d0>):
 b'Warning. Invalid resolution 0 dpi. Using 70 instead.\nToo few characters. Skipping this page\nError during processing.\n'
2026-06-16 15:06:14,729 [INFO] command: tesseract -l rus+eng /tmp/tmpb3kqbr7u.png stdout tsv
2026-06-16 15:06:14,729 [INFO] command: tesseract -l rus+eng /tmp/tmpb3kqbr7u.png stdout tsv
2026-06-16 15:06:15,041 [INFO] command: tesseract --psm 0 -l osd /tmp/tmp83jdcdcc.png stdout
2026-06-16 15:06:15,041 [INFO] command: tesseract --psm 0 -l osd /tmp/tmp83jdcdcc.png stdout
2026-06-16 15:06:15,332 [INFO] command: tesseract -l rus+eng /tmp/tmp83jdcdcc.png stdout tsv
2026-06-16 15:06:15,332 [INFO] command: tesseract -l rus+eng /tmp/tmp83jdcdcc.png stdout tsv
2026-06-16 15:06:15,720 [INFO] command: tesseract --psm 0 -l osd /tmp/tmp2sqhey00.png stdout
2026-06-16 15:06:15,720 [INFO] command: tesseract --psm 0 -l osd /tmp/tmp2sqhey00.png stdout
2026-06-16 15:06:15,777 [ERROR] OSD failed (doc CoroCAM 7 корокам.pdf, page: 3, OCR rectangle: 0, processed image file <tempfile._TemporaryFileWrapper object at 0x7a2bb8205e80>):
 b'Warning. Invalid resolution 0 dpi. Using 70 instead.\nToo few characters. Skipping this page\nError during processing.\n'
2026-06-16 15:06:15,777 [ERROR] OSD failed (doc CoroCAM 7 корокам.pdf, page: 3, OCR rectangle: 0, processed image file <tempfile._TemporaryFileWrapper object at 0x7a2bb8205e80>):
 b'Warning. Invalid resolution 0 dpi. Using 70 instead.\nToo few characters. Skipping this page\nError during processing.\n'
2026-06-16 15:06:15,778 [INFO] command: tesseract -l rus+eng /tmp/tmp2sqhey00.png stdout tsv
2026-06-16 15:06:15,778 [INFO] command: tesseract -l rus+eng /tmp/tmp2sqhey00.png stdout tsv
2026-06-16 15:06:16,154 [INFO] command: tesseract --psm 0 -l osd /tmp/tmpervl0h1f.png stdout
2026-06-16 15:06:16,154 [INFO] command: tesseract --psm 0 -l osd /tmp/tmpervl0h1f.png stdout
2026-06-16 15:06:16,360 [ERROR] OSD failed (doc CoroCAM 7 корокам.pdf, page: 3, OCR rectangle: 1, processed image file <tempfile._TemporaryFileWrapper object at 0x7a2bb8205d00>):
 b'Estimating resolution as 563\nWarning. Invalid resolution 0 dpi. Using 70 instead.\nToo few characters. Skipping this page\nError during processing.\n'
2026-06-16 15:06:16,360 [ERROR] OSD failed (doc CoroCAM 7 корокам.pdf, page: 3, OCR rectangle: 1, processed image file <tempfile._TemporaryFileWrapper object at 0x7a2bb8205d00>):
 b'Estimating resolution as 563\nWarning. Invalid resolution 0 dpi. Using 70 instead.\nToo few characters. Skipping this page\nError during processing.\n'
2026-06-16 15:06:16,360 [INFO] command: tesseract -l rus+eng /tmp/tmpervl0h1f.png stdout tsv
2026-06-16 15:06:16,360 [INFO] command: tesseract -l rus+eng /tmp/tmpervl0h1f.png stdout tsv
2026-06-16 15:06:16,684 [INFO] command: tesseract --psm 0 -l osd /tmp/tmpx8gdn3c3.png stdout
2026-06-16 15:06:16,684 [INFO] command: tesseract --psm 0 -l osd /tmp/tmpx8gdn3c3.png stdout
2026-06-16 15:06:16,742 [ERROR] OSD failed (doc CoroCAM 7 корокам.pdf, page: 0, OCR rectangle: 0, processed image file <tempfile._TemporaryFileWrapper object at 0x7a2bb82041d0>):
 b'Warning. Invalid resolution 0 dpi. Using 70 instead.\nToo few characters. Skipping this page\nError during processing.\n'
2026-06-16 15:06:16,742 [ERROR] OSD failed (doc CoroCAM 7 корокам.pdf, page: 0, OCR rectangle: 0, processed image file <tempfile._TemporaryFileWrapper object at 0x7a2bb82041d0>):
 b'Warning. Invalid resolution 0 dpi. Using 70 instead.\nToo few characters. Skipping this page\nError during processing.\n'
2026-06-16 15:06:16,742 [INFO] command: tesseract -l rus+eng /tmp/tmpx8gdn3c3.png stdout tsv
2026-06-16 15:06:16,742 [INFO] command: tesseract -l rus+eng /tmp/tmpx8gdn3c3.png stdout tsv
2026-06-16 15:06:16,822 [INFO] command: tesseract --psm 0 -l osd /tmp/tmp7y0o7a1_.png stdout
2026-06-16 15:06:16,822 [INFO] command: tesseract --psm 0 -l osd /tmp/tmp7y0o7a1_.png stdout
2026-06-16 15:06:16,873 [ERROR] OSD failed (doc CoroCAM 7 корокам.pdf, page: 0, OCR rectangle: 1, processed image file <tempfile._TemporaryFileWrapper object at 0x7a2accdbcc80>):
 b'Warning. Invalid resolution 0 dpi. Using 70 instead.\nToo few characters. Skipping this page\nError during processing.\n'
2026-06-16 15:06:16,873 [ERROR] OSD failed (doc CoroCAM 7 корокам.pdf, page: 0, OCR rectangle: 1, processed image file <tempfile._TemporaryFileWrapper object at 0x7a2accdbcc80>):
 b'Warning. Invalid resolution 0 dpi. Using 70 instead.\nToo few characters. Skipping this page\nError during processing.\n'
2026-06-16 15:06:16,873 [INFO] command: tesseract -l rus+eng /tmp/tmp7y0o7a1_.png stdout tsv
2026-06-16 15:06:16,873 [INFO] command: tesseract -l rus+eng /tmp/tmp7y0o7a1_.png stdout tsv
2026-06-16 15:06:16,947 [INFO] command: tesseract --psm 0 -l osd /tmp/tmpi0r7l5g8.png stdout
2026-06-16 15:06:16,947 [INFO] command: tesseract --psm 0 -l osd /tmp/tmpi0r7l5g8.png stdout
2026-06-16 15:06:17,004 [ERROR] OSD failed (doc CoroCAM 7 корокам.pdf, page: 0, OCR rectangle: 2, processed image file <tempfile._TemporaryFileWrapper object at 0x7a2accdbcce0>):
 b'Estimating resolution as 600\nToo few characters. Skipping this page\nWarning. Invalid resolution 0 dpi. Using 70 instead.\nToo few characters. Skipping this page\nError during processing.\n'
2026-06-16 15:06:17,004 [ERROR] OSD failed (doc CoroCAM 7 корокам.pdf, page: 0, OCR rectangle: 2, processed image file <tempfile._TemporaryFileWrapper object at 0x7a2accdbcce0>):
 b'Estimating resolution as 600\nToo few characters. Skipping this page\nWarning. Invalid resolution 0 dpi. Using 70 instead.\nToo few characters. Skipping this page\nError during processing.\n'
2026-06-16 15:06:17,005 [INFO] command: tesseract -l rus+eng /tmp/tmpi0r7l5g8.png stdout tsv
2026-06-16 15:06:17,005 [INFO] command: tesseract -l rus+eng /tmp/tmpi0r7l5g8.png stdout tsv
2026-06-16 15:06:17,085 [INFO] command: tesseract --psm 0 -l osd /tmp/tmpo082drds.png stdout
2026-06-16 15:06:17,085 [INFO] command: tesseract --psm 0 -l osd /tmp/tmpo082drds.png stdout
2026-06-16 15:06:17,137 [ERROR] OSD failed (doc CoroCAM 7 корокам.pdf, page: 0, OCR rectangle: 3, processed image file <tempfile._TemporaryFileWrapper object at 0x7a2accdbd970>):
 b'Estimating resolution as 413\nToo few characters. Skipping this page\nWarning. Invalid resolution 0 dpi. Using 70 instead.\nToo few characters. Skipping this page\nError during processing.\n'
2026-06-16 15:06:17,137 [ERROR] OSD failed (doc CoroCAM 7 корокам.pdf, page: 0, OCR rectangle: 3, processed image file <tempfile._TemporaryFileWrapper object at 0x7a2accdbd970>):
 b'Estimating resolution as 413\nToo few characters. Skipping this page\nWarning. Invalid resolution 0 dpi. Using 70 instead.\nToo few characters. Skipping this page\nError during processing.\n'
2026-06-16 15:06:17,137 [INFO] command: tesseract -l rus+eng /tmp/tmpo082drds.png stdout tsv
2026-06-16 15:06:17,137 [INFO] command: tesseract -l rus+eng /tmp/tmpo082drds.png stdout tsv
2026-06-16 15:06:17,221 [INFO] command: tesseract --psm 0 -l osd /tmp/tmp5op8s6dq.png stdout
2026-06-16 15:06:17,221 [INFO] command: tesseract --psm 0 -l osd /tmp/tmp5op8s6dq.png stdout
2026-06-16 15:06:17,274 [ERROR] OSD failed (doc CoroCAM 7 корокам.pdf, page: 0, OCR rectangle: 4, processed image file <tempfile._TemporaryFileWrapper object at 0x7a2accdbcd70>):
 b'Estimating resolution as 438\nToo few characters. Skipping this page\nWarning. Invalid resolution 0 dpi. Using 70 instead.\nToo few characters. Skipping this page\nError during processing.\n'
2026-06-16 15:06:17,274 [ERROR] OSD failed (doc CoroCAM 7 корокам.pdf, page: 0, OCR rectangle: 4, processed image file <tempfile._TemporaryFileWrapper object at 0x7a2accdbcd70>):
 b'Estimating resolution as 438\nToo few characters. Skipping this page\nWarning. Invalid resolution 0 dpi. Using 70 instead.\nToo few characters. Skipping this page\nError during processing.\n'
2026-06-16 15:06:17,274 [INFO] command: tesseract -l rus+eng /tmp/tmp5op8s6dq.png stdout tsv
2026-06-16 15:06:17,274 [INFO] command: tesseract -l rus+eng /tmp/tmp5op8s6dq.png stdout tsv
2026-06-16 15:06:17,626 [INFO] command: tesseract --psm 0 -l osd /tmp/tmplvrhpci9.png stdout
2026-06-16 15:06:17,626 [INFO] command: tesseract --psm 0 -l osd /tmp/tmplvrhpci9.png stdout
2026-06-16 15:06:17,685 [ERROR] OSD failed (doc CoroCAM 7 корокам.pdf, page: 2, OCR rectangle: 0, processed image file <tempfile._TemporaryFileWrapper object at 0x7a2accdbd0d0>):
 b'Warning. Invalid resolution 0 dpi. Using 70 instead.\nToo few characters. Skipping this page\nError during processing.\n'
2026-06-16 15:06:17,685 [ERROR] OSD failed (doc CoroCAM 7 корокам.pdf, page: 2, OCR rectangle: 0, processed image file <tempfile._TemporaryFileWrapper object at 0x7a2accdbd0d0>):
 b'Warning. Invalid resolution 0 dpi. Using 70 instead.\nToo few characters. Skipping this page\nError during processing.\n'
2026-06-16 15:06:17,685 [INFO] command: tesseract -l rus+eng /tmp/tmplvrhpci9.png stdout tsv
2026-06-16 15:06:17,685 [INFO] command: tesseract -l rus+eng /tmp/tmplvrhpci9.png stdout tsv
2026-06-16 15:06:17,763 [INFO] command: tesseract --psm 0 -l osd /tmp/tmpktjxne8b.png stdout
2026-06-16 15:06:17,763 [INFO] command: tesseract --psm 0 -l osd /tmp/tmpktjxne8b.png stdout
2026-06-16 15:06:17,816 [ERROR] OSD failed (doc CoroCAM 7 корокам.pdf, page: 2, OCR rectangle: 1, processed image file <tempfile._TemporaryFileWrapper object at 0x7a2accdbd100>):
 b'Estimating resolution as 538\nToo few characters. Skipping this page\nWarning. Invalid resolution 0 dpi. Using 70 instead.\nToo few characters. Skipping this page\nError during processing.\n'
2026-06-16 15:06:17,816 [ERROR] OSD failed (doc CoroCAM 7 корокам.pdf, page: 2, OCR rectangle: 1, processed image file <tempfile._TemporaryFileWrapper object at 0x7a2accdbd100>):
 b'Estimating resolution as 538\nToo few characters. Skipping this page\nWarning. Invalid resolution 0 dpi. Using 70 instead.\nToo few characters. Skipping this page\nError during processing.\n'
2026-06-16 15:06:17,816 [INFO] command: tesseract -l rus+eng /tmp/tmpktjxne8b.png stdout tsv
2026-06-16 15:06:17,816 [INFO] command: tesseract -l rus+eng /tmp/tmpktjxne8b.png stdout tsv
2026-06-16 15:06:17,891 [INFO] command: tesseract --psm 0 -l osd /tmp/tmpzkpjo4et.png stdout
2026-06-16 15:06:17,891 [INFO] command: tesseract --psm 0 -l osd /tmp/tmpzkpjo4et.png stdout
2026-06-16 15:06:17,946 [ERROR] OSD failed (doc CoroCAM 7 корокам.pdf, page: 2, OCR rectangle: 2, processed image file <tempfile._TemporaryFileWrapper object at 0x7a2accdbc6b0>):
 b'Warning. Invalid resolution 0 dpi. Using 70 instead.\nToo few characters. Skipping this page\nError during processing.\n'
2026-06-16 15:06:17,946 [ERROR] OSD failed (doc CoroCAM 7 корокам.pdf, page: 2, OCR rectangle: 2, processed image file <tempfile._TemporaryFileWrapper object at 0x7a2accdbc6b0>):
 b'Warning. Invalid resolution 0 dpi. Using 70 instead.\nToo few characters. Skipping this page\nError during processing.\n'
2026-06-16 15:06:17,946 [INFO] command: tesseract -l rus+eng /tmp/tmpzkpjo4et.png stdout tsv
2026-06-16 15:06:17,946 [INFO] command: tesseract -l rus+eng /tmp/tmpzkpjo4et.png stdout tsv
2026-06-16 15:06:18,021 [INFO] command: tesseract --psm 0 -l osd /tmp/tmpqb52t8_t.png stdout
2026-06-16 15:06:18,021 [INFO] command: tesseract --psm 0 -l osd /tmp/tmpqb52t8_t.png stdout
2026-06-16 15:06:18,088 [ERROR] OSD failed (doc CoroCAM 7 корокам.pdf, page: 2, OCR rectangle: 3, processed image file <tempfile._TemporaryFileWrapper object at 0x7a2accdbc470>):
 b'Estimating resolution as 250\nToo few characters. Skipping this page\nWarning. Invalid resolution 0 dpi. Using 70 instead.\nToo few characters. Skipping this page\nError during processing.\n'
2026-06-16 15:06:18,088 [ERROR] OSD failed (doc CoroCAM 7 корокам.pdf, page: 2, OCR rectangle: 3, processed image file <tempfile._TemporaryFileWrapper object at 0x7a2accdbc470>):
 b'Estimating resolution as 250\nToo few characters. Skipping this page\nWarning. Invalid resolution 0 dpi. Using 70 instead.\nToo few characters. Skipping this page\nError during processing.\n'
2026-06-16 15:06:18,088 [INFO] command: tesseract -l rus+eng /tmp/tmpqb52t8_t.png stdout tsv
2026-06-16 15:06:18,088 [INFO] command: tesseract -l rus+eng /tmp/tmpqb52t8_t.png stdout tsv
2026-06-16 15:06:18,171 [INFO] command: tesseract --psm 0 -l osd /tmp/tmpj5ym930k.png stdout
2026-06-16 15:06:18,171 [INFO] command: tesseract --psm 0 -l osd /tmp/tmpj5ym930k.png stdout
2026-06-16 15:06:18,229 [ERROR] OSD failed (doc CoroCAM 7 корокам.pdf, page: 2, OCR rectangle: 4, processed image file <tempfile._TemporaryFileWrapper object at 0x7a2accdbc860>):
 b'Estimating resolution as 669\nToo few characters. Skipping this page\nWarning. Invalid resolution 0 dpi. Using 70 instead.\nToo few characters. Skipping this page\nError during processing.\n'
2026-06-16 15:06:18,229 [ERROR] OSD failed (doc CoroCAM 7 корокам.pdf, page: 2, OCR rectangle: 4, processed image file <tempfile._TemporaryFileWrapper object at 0x7a2accdbc860>):
 b'Estimating resolution as 669\nToo few characters. Skipping this page\nWarning. Invalid resolution 0 dpi. Using 70 instead.\nToo few characters. Skipping this page\nError during processing.\n'
2026-06-16 15:06:18,229 [INFO] command: tesseract -l rus+eng /tmp/tmpj5ym930k.png stdout tsv
2026-06-16 15:06:18,229 [INFO] command: tesseract -l rus+eng /tmp/tmpj5ym930k.png stdout tsv
2026-06-16 15:06:18,304 [INFO] command: tesseract --psm 0 -l osd /tmp/tmp5zaybp8t.png stdout
2026-06-16 15:06:18,304 [INFO] command: tesseract --psm 0 -l osd /tmp/tmp5zaybp8t.png stdout
2026-06-16 15:06:18,358 [ERROR] OSD failed (doc CoroCAM 7 корокам.pdf, page: 2, OCR rectangle: 5, processed image file <tempfile._TemporaryFileWrapper object at 0x7a2accdbc650>):
 b'Estimating resolution as 688\nToo few characters. Skipping this page\nWarning. Invalid resolution 0 dpi. Using 70 instead.\nToo few characters. Skipping this page\nError during processing.\n'
2026-06-16 15:06:18,358 [ERROR] OSD failed (doc CoroCAM 7 корокам.pdf, page: 2, OCR rectangle: 5, processed image file <tempfile._TemporaryFileWrapper object at 0x7a2accdbc650>):
 b'Estimating resolution as 688\nToo few characters. Skipping this page\nWarning. Invalid resolution 0 dpi. Using 70 instead.\nToo few characters. Skipping this page\nError during processing.\n'
2026-06-16 15:06:18,358 [INFO] command: tesseract -l rus+eng /tmp/tmp5zaybp8t.png stdout tsv
2026-06-16 15:06:18,358 [INFO] command: tesseract -l rus+eng /tmp/tmp5zaybp8t.png stdout tsv
2026-06-16 15:06:18,907 [INFO] command: tesseract --psm 0 -l osd /tmp/tmpheu_ao_w.png stdout
2026-06-16 15:06:18,907 [INFO] command: tesseract --psm 0 -l osd /tmp/tmpheu_ao_w.png stdout
2026-06-16 15:06:18,966 [ERROR] OSD failed (doc CoroCAM 7 корокам.pdf, page: 2, OCR rectangle: 0, processed image file <tempfile._TemporaryFileWrapper object at 0x7a2aa795a990>):
 b'Warning. Invalid resolution 0 dpi. Using 70 instead.\nToo few characters. Skipping this page\nError during processing.\n'
2026-06-16 15:06:18,966 [ERROR] OSD failed (doc CoroCAM 7 корокам.pdf, page: 2, OCR rectangle: 0, processed image file <tempfile._TemporaryFileWrapper object at 0x7a2aa795a990>):
 b'Warning. Invalid resolution 0 dpi. Using 70 instead.\nToo few characters. Skipping this page\nError during processing.\n'
2026-06-16 15:06:18,966 [INFO] command: tesseract -l rus+eng /tmp/tmpheu_ao_w.png stdout tsv
2026-06-16 15:06:18,966 [INFO] command: tesseract -l rus+eng /tmp/tmpheu_ao_w.png stdout tsv
2026-06-16 15:06:19,054 [INFO] command: tesseract --psm 0 -l osd /tmp/tmpgqer34kk.png stdout
2026-06-16 15:06:19,054 [INFO] command: tesseract --psm 0 -l osd /tmp/tmpgqer34kk.png stdout
2026-06-16 15:06:19,110 [ERROR] OSD failed (doc CoroCAM 7 корокам.pdf, page: 2, OCR rectangle: 1, processed image file <tempfile._TemporaryFileWrapper object at 0x7a2aa795b0e0>):
 b'Estimating resolution as 424\nToo few characters. Skipping this page\nWarning. Invalid resolution 0 dpi. Using 70 instead.\nToo few characters. Skipping this page\nError during processing.\n'
2026-06-16 15:06:19,110 [ERROR] OSD failed (doc CoroCAM 7 корокам.pdf, page: 2, OCR rectangle: 1, processed image file <tempfile._TemporaryFileWrapper object at 0x7a2aa795b0e0>):
 b'Estimating resolution as 424\nToo few characters. Skipping this page\nWarning. Invalid resolution 0 dpi. Using 70 instead.\nToo few characters. Skipping this page\nError during processing.\n'
2026-06-16 15:06:19,110 [INFO] command: tesseract -l rus+eng /tmp/tmpgqer34kk.png stdout tsv
2026-06-16 15:06:19,110 [INFO] command: tesseract -l rus+eng /tmp/tmpgqer34kk.png stdout tsv
2026-06-16 15:06:19,260 [INFO] command: tesseract --psm 0 -l osd /tmp/tmpje5i92x3.png stdout
2026-06-16 15:06:19,260 [INFO] command: tesseract --psm 0 -l osd /tmp/tmpje5i92x3.png stdout
2026-06-16 15:06:19,318 [ERROR] OSD failed (doc CoroCAM 7 корокам.pdf, page: 3, OCR rectangle: 0, processed image file <tempfile._TemporaryFileWrapper object at 0x7a2aa795af60>):
 b'Warning. Invalid resolution 0 dpi. Using 70 instead.\nToo few characters. Skipping this page\nError during processing.\n'
2026-06-16 15:06:19,318 [ERROR] OSD failed (doc CoroCAM 7 корокам.pdf, page: 3, OCR rectangle: 0, processed image file <tempfile._TemporaryFileWrapper object at 0x7a2aa795af60>):
 b'Warning. Invalid resolution 0 dpi. Using 70 instead.\nToo few characters. Skipping this page\nError during processing.\n'
2026-06-16 15:06:19,318 [INFO] command: tesseract -l rus+eng /tmp/tmpje5i92x3.png stdout tsv
2026-06-16 15:06:19,318 [INFO] command: tesseract -l rus+eng /tmp/tmpje5i92x3.png stdout tsv
2026-06-16 15:06:19,577 [INFO] command: tesseract --psm 0 -l osd /tmp/tmpehzqq5zz.png stdout
2026-06-16 15:06:19,577 [INFO] command: tesseract --psm 0 -l osd /tmp/tmpehzqq5zz.png stdout
2026-06-16 15:06:19,937 [INFO] command: tesseract -l rus+eng /tmp/tmpehzqq5zz.png stdout tsv
2026-06-16 15:06:19,937 [INFO] command: tesseract -l rus+eng /tmp/tmpehzqq5zz.png stdout tsv
2026-06-16 15:06:20,449 [INFO] command: tesseract --psm 0 -l osd /tmp/tmpy8gyjx4y.png stdout
2026-06-16 15:06:20,449 [INFO] command: tesseract --psm 0 -l osd /tmp/tmpy8gyjx4y.png stdout
2026-06-16 15:06:20,508 [ERROR] OSD failed (doc CoroCAM 7 корокам.pdf, page: 1, OCR rectangle: 0, processed image file <tempfile._TemporaryFileWrapper object at 0x7a2bc413c9b0>):
 b'Warning. Invalid resolution 0 dpi. Using 70 instead.\nToo few characters. Skipping this page\nError during processing.\n'
2026-06-16 15:06:20,508 [ERROR] OSD failed (doc CoroCAM 7 корокам.pdf, page: 1, OCR rectangle: 0, processed image file <tempfile._TemporaryFileWrapper object at 0x7a2bc413c9b0>):
 b'Warning. Invalid resolution 0 dpi. Using 70 instead.\nToo few characters. Skipping this page\nError during processing.\n'
2026-06-16 15:06:20,508 [INFO] command: tesseract -l rus+eng /tmp/tmpy8gyjx4y.png stdout tsv
2026-06-16 15:06:20,508 [INFO] command: tesseract -l rus+eng /tmp/tmpy8gyjx4y.png stdout tsv
2026-06-16 15:06:20,786 [INFO] command: tesseract --psm 0 -l osd /tmp/tmpr8gay0x6.png stdout
2026-06-16 15:06:20,786 [INFO] command: tesseract --psm 0 -l osd /tmp/tmpr8gay0x6.png stdout
2026-06-16 15:06:21,084 [INFO] command: tesseract -l rus+eng /tmp/tmpr8gay0x6.png stdout tsv
2026-06-16 15:06:21,084 [INFO] command: tesseract -l rus+eng /tmp/tmpr8gay0x6.png stdout tsv
2026-06-16 15:06:21,510 [INFO] command: tesseract --psm 0 -l osd /tmp/tmp_h9d1ob2.png stdout
2026-06-16 15:06:21,510 [INFO] command: tesseract --psm 0 -l osd /tmp/tmp_h9d1ob2.png stdout
2026-06-16 15:06:21,569 [ERROR] OSD failed (doc CoroCAM 7 корокам.pdf, page: 3, OCR rectangle: 0, processed image file <tempfile._TemporaryFileWrapper object at 0x7a2b882b3470>):
 b'Warning. Invalid resolution 0 dpi. Using 70 instead.\nToo few characters. Skipping this page\nError during processing.\n'
2026-06-16 15:06:21,569 [ERROR] OSD failed (doc CoroCAM 7 корокам.pdf, page: 3, OCR rectangle: 0, processed image file <tempfile._TemporaryFileWrapper object at 0x7a2b882b3470>):
 b'Warning. Invalid resolution 0 dpi. Using 70 instead.\nToo few characters. Skipping this page\nError during processing.\n'
2026-06-16 15:06:21,569 [INFO] command: tesseract -l rus+eng /tmp/tmp_h9d1ob2.png stdout tsv
2026-06-16 15:06:21,569 [INFO] command: tesseract -l rus+eng /tmp/tmp_h9d1ob2.png stdout tsv
2026-06-16 15:06:21,797 [INFO] command: tesseract --psm 0 -l osd /tmp/tmpnytio030.png stdout
2026-06-16 15:06:21,797 [INFO] command: tesseract --psm 0 -l osd /tmp/tmpnytio030.png stdout
2026-06-16 15:06:22,082 [INFO] command: tesseract -l rus+eng /tmp/tmpnytio030.png stdout tsv
2026-06-16 15:06:22,082 [INFO] command: tesseract -l rus+eng /tmp/tmpnytio030.png stdout tsv
2026-06-16 15:06:22,520 [INFO] command: tesseract --psm 0 -l osd /tmp/tmptbd2c0ov.png stdout
2026-06-16 15:06:22,520 [INFO] command: tesseract --psm 0 -l osd /tmp/tmptbd2c0ov.png stdout
2026-06-16 15:06:22,580 [ERROR] OSD failed (doc CoroCAM 7 корокам.pdf, page: 1, OCR rectangle: 0, processed image file <tempfile._TemporaryFileWrapper object at 0x7a2b882b0890>):
 b'Warning. Invalid resolution 0 dpi. Using 70 instead.\nToo few characters. Skipping this page\nError during processing.\n'
2026-06-16 15:06:22,580 [ERROR] OSD failed (doc CoroCAM 7 корокам.pdf, page: 1, OCR rectangle: 0, processed image file <tempfile._TemporaryFileWrapper object at 0x7a2b882b0890>):
 b'Warning. Invalid resolution 0 dpi. Using 70 instead.\nToo few characters. Skipping this page\nError during processing.\n'
2026-06-16 15:06:22,580 [INFO] command: tesseract -l rus+eng /tmp/tmptbd2c0ov.png stdout tsv
2026-06-16 15:06:22,580 [INFO] command: tesseract -l rus+eng /tmp/tmptbd2c0ov.png stdout tsv
2026-06-16 15:06:22,836 [INFO] command: tesseract --psm 0 -l osd /tmp/tmp7z0zdoy9.png stdout
2026-06-16 15:06:22,836 [INFO] command: tesseract --psm 0 -l osd /tmp/tmp7z0zdoy9.png stdout
2026-06-16 15:06:23,145 [INFO] command: tesseract -l rus+eng /tmp/tmp7z0zdoy9.png stdout tsv
2026-06-16 15:06:23,145 [INFO] command: tesseract -l rus+eng /tmp/tmp7z0zdoy9.png stdout tsv
2026-06-16 15:06:23,658 [INFO] command: tesseract --psm 0 -l osd /tmp/tmpbvnskxat.png stdout
2026-06-16 15:06:23,658 [INFO] command: tesseract --psm 0 -l osd /tmp/tmpbvnskxat.png stdout
2026-06-16 15:06:24,163 [INFO] command: tesseract -l rus+eng /tmp/tmpbvnskxat.png stdout tsv
2026-06-16 15:06:24,163 [INFO] command: tesseract -l rus+eng /tmp/tmpbvnskxat.png stdout tsv
2026-06-16 15:06:25,430 [INFO] command: tesseract --psm 0 -l osd /tmp/tmpabye04fr.png stdout
2026-06-16 15:06:25,430 [INFO] command: tesseract --psm 0 -l osd /tmp/tmpabye04fr.png stdout
2026-06-16 15:06:25,490 [ERROR] OSD failed (doc CoroCAM 7 корокам.pdf, page: 0, OCR rectangle: 0, processed image file <tempfile._TemporaryFileWrapper object at 0x7a2b882b01a0>):
 b'Warning. Invalid resolution 0 dpi. Using 70 instead.\nToo few characters. Skipping this page\nError during processing.\n'
2026-06-16 15:06:25,490 [ERROR] OSD failed (doc CoroCAM 7 корокам.pdf, page: 0, OCR rectangle: 0, processed image file <tempfile._TemporaryFileWrapper object at 0x7a2b882b01a0>):
 b'Warning. Invalid resolution 0 dpi. Using 70 instead.\nToo few characters. Skipping this page\nError during processing.\n'
2026-06-16 15:06:25,490 [INFO] command: tesseract -l rus+eng /tmp/tmpabye04fr.png stdout tsv
2026-06-16 15:06:25,490 [INFO] command: tesseract -l rus+eng /tmp/tmpabye04fr.png stdout tsv
2026-06-16 15:06:25,766 [INFO] command: tesseract --psm 0 -l osd /tmp/tmpo0372532.png stdout
2026-06-16 15:06:25,766 [INFO] command: tesseract --psm 0 -l osd /tmp/tmpo0372532.png stdout
2026-06-16 15:06:26,095 [INFO] command: tesseract -l rus+eng /tmp/tmpo0372532.png stdout tsv
2026-06-16 15:06:26,095 [INFO] command: tesseract -l rus+eng /tmp/tmpo0372532.png stdout tsv
2026-06-16 15:06:26,559 [INFO] command: tesseract --psm 0 -l osd /tmp/tmpj0cwrbvz.png stdout
2026-06-16 15:06:26,559 [INFO] command: tesseract --psm 0 -l osd /tmp/tmpj0cwrbvz.png stdout
2026-06-16 15:06:26,617 [ERROR] OSD failed (doc CoroCAM 7 корокам.pdf, page: 1, OCR rectangle: 0, processed image file <tempfile._TemporaryFileWrapper object at 0x7a2a9c4475f0>):
 b'Warning. Invalid resolution 0 dpi. Using 70 instead.\nToo few characters. Skipping this page\nError during processing.\n'
2026-06-16 15:06:26,617 [ERROR] OSD failed (doc CoroCAM 7 корокам.pdf, page: 1, OCR rectangle: 0, processed image file <tempfile._TemporaryFileWrapper object at 0x7a2a9c4475f0>):
 b'Warning. Invalid resolution 0 dpi. Using 70 instead.\nToo few characters. Skipping this page\nError during processing.\n'
2026-06-16 15:06:26,617 [INFO] command: tesseract -l rus+eng /tmp/tmpj0cwrbvz.png stdout tsv
2026-06-16 15:06:26,617 [INFO] command: tesseract -l rus+eng /tmp/tmpj0cwrbvz.png stdout tsv
2026-06-16 15:06:26,745 [INFO] command: tesseract --psm 0 -l osd /tmp/tmpcunqym_f.png stdout
2026-06-16 15:06:26,745 [INFO] command: tesseract --psm 0 -l osd /tmp/tmpcunqym_f.png stdout
2026-06-16 15:06:26,820 [ERROR] OSD failed (doc CoroCAM 7 корокам.pdf, page: 1, OCR rectangle: 1, processed image file <tempfile._TemporaryFileWrapper object at 0x7a2a9c4468a0>):
 b'Estimating resolution as 717\nToo few characters. Skipping this page\nWarning. Invalid resolution 0 dpi. Using 70 instead.\nToo few characters. Skipping this page\nError during processing.\n'
2026-06-16 15:06:26,820 [ERROR] OSD failed (doc CoroCAM 7 корокам.pdf, page: 1, OCR rectangle: 1, processed image file <tempfile._TemporaryFileWrapper object at 0x7a2a9c4468a0>):
 b'Estimating resolution as 717\nToo few characters. Skipping this page\nWarning. Invalid resolution 0 dpi. Using 70 instead.\nToo few characters. Skipping this page\nError during processing.\n'
2026-06-16 15:06:26,820 [INFO] command: tesseract -l rus+eng /tmp/tmpcunqym_f.png stdout tsv
2026-06-16 15:06:26,820 [INFO] command: tesseract -l rus+eng /tmp/tmpcunqym_f.png stdout tsv
2026-06-16 15:06:26,978 [INFO] command: tesseract --psm 0 -l osd /tmp/tmpytz0whcm.png stdout
2026-06-16 15:06:26,978 [INFO] command: tesseract --psm 0 -l osd /tmp/tmpytz0whcm.png stdout
2026-06-16 15:06:27,050 [ERROR] OSD failed (doc CoroCAM 7 корокам.pdf, page: 1, OCR rectangle: 2, processed image file <tempfile._TemporaryFileWrapper object at 0x7a2a9c4478f0>):
 b'Estimating resolution as 733\nToo few characters. Skipping this page\nWarning. Invalid resolution 0 dpi. Using 70 instead.\nToo few characters. Skipping this page\nError during processing.\n'
2026-06-16 15:06:27,050 [ERROR] OSD failed (doc CoroCAM 7 корокам.pdf, page: 1, OCR rectangle: 2, processed image file <tempfile._TemporaryFileWrapper object at 0x7a2a9c4478f0>):
 b'Estimating resolution as 733\nToo few characters. Skipping this page\nWarning. Invalid resolution 0 dpi. Using 70 instead.\nToo few characters. Skipping this page\nError during processing.\n'
2026-06-16 15:06:27,050 [INFO] command: tesseract -l rus+eng /tmp/tmpytz0whcm.png stdout tsv
2026-06-16 15:06:27,050 [INFO] command: tesseract -l rus+eng /tmp/tmpytz0whcm.png stdout tsv
2026-06-16 15:06:27,406 [INFO] command: tesseract --psm 0 -l osd /tmp/tmp080rpc1h.png stdout
2026-06-16 15:06:27,406 [INFO] command: tesseract --psm 0 -l osd /tmp/tmp080rpc1h.png stdout
2026-06-16 15:06:27,465 [ERROR] OSD failed (doc CoroCAM 7 корокам.pdf, page: 3, OCR rectangle: 0, processed image file <tempfile._TemporaryFileWrapper object at 0x7a2a9c445880>):
 b'Warning. Invalid resolution 0 dpi. Using 70 instead.\nToo few characters. Skipping this page\nError during processing.\n'
2026-06-16 15:06:27,465 [ERROR] OSD failed (doc CoroCAM 7 корокам.pdf, page: 3, OCR rectangle: 0, processed image file <tempfile._TemporaryFileWrapper object at 0x7a2a9c445880>):
 b'Warning. Invalid resolution 0 dpi. Using 70 instead.\nToo few characters. Skipping this page\nError during processing.\n'
2026-06-16 15:06:27,465 [INFO] command: tesseract -l rus+eng /tmp/tmp080rpc1h.png stdout tsv
2026-06-16 15:06:27,465 [INFO] command: tesseract -l rus+eng /tmp/tmp080rpc1h.png stdout tsv
2026-06-16 15:06:27,687 [INFO] command: tesseract --psm 0 -l osd /tmp/tmpfwki6c0r.png stdout
2026-06-16 15:06:27,687 [INFO] command: tesseract --psm 0 -l osd /tmp/tmpfwki6c0r.png stdout
2026-06-16 15:06:27,935 [INFO] command: tesseract -l rus+eng /tmp/tmpfwki6c0r.png stdout tsv
2026-06-16 15:06:27,935 [INFO] command: tesseract -l rus+eng /tmp/tmpfwki6c0r.png stdout tsv
2026-06-16 15:06:28,204 [INFO] command: tesseract --psm 0 -l osd /tmp/tmp3ul1erp0.png stdout
2026-06-16 15:06:28,204 [INFO] command: tesseract --psm 0 -l osd /tmp/tmp3ul1erp0.png stdout
2026-06-16 15:06:28,265 [ERROR] OSD failed (doc CoroCAM 7 корокам.pdf, page: 0, OCR rectangle: 0, processed image file <tempfile._TemporaryFileWrapper object at 0x7a2a9c4455b0>):
 b'Estimating resolution as 406\nToo few characters. Skipping this page\nWarning. Invalid resolution 0 dpi. Using 70 instead.\nToo few characters. Skipping this page\nError during processing.\n'
2026-06-16 15:06:28,265 [ERROR] OSD failed (doc CoroCAM 7 корокам.pdf, page: 0, OCR rectangle: 0, processed image file <tempfile._TemporaryFileWrapper object at 0x7a2a9c4455b0>):
 b'Estimating resolution as 406\nToo few characters. Skipping this page\nWarning. Invalid resolution 0 dpi. Using 70 instead.\nToo few characters. Skipping this page\nError during processing.\n'
2026-06-16 15:06:28,265 [INFO] command: tesseract -l rus+eng /tmp/tmp3ul1erp0.png stdout tsv
2026-06-16 15:06:28,265 [INFO] command: tesseract -l rus+eng /tmp/tmp3ul1erp0.png stdout tsv
2026-06-16 15:06:28,523 [INFO] command: tesseract --psm 0 -l osd /tmp/tmpnu8_yg5j.png stdout
2026-06-16 15:06:28,523 [INFO] command: tesseract --psm 0 -l osd /tmp/tmpnu8_yg5j.png stdout
2026-06-16 15:06:28,619 [ERROR] OSD failed (doc CoroCAM 7 корокам.pdf, page: 0, OCR rectangle: 1, processed image file <tempfile._TemporaryFileWrapper object at 0x7a2b880f48f0>):
 b'Estimating resolution as 888\nToo few characters. Skipping this page\nWarning. Invalid resolution 0 dpi. Using 70 instead.\nToo few characters. Skipping this page\nError during processing.\n'
2026-06-16 15:06:28,619 [ERROR] OSD failed (doc CoroCAM 7 корокам.pdf, page: 0, OCR rectangle: 1, processed image file <tempfile._TemporaryFileWrapper object at 0x7a2b880f48f0>):
 b'Estimating resolution as 888\nToo few characters. Skipping this page\nWarning. Invalid resolution 0 dpi. Using 70 instead.\nToo few characters. Skipping this page\nError during processing.\n'
2026-06-16 15:06:28,619 [INFO] command: tesseract -l rus+eng /tmp/tmpnu8_yg5j.png stdout tsv
2026-06-16 15:06:28,619 [INFO] command: tesseract -l rus+eng /tmp/tmpnu8_yg5j.png stdout tsv
2026-06-16 15:06:29,020 [INFO] command: tesseract --psm 0 -l osd /tmp/tmpz5gn2kkf.png stdout
2026-06-16 15:06:29,020 [INFO] command: tesseract --psm 0 -l osd /tmp/tmpz5gn2kkf.png stdout
2026-06-16 15:06:29,323 [INFO] command: tesseract -l rus+eng /tmp/tmpz5gn2kkf.png stdout tsv
2026-06-16 15:06:29,323 [INFO] command: tesseract -l rus+eng /tmp/tmpz5gn2kkf.png stdout tsv
2026-06-16 15:06:29,669 [INFO] command: tesseract --psm 0 -l osd /tmp/tmp_4jgejes.png stdout
2026-06-16 15:06:29,669 [INFO] command: tesseract --psm 0 -l osd /tmp/tmp_4jgejes.png stdout
2026-06-16 15:06:29,727 [ERROR] OSD failed (doc CoroCAM 7 корокам.pdf, page: 1, OCR rectangle: 0, processed image file <tempfile._TemporaryFileWrapper object at 0x7a2b880f45c0>):
 b'Warning. Invalid resolution 0 dpi. Using 70 instead.\nToo few characters. Skipping this page\nError during processing.\n'
2026-06-16 15:06:29,727 [ERROR] OSD failed (doc CoroCAM 7 корокам.pdf, page: 1, OCR rectangle: 0, processed image file <tempfile._TemporaryFileWrapper object at 0x7a2b880f45c0>):
 b'Warning. Invalid resolution 0 dpi. Using 70 instead.\nToo few characters. Skipping this page\nError during processing.\n'
2026-06-16 15:06:29,728 [INFO] command: tesseract -l rus+eng /tmp/tmp_4jgejes.png stdout tsv
2026-06-16 15:06:29,728 [INFO] command: tesseract -l rus+eng /tmp/tmp_4jgejes.png stdout tsv
2026-06-16 15:06:29,985 [INFO] command: tesseract --psm 0 -l osd /tmp/tmpw_up0kmd.png stdout
2026-06-16 15:06:29,985 [INFO] command: tesseract --psm 0 -l osd /tmp/tmpw_up0kmd.png stdout
2026-06-16 15:06:30,143 [ERROR] OSD failed (doc CoroCAM 7 корокам.pdf, page: 1, OCR rectangle: 1, processed image file <tempfile._TemporaryFileWrapper object at 0x7a2b880f44d0>):
 b'Estimating resolution as 467\nToo few characters. Skipping this page\nWarning. Invalid resolution 0 dpi. Using 70 instead.\nToo few characters. Skipping this page\nError during processing.\n'
2026-06-16 15:06:30,143 [ERROR] OSD failed (doc CoroCAM 7 корокам.pdf, page: 1, OCR rectangle: 1, processed image file <tempfile._TemporaryFileWrapper object at 0x7a2b880f44d0>):
 b'Estimating resolution as 467\nToo few characters. Skipping this page\nWarning. Invalid resolution 0 dpi. Using 70 instead.\nToo few characters. Skipping this page\nError during processing.\n'
2026-06-16 15:06:30,143 [INFO] command: tesseract -l rus+eng /tmp/tmpw_up0kmd.png stdout tsv
2026-06-16 15:06:30,143 [INFO] command: tesseract -l rus+eng /tmp/tmpw_up0kmd.png stdout tsv
2026-06-16 15:06:30,434 [INFO] command: tesseract --psm 0 -l osd /tmp/tmps4r4pout.png stdout
2026-06-16 15:06:30,434 [INFO] command: tesseract --psm 0 -l osd /tmp/tmps4r4pout.png stdout
2026-06-16 15:06:30,496 [ERROR] OSD failed (doc CoroCAM 7 корокам.pdf, page: 2, OCR rectangle: 0, processed image file <tempfile._TemporaryFileWrapper object at 0x7a2b880f6540>):
 b'Warning. Invalid resolution 0 dpi. Using 70 instead.\nToo few characters. Skipping this page\nError during processing.\n'
2026-06-16 15:06:30,496 [ERROR] OSD failed (doc CoroCAM 7 корокам.pdf, page: 2, OCR rectangle: 0, processed image file <tempfile._TemporaryFileWrapper object at 0x7a2b880f6540>):
 b'Warning. Invalid resolution 0 dpi. Using 70 instead.\nToo few characters. Skipping this page\nError during processing.\n'
2026-06-16 15:06:30,497 [INFO] command: tesseract -l rus+eng /tmp/tmps4r4pout.png stdout tsv
2026-06-16 15:06:30,497 [INFO] command: tesseract -l rus+eng /tmp/tmps4r4pout.png stdout tsv
2026-06-16 15:06:30,613 [INFO] command: tesseract --psm 0 -l osd /tmp/tmpgzg9fdc4.png stdout
2026-06-16 15:06:30,613 [INFO] command: tesseract --psm 0 -l osd /tmp/tmpgzg9fdc4.png stdout
2026-06-16 15:06:30,681 [ERROR] OSD failed (doc CoroCAM 7 корокам.pdf, page: 2, OCR rectangle: 1, processed image file <tempfile._TemporaryFileWrapper object at 0x7a2b880f4890>):
 b'Estimating resolution as 939\nToo few characters. Skipping this page\nWarning. Invalid resolution 0 dpi. Using 70 instead.\nToo few characters. Skipping this page\nError during processing.\n'
2026-06-16 15:06:30,681 [ERROR] OSD failed (doc CoroCAM 7 корокам.pdf, page: 2, OCR rectangle: 1, processed image file <tempfile._TemporaryFileWrapper object at 0x7a2b880f4890>):
 b'Estimating resolution as 939\nToo few characters. Skipping this page\nWarning. Invalid resolution 0 dpi. Using 70 instead.\nToo few characters. Skipping this page\nError during processing.\n'
2026-06-16 15:06:30,681 [INFO] command: tesseract -l rus+eng /tmp/tmpgzg9fdc4.png stdout tsv
2026-06-16 15:06:30,681 [INFO] command: tesseract -l rus+eng /tmp/tmpgzg9fdc4.png stdout tsv
2026-06-16 15:06:30,865 [INFO] command: tesseract --psm 0 -l osd /tmp/tmp34kqezws.png stdout
2026-06-16 15:06:30,865 [INFO] command: tesseract --psm 0 -l osd /tmp/tmp34kqezws.png stdout
2026-06-16 15:06:30,933 [ERROR] OSD failed (doc CoroCAM 7 корокам.pdf, page: 2, OCR rectangle: 2, processed image file <tempfile._TemporaryFileWrapper object at 0x7a2b880f4230>):
 b'Estimating resolution as 966\nToo few characters. Skipping this page\nWarning. Invalid resolution 0 dpi. Using 70 instead.\nToo few characters. Skipping this page\nError during processing.\n'
2026-06-16 15:06:30,933 [ERROR] OSD failed (doc CoroCAM 7 корокам.pdf, page: 2, OCR rectangle: 2, processed image file <tempfile._TemporaryFileWrapper object at 0x7a2b880f4230>):
 b'Estimating resolution as 966\nToo few characters. Skipping this page\nWarning. Invalid resolution 0 dpi. Using 70 instead.\nToo few characters. Skipping this page\nError during processing.\n'
2026-06-16 15:06:30,933 [INFO] command: tesseract -l rus+eng /tmp/tmp34kqezws.png stdout tsv
2026-06-16 15:06:30,933 [INFO] command: tesseract -l rus+eng /tmp/tmp34kqezws.png stdout tsv
2026-06-16 15:06:31,224 [INFO] command: tesseract --psm 0 -l osd /tmp/tmp8aqv5j8f.png stdout
2026-06-16 15:06:31,224 [INFO] command: tesseract --psm 0 -l osd /tmp/tmp8aqv5j8f.png stdout
2026-06-16 15:06:31,281 [ERROR] OSD failed (doc CoroCAM 7 корокам.pdf, page: 3, OCR rectangle: 0, processed image file <tempfile._TemporaryFileWrapper object at 0x7a2b880f4500>):
 b'Warning. Invalid resolution 0 dpi. Using 70 instead.\nToo few characters. Skipping this page\nError during processing.\n'
2026-06-16 15:06:31,281 [ERROR] OSD failed (doc CoroCAM 7 корокам.pdf, page: 3, OCR rectangle: 0, processed image file <tempfile._TemporaryFileWrapper object at 0x7a2b880f4500>):
 b'Warning. Invalid resolution 0 dpi. Using 70 instead.\nToo few characters. Skipping this page\nError during processing.\n'
2026-06-16 15:06:31,281 [INFO] command: tesseract -l rus+eng /tmp/tmp8aqv5j8f.png stdout tsv
2026-06-16 15:06:31,281 [INFO] command: tesseract -l rus+eng /tmp/tmp8aqv5j8f.png stdout tsv
2026-06-16 15:06:31,543 [INFO] command: tesseract --psm 0 -l osd /tmp/tmp5ps45hm2.png stdout
2026-06-16 15:06:31,543 [INFO] command: tesseract --psm 0 -l osd /tmp/tmp5ps45hm2.png stdout
2026-06-16 15:06:31,687 [ERROR] OSD failed (doc CoroCAM 7 корокам.pdf, page: 3, OCR rectangle: 1, processed image file <tempfile._TemporaryFileWrapper object at 0x7a2b880f4d70>):
 b'Estimating resolution as 505\nToo few characters. Skipping this page\nWarning. Invalid resolution 0 dpi. Using 70 instead.\nToo few characters. Skipping this page\nError during processing.\n'
2026-06-16 15:06:31,687 [ERROR] OSD failed (doc CoroCAM 7 корокам.pdf, page: 3, OCR rectangle: 1, processed image file <tempfile._TemporaryFileWrapper object at 0x7a2b880f4d70>):
 b'Estimating resolution as 505\nToo few characters. Skipping this page\nWarning. Invalid resolution 0 dpi. Using 70 instead.\nToo few characters. Skipping this page\nError during processing.\n'
2026-06-16 15:06:31,687 [INFO] command: tesseract -l rus+eng /tmp/tmp5ps45hm2.png stdout tsv
2026-06-16 15:06:31,687 [INFO] command: tesseract -l rus+eng /tmp/tmp5ps45hm2.png stdout tsv
2026-06-16 15:06:31,957 [INFO] command: tesseract --psm 0 -l osd /tmp/tmpw1u55zr3.png stdout
2026-06-16 15:06:31,957 [INFO] command: tesseract --psm 0 -l osd /tmp/tmpw1u55zr3.png stdout
2026-06-16 15:06:32,016 [ERROR] OSD failed (doc CoroCAM 7 корокам.pdf, page: 0, OCR rectangle: 0, processed image file <tempfile._TemporaryFileWrapper object at 0x7a2b880f7c20>):
 b'Warning. Invalid resolution 0 dpi. Using 70 instead.\nToo few characters. Skipping this page\nError during processing.\n'
2026-06-16 15:06:32,016 [ERROR] OSD failed (doc CoroCAM 7 корокам.pdf, page: 0, OCR rectangle: 0, processed image file <tempfile._TemporaryFileWrapper object at 0x7a2b880f7c20>):
 b'Warning. Invalid resolution 0 dpi. Using 70 instead.\nToo few characters. Skipping this page\nError during processing.\n'
2026-06-16 15:06:32,016 [INFO] command: tesseract -l rus+eng /tmp/tmpw1u55zr3.png stdout tsv
2026-06-16 15:06:32,016 [INFO] command: tesseract -l rus+eng /tmp/tmpw1u55zr3.png stdout tsv
2026-06-16 15:06:32,137 [INFO] command: tesseract --psm 0 -l osd /tmp/tmp3p2uwz4x.png stdout
2026-06-16 15:06:32,137 [INFO] command: tesseract --psm 0 -l osd /tmp/tmp3p2uwz4x.png stdout
2026-06-16 15:06:32,200 [ERROR] OSD failed (doc CoroCAM 7 корокам.pdf, page: 0, OCR rectangle: 1, processed image file <tempfile._TemporaryFileWrapper object at 0x7a2aff94bf50>):
 b'Estimating resolution as 598\nToo few characters. Skipping this page\nWarning. Invalid resolution 0 dpi. Using 70 instead.\nToo few characters. Skipping this page\nError during processing.\n'
2026-06-16 15:06:32,200 [ERROR] OSD failed (doc CoroCAM 7 корокам.pdf, page: 0, OCR rectangle: 1, processed image file <tempfile._TemporaryFileWrapper object at 0x7a2aff94bf50>):
 b'Estimating resolution as 598\nToo few characters. Skipping this page\nWarning. Invalid resolution 0 dpi. Using 70 instead.\nToo few characters. Skipping this page\nError during processing.\n'
2026-06-16 15:06:32,200 [INFO] command: tesseract -l rus+eng /tmp/tmp3p2uwz4x.png stdout tsv
2026-06-16 15:06:32,200 [INFO] command: tesseract -l rus+eng /tmp/tmp3p2uwz4x.png stdout tsv
2026-06-16 15:06:32,491 [INFO] command: tesseract --psm 0 -l osd /tmp/tmp1bn9kejf.png stdout
2026-06-16 15:06:32,491 [INFO] command: tesseract --psm 0 -l osd /tmp/tmp1bn9kejf.png stdout
2026-06-16 15:06:32,549 [ERROR] OSD failed (doc CoroCAM 7 корокам.pdf, page: 1, OCR rectangle: 0, processed image file <tempfile._TemporaryFileWrapper object at 0x7a2aff948fe0>):
 b'Warning. Invalid resolution 0 dpi. Using 70 instead.\nToo few characters. Skipping this page\nError during processing.\n'
2026-06-16 15:06:32,549 [ERROR] OSD failed (doc CoroCAM 7 корокам.pdf, page: 1, OCR rectangle: 0, processed image file <tempfile._TemporaryFileWrapper object at 0x7a2aff948fe0>):
 b'Warning. Invalid resolution 0 dpi. Using 70 instead.\nToo few characters. Skipping this page\nError during processing.\n'
2026-06-16 15:06:32,549 [INFO] command: tesseract -l rus+eng /tmp/tmp1bn9kejf.png stdout tsv
2026-06-16 15:06:32,549 [INFO] command: tesseract -l rus+eng /tmp/tmp1bn9kejf.png stdout tsv
2026-06-16 15:06:32,947 [INFO] command: tesseract --psm 0 -l osd /tmp/tmpyq2nt960.png stdout
2026-06-16 15:06:32,947 [INFO] command: tesseract --psm 0 -l osd /tmp/tmpyq2nt960.png stdout
2026-06-16 15:06:33,114 [ERROR] OSD failed (doc CoroCAM 7 корокам.pdf, page: 1, OCR rectangle: 1, processed image file <tempfile._TemporaryFileWrapper object at 0x7a2aff9491f0>):
 b'Estimating resolution as 556\nToo few characters. Skipping this page\nWarning. Invalid resolution 0 dpi. Using 70 instead.\nToo few characters. Skipping this page\nError during processing.\n'
2026-06-16 15:06:33,114 [ERROR] OSD failed (doc CoroCAM 7 корокам.pdf, page: 1, OCR rectangle: 1, processed image file <tempfile._TemporaryFileWrapper object at 0x7a2aff9491f0>):
 b'Estimating resolution as 556\nToo few characters. Skipping this page\nWarning. Invalid resolution 0 dpi. Using 70 instead.\nToo few characters. Skipping this page\nError during processing.\n'
2026-06-16 15:06:33,114 [INFO] command: tesseract -l rus+eng /tmp/tmpyq2nt960.png stdout tsv
2026-06-16 15:06:33,114 [INFO] command: tesseract -l rus+eng /tmp/tmpyq2nt960.png stdout tsv
2026-06-16 15:06:33,498 [INFO] command: tesseract --psm 0 -l osd /tmp/tmp2e2euiwx.png stdout
2026-06-16 15:06:33,498 [INFO] command: tesseract --psm 0 -l osd /tmp/tmp2e2euiwx.png stdout
2026-06-16 15:06:33,556 [ERROR] OSD failed (doc CoroCAM 7 корокам.pdf, page: 2, OCR rectangle: 0, processed image file <tempfile._TemporaryFileWrapper object at 0x7a2aff94b950>):
 b'Warning. Invalid resolution 0 dpi. Using 70 instead.\nToo few characters. Skipping this page\nError during processing.\n'
2026-06-16 15:06:33,556 [ERROR] OSD failed (doc CoroCAM 7 корокам.pdf, page: 2, OCR rectangle: 0, processed image file <tempfile._TemporaryFileWrapper object at 0x7a2aff94b950>):
 b'Warning. Invalid resolution 0 dpi. Using 70 instead.\nToo few characters. Skipping this page\nError during processing.\n'
2026-06-16 15:06:33,557 [INFO] command: tesseract -l rus+eng /tmp/tmp2e2euiwx.png stdout tsv
2026-06-16 15:06:33,557 [INFO] command: tesseract -l rus+eng /tmp/tmp2e2euiwx.png stdout tsv
2026-06-16 15:06:33,671 [INFO] command: tesseract --psm 0 -l osd /tmp/tmpw48uko6g.png stdout
2026-06-16 15:06:33,671 [INFO] command: tesseract --psm 0 -l osd /tmp/tmpw48uko6g.png stdout
2026-06-16 15:06:33,737 [ERROR] OSD failed (doc CoroCAM 7 корокам.pdf, page: 2, OCR rectangle: 1, processed image file <tempfile._TemporaryFileWrapper object at 0x7a2aff9484a0>):
 b'Estimating resolution as 679\nToo few characters. Skipping this page\nWarning. Invalid resolution 0 dpi. Using 70 instead.\nToo few characters. Skipping this page\nError during processing.\n'
2026-06-16 15:06:33,737 [ERROR] OSD failed (doc CoroCAM 7 корокам.pdf, page: 2, OCR rectangle: 1, processed image file <tempfile._TemporaryFileWrapper object at 0x7a2aff9484a0>):
 b'Estimating resolution as 679\nToo few characters. Skipping this page\nWarning. Invalid resolution 0 dpi. Using 70 instead.\nToo few characters. Skipping this page\nError during processing.\n'
2026-06-16 15:06:33,737 [INFO] command: tesseract -l rus+eng /tmp/tmpw48uko6g.png stdout tsv
2026-06-16 15:06:33,737 [INFO] command: tesseract -l rus+eng /tmp/tmpw48uko6g.png stdout tsv
2026-06-16 15:06:33,950 [INFO] command: tesseract --psm 0 -l osd /tmp/tmpirhw6h1_.png stdout
2026-06-16 15:06:33,950 [INFO] command: tesseract --psm 0 -l osd /tmp/tmpirhw6h1_.png stdout
2026-06-16 15:06:34,053 [INFO] command: tesseract -l rus+eng /tmp/tmpirhw6h1_.png stdout tsv
2026-06-16 15:06:34,053 [INFO] command: tesseract -l rus+eng /tmp/tmpirhw6h1_.png stdout tsv
2026-06-16 15:06:34,797 [INFO] command: tesseract --psm 0 -l osd /tmp/tmp2bmzhbsm.png stdout
2026-06-16 15:06:34,797 [INFO] command: tesseract --psm 0 -l osd /tmp/tmp2bmzhbsm.png stdout
2026-06-16 15:06:35,162 [INFO] command: tesseract -l rus+eng /tmp/tmp2bmzhbsm.png stdout tsv
2026-06-16 15:06:35,162 [INFO] command: tesseract -l rus+eng /tmp/tmp2bmzhbsm.png stdout tsv
2026-06-16 15:06:36,010 [INFO] command: tesseract --psm 0 -l osd /tmp/tmpffkoio32.png stdout
2026-06-16 15:06:36,010 [INFO] command: tesseract --psm 0 -l osd /tmp/tmpffkoio32.png stdout
2026-06-16 15:06:36,088 [ERROR] OSD failed (doc CoroCAM 7 корокам.pdf, page: 0, OCR rectangle: 0, processed image file <tempfile._TemporaryFileWrapper object at 0x7a2bb81a3fb0>):
 b'Estimating resolution as 722\nToo few characters. Skipping this page\nWarning. Invalid resolution 0 dpi. Using 70 instead.\nToo few characters. Skipping this page\nError during processing.\n'
2026-06-16 15:06:36,088 [ERROR] OSD failed (doc CoroCAM 7 корокам.pdf, page: 0, OCR rectangle: 0, processed image file <tempfile._TemporaryFileWrapper object at 0x7a2bb81a3fb0>):
 b'Estimating resolution as 722\nToo few characters. Skipping this page\nWarning. Invalid resolution 0 dpi. Using 70 instead.\nToo few characters. Skipping this page\nError during processing.\n'
2026-06-16 15:06:36,088 [INFO] command: tesseract -l rus+eng /tmp/tmpffkoio32.png stdout tsv
2026-06-16 15:06:36,088 [INFO] command: tesseract -l rus+eng /tmp/tmpffkoio32.png stdout tsv
2026-06-16 15:06:36,226 [INFO] command: tesseract --psm 0 -l osd /tmp/tmp25cntm_s.png stdout
2026-06-16 15:06:36,226 [INFO] command: tesseract --psm 0 -l osd /tmp/tmp25cntm_s.png stdout
2026-06-16 15:06:36,284 [ERROR] OSD failed (doc CoroCAM 7 корокам.pdf, page: 0, OCR rectangle: 1, processed image file <tempfile._TemporaryFileWrapper object at 0x7a2accf2bb90>):
 b'Estimating resolution as 922\nToo few characters. Skipping this page\nWarning. Invalid resolution 0 dpi. Using 70 instead.\nToo few characters. Skipping this page\nError during processing.\n'
2026-06-16 15:06:36,284 [ERROR] OSD failed (doc CoroCAM 7 корокам.pdf, page: 0, OCR rectangle: 1, processed image file <tempfile._TemporaryFileWrapper object at 0x7a2accf2bb90>):
 b'Estimating resolution as 922\nToo few characters. Skipping this page\nWarning. Invalid resolution 0 dpi. Using 70 instead.\nToo few characters. Skipping this page\nError during processing.\n'
2026-06-16 15:06:36,284 [INFO] command: tesseract -l rus+eng /tmp/tmp25cntm_s.png stdout tsv
2026-06-16 15:06:36,284 [INFO] command: tesseract -l rus+eng /tmp/tmp25cntm_s.png stdout tsv
2026-06-16 15:06:36,647 [INFO] command: tesseract --psm 0 -l osd /tmp/tmpzkjumfs8.png stdout
2026-06-16 15:06:36,647 [INFO] command: tesseract --psm 0 -l osd /tmp/tmpzkjumfs8.png stdout
2026-06-16 15:06:36,771 [INFO] command: tesseract -l rus+eng /tmp/tmpzkjumfs8.png stdout tsv
2026-06-16 15:06:36,771 [INFO] command: tesseract -l rus+eng /tmp/tmpzkjumfs8.png stdout tsv
2026-06-16 15:06:37,063 [INFO] command: tesseract --psm 0 -l osd /tmp/tmpexgkitwh.png stdout
2026-06-16 15:06:37,063 [INFO] command: tesseract --psm 0 -l osd /tmp/tmpexgkitwh.png stdout
2026-06-16 15:06:37,255 [INFO] command: tesseract -l rus+eng /tmp/tmpexgkitwh.png stdout tsv
2026-06-16 15:06:37,255 [INFO] command: tesseract -l rus+eng /tmp/tmpexgkitwh.png stdout tsv
2026-06-16 15:06:37,611 [INFO] command: tesseract --psm 0 -l osd /tmp/tmp2qei312f.png stdout
2026-06-16 15:06:37,611 [INFO] command: tesseract --psm 0 -l osd /tmp/tmp2qei312f.png stdout
2026-06-16 15:06:37,731 [INFO] command: tesseract -l rus+eng /tmp/tmp2qei312f.png stdout tsv
2026-06-16 15:06:37,731 [INFO] command: tesseract -l rus+eng /tmp/tmp2qei312f.png stdout tsv
2026-06-16 15:06:37,963 [INFO] command: tesseract --psm 0 -l osd /tmp/tmpkw_b43ci.png stdout
2026-06-16 15:06:37,963 [INFO] command: tesseract --psm 0 -l osd /tmp/tmpkw_b43ci.png stdout
2026-06-16 15:06:38,050 [ERROR] OSD failed (doc CoroCAM 7 корокам.pdf, page: 3, OCR rectangle: 1, processed image file <tempfile._TemporaryFileWrapper object at 0x7a2accf2aea0>):
 b'Estimating resolution as 1779\nToo few characters. Skipping this page\nWarning. Invalid resolution 0 dpi. Using 70 instead.\nToo few characters. Skipping this page\nError during processing.\n'
2026-06-16 15:06:38,050 [ERROR] OSD failed (doc CoroCAM 7 корокам.pdf, page: 3, OCR rectangle: 1, processed image file <tempfile._TemporaryFileWrapper object at 0x7a2accf2aea0>):
 b'Estimating resolution as 1779\nToo few characters. Skipping this page\nWarning. Invalid resolution 0 dpi. Using 70 instead.\nToo few characters. Skipping this page\nError during processing.\n'
2026-06-16 15:06:38,050 [INFO] command: tesseract -l rus+eng /tmp/tmpkw_b43ci.png stdout tsv
2026-06-16 15:06:38,050 [INFO] command: tesseract -l rus+eng /tmp/tmpkw_b43ci.png stdout tsv
2026-06-16 15:06:38,283 [INFO] command: tesseract --psm 0 -l osd /tmp/tmpv632srne.png stdout
2026-06-16 15:06:38,283 [INFO] command: tesseract --psm 0 -l osd /tmp/tmpv632srne.png stdout
2026-06-16 15:06:38,403 [INFO] command: tesseract -l rus+eng /tmp/tmpv632srne.png stdout tsv
2026-06-16 15:06:38,403 [INFO] command: tesseract -l rus+eng /tmp/tmpv632srne.png stdout tsv
2026-06-16 15:06:38,585 [INFO] command: tesseract --psm 0 -l osd /tmp/tmpv9xl0p9u.png stdout
2026-06-16 15:06:38,585 [INFO] command: tesseract --psm 0 -l osd /tmp/tmpv9xl0p9u.png stdout
2026-06-16 15:06:38,638 [ERROR] OSD failed (doc CoroCAM 7 корокам.pdf, page: 0, OCR rectangle: 1, processed image file <tempfile._TemporaryFileWrapper object at 0x7a2bb81c75f0>):
 b'Estimating resolution as 275\nToo few characters. Skipping this page\nWarning. Invalid resolution 0 dpi. Using 70 instead.\nToo few characters. Skipping this page\nError during processing.\n'
2026-06-16 15:06:38,638 [ERROR] OSD failed (doc CoroCAM 7 корокам.pdf, page: 0, OCR rectangle: 1, processed image file <tempfile._TemporaryFileWrapper object at 0x7a2bb81c75f0>):
 b'Estimating resolution as 275\nToo few characters. Skipping this page\nWarning. Invalid resolution 0 dpi. Using 70 instead.\nToo few characters. Skipping this page\nError during processing.\n'
2026-06-16 15:06:38,638 [INFO] command: tesseract -l rus+eng /tmp/tmpv9xl0p9u.png stdout tsv
2026-06-16 15:06:38,638 [INFO] command: tesseract -l rus+eng /tmp/tmpv9xl0p9u.png stdout tsv
2026-06-16 15:06:38,713 [INFO] command: tesseract --psm 0 -l osd /tmp/tmp1518zxr3.png stdout
2026-06-16 15:06:38,713 [INFO] command: tesseract --psm 0 -l osd /tmp/tmp1518zxr3.png stdout
2026-06-16 15:06:38,763 [ERROR] OSD failed (doc CoroCAM 7 корокам.pdf, page: 0, OCR rectangle: 2, processed image file <tempfile._TemporaryFileWrapper object at 0x7a2bb81c7ce0>):
 b'Warning. Invalid resolution 0 dpi. Using 70 instead.\nToo few characters. Skipping this page\nError during processing.\n'
2026-06-16 15:06:38,763 [ERROR] OSD failed (doc CoroCAM 7 корокам.pdf, page: 0, OCR rectangle: 2, processed image file <tempfile._TemporaryFileWrapper object at 0x7a2bb81c7ce0>):
 b'Warning. Invalid resolution 0 dpi. Using 70 instead.\nToo few characters. Skipping this page\nError during processing.\n'
2026-06-16 15:06:38,763 [INFO] command: tesseract -l rus+eng /tmp/tmp1518zxr3.png stdout tsv
2026-06-16 15:06:38,763 [INFO] command: tesseract -l rus+eng /tmp/tmp1518zxr3.png stdout tsv
2026-06-16 15:06:38,843 [INFO] command: tesseract --psm 0 -l osd /tmp/tmpmks76571.png stdout
2026-06-16 15:06:38,843 [INFO] command: tesseract --psm 0 -l osd /tmp/tmpmks76571.png stdout
2026-06-16 15:06:38,895 [ERROR] OSD failed (doc CoroCAM 7 корокам.pdf, page: 0, OCR rectangle: 3, processed image file <tempfile._TemporaryFileWrapper object at 0x7a2bb81c4bc0>):
 b'Warning. Invalid resolution 0 dpi. Using 70 instead.\nToo few characters. Skipping this page\nError during processing.\n'
2026-06-16 15:06:38,895 [ERROR] OSD failed (doc CoroCAM 7 корокам.pdf, page: 0, OCR rectangle: 3, processed image file <tempfile._TemporaryFileWrapper object at 0x7a2bb81c4bc0>):
 b'Warning. Invalid resolution 0 dpi. Using 70 instead.\nToo few characters. Skipping this page\nError during processing.\n'
2026-06-16 15:06:38,895 [INFO] command: tesseract -l rus+eng /tmp/tmpmks76571.png stdout tsv
2026-06-16 15:06:38,895 [INFO] command: tesseract -l rus+eng /tmp/tmpmks76571.png stdout tsv
2026-06-16 15:06:38,979 [INFO] command: tesseract --psm 0 -l osd /tmp/tmp1hd247rw.png stdout
2026-06-16 15:06:38,979 [INFO] command: tesseract --psm 0 -l osd /tmp/tmp1hd247rw.png stdout
2026-06-16 15:06:39,037 [ERROR] OSD failed (doc CoroCAM 7 корокам.pdf, page: 0, OCR rectangle: 4, processed image file <tempfile._TemporaryFileWrapper object at 0x7a2bb81c66f0>):
 b'Estimating resolution as 125\nToo few characters. Skipping this page\nWarning. Invalid resolution 0 dpi. Using 70 instead.\nToo few characters. Skipping this page\nError during processing.\n'
2026-06-16 15:06:39,037 [ERROR] OSD failed (doc CoroCAM 7 корокам.pdf, page: 0, OCR rectangle: 4, processed image file <tempfile._TemporaryFileWrapper object at 0x7a2bb81c66f0>):
 b'Estimating resolution as 125\nToo few characters. Skipping this page\nWarning. Invalid resolution 0 dpi. Using 70 instead.\nToo few characters. Skipping this page\nError during processing.\n'
2026-06-16 15:06:39,038 [INFO] command: tesseract -l rus+eng /tmp/tmp1hd247rw.png stdout tsv
2026-06-16 15:06:39,038 [INFO] command: tesseract -l rus+eng /tmp/tmp1hd247rw.png stdout tsv
2026-06-16 15:06:39,116 [INFO] command: tesseract --psm 0 -l osd /tmp/tmphamk2zzl.png stdout
2026-06-16 15:06:39,116 [INFO] command: tesseract --psm 0 -l osd /tmp/tmphamk2zzl.png stdout
2026-06-16 15:06:39,167 [ERROR] OSD failed (doc CoroCAM 7 корокам.pdf, page: 0, OCR rectangle: 5, processed image file <tempfile._TemporaryFileWrapper object at 0x7a2bb81c77d0>):
 b'Estimating resolution as 144\nToo few characters. Skipping this page\nWarning. Invalid resolution 0 dpi. Using 70 instead.\nToo few characters. Skipping this page\nError during processing.\n'
2026-06-16 15:06:39,167 [ERROR] OSD failed (doc CoroCAM 7 корокам.pdf, page: 0, OCR rectangle: 5, processed image file <tempfile._TemporaryFileWrapper object at 0x7a2bb81c77d0>):
 b'Estimating resolution as 144\nToo few characters. Skipping this page\nWarning. Invalid resolution 0 dpi. Using 70 instead.\nToo few characters. Skipping this page\nError during processing.\n'
2026-06-16 15:06:39,167 [INFO] command: tesseract -l rus+eng /tmp/tmphamk2zzl.png stdout tsv
2026-06-16 15:06:39,167 [INFO] command: tesseract -l rus+eng /tmp/tmphamk2zzl.png stdout tsv
2026-06-16 15:06:39,381 [INFO] command: tesseract --psm 0 -l osd /tmp/tmpmjdlp6x2.png stdout
2026-06-16 15:06:39,381 [INFO] command: tesseract --psm 0 -l osd /tmp/tmpmjdlp6x2.png stdout
2026-06-16 15:06:39,499 [INFO] command: tesseract -l rus+eng /tmp/tmpmjdlp6x2.png stdout tsv
2026-06-16 15:06:39,499 [INFO] command: tesseract -l rus+eng /tmp/tmpmjdlp6x2.png stdout tsv
2026-06-16 15:06:39,683 [INFO] command: tesseract --psm 0 -l osd /tmp/tmp6xitccg6.png stdout
2026-06-16 15:06:39,683 [INFO] command: tesseract --psm 0 -l osd /tmp/tmp6xitccg6.png stdout
2026-06-16 15:06:39,737 [ERROR] OSD failed (doc CoroCAM 7 корокам.pdf, page: 1, OCR rectangle: 1, processed image file <tempfile._TemporaryFileWrapper object at 0x7a2bb81c7620>):
 b'Estimating resolution as 750\nToo few characters. Skipping this page\nWarning. Invalid resolution 0 dpi. Using 70 instead.\nToo few characters. Skipping this page\nError during processing.\n'
2026-06-16 15:06:39,737 [ERROR] OSD failed (doc CoroCAM 7 корокам.pdf, page: 1, OCR rectangle: 1, processed image file <tempfile._TemporaryFileWrapper object at 0x7a2bb81c7620>):
 b'Estimating resolution as 750\nToo few characters. Skipping this page\nWarning. Invalid resolution 0 dpi. Using 70 instead.\nToo few characters. Skipping this page\nError during processing.\n'
2026-06-16 15:06:39,737 [INFO] command: tesseract -l rus+eng /tmp/tmp6xitccg6.png stdout tsv
2026-06-16 15:06:39,737 [INFO] command: tesseract -l rus+eng /tmp/tmp6xitccg6.png stdout tsv
2026-06-16 15:06:39,817 [INFO] command: tesseract --psm 0 -l osd /tmp/tmphmm9micm.png stdout
2026-06-16 15:06:39,817 [INFO] command: tesseract --psm 0 -l osd /tmp/tmphmm9micm.png stdout
2026-06-16 15:06:39,874 [ERROR] OSD failed (doc CoroCAM 7 корокам.pdf, page: 1, OCR rectangle: 2, processed image file <tempfile._TemporaryFileWrapper object at 0x7a2bb81c4110>):
 b'Warning. Invalid resolution 0 dpi. Using 70 instead.\nToo few characters. Skipping this page\nError during processing.\n'
2026-06-16 15:06:39,874 [ERROR] OSD failed (doc CoroCAM 7 корокам.pdf, page: 1, OCR rectangle: 2, processed image file <tempfile._TemporaryFileWrapper object at 0x7a2bb81c4110>):
 b'Warning. Invalid resolution 0 dpi. Using 70 instead.\nToo few characters. Skipping this page\nError during processing.\n'
2026-06-16 15:06:39,874 [INFO] command: tesseract -l rus+eng /tmp/tmphmm9micm.png stdout tsv
2026-06-16 15:06:39,874 [INFO] command: tesseract -l rus+eng /tmp/tmphmm9micm.png stdout tsv
2026-06-16 15:06:39,953 [INFO] command: tesseract --psm 0 -l osd /tmp/tmpnm8f8816.png stdout
2026-06-16 15:06:39,953 [INFO] command: tesseract --psm 0 -l osd /tmp/tmpnm8f8816.png stdout
2026-06-16 15:06:40,014 [ERROR] OSD failed (doc CoroCAM 7 корокам.pdf, page: 1, OCR rectangle: 3, processed image file <tempfile._TemporaryFileWrapper object at 0x7a2bb81a3800>):
 b'Estimating resolution as 525\nToo few characters. Skipping this page\nWarning. Invalid resolution 0 dpi. Using 70 instead.\nToo few characters. Skipping this page\nError during processing.\n'
2026-06-16 15:06:40,014 [ERROR] OSD failed (doc CoroCAM 7 корокам.pdf, page: 1, OCR rectangle: 3, processed image file <tempfile._TemporaryFileWrapper object at 0x7a2bb81a3800>):
 b'Estimating resolution as 525\nToo few characters. Skipping this page\nWarning. Invalid resolution 0 dpi. Using 70 instead.\nToo few characters. Skipping this page\nError during processing.\n'
2026-06-16 15:06:40,014 [INFO] command: tesseract -l rus+eng /tmp/tmpnm8f8816.png stdout tsv
2026-06-16 15:06:40,014 [INFO] command: tesseract -l rus+eng /tmp/tmpnm8f8816.png stdout tsv
2026-06-16 15:06:40,105 [INFO] command: tesseract --psm 0 -l osd /tmp/tmpwaw3tlpg.png stdout
2026-06-16 15:06:40,105 [INFO] command: tesseract --psm 0 -l osd /tmp/tmpwaw3tlpg.png stdout
2026-06-16 15:06:40,158 [ERROR] OSD failed (doc CoroCAM 7 корокам.pdf, page: 1, OCR rectangle: 4, processed image file <tempfile._TemporaryFileWrapper object at 0x7a2bb81a0680>):
 b'Estimating resolution as 288\nToo few characters. Skipping this page\nWarning. Invalid resolution 0 dpi. Using 70 instead.\nToo few characters. Skipping this page\nError during processing.\n'
2026-06-16 15:06:40,158 [ERROR] OSD failed (doc CoroCAM 7 корокам.pdf, page: 1, OCR rectangle: 4, processed image file <tempfile._TemporaryFileWrapper object at 0x7a2bb81a0680>):
 b'Estimating resolution as 288\nToo few characters. Skipping this page\nWarning. Invalid resolution 0 dpi. Using 70 instead.\nToo few characters. Skipping this page\nError during processing.\n'
2026-06-16 15:06:40,158 [INFO] command: tesseract -l rus+eng /tmp/tmpwaw3tlpg.png stdout tsv
2026-06-16 15:06:40,158 [INFO] command: tesseract -l rus+eng /tmp/tmpwaw3tlpg.png stdout tsv
2026-06-16 15:06:40,238 [INFO] command: tesseract --psm 0 -l osd /tmp/tmph7hzfro8.png stdout
2026-06-16 15:06:40,238 [INFO] command: tesseract --psm 0 -l osd /tmp/tmph7hzfro8.png stdout
2026-06-16 15:06:40,290 [ERROR] OSD failed (doc CoroCAM 7 корокам.pdf, page: 1, OCR rectangle: 5, processed image file <tempfile._TemporaryFileWrapper object at 0x7a2bb81a2990>):
 b'Estimating resolution as 344\nToo few characters. Skipping this page\nWarning. Invalid resolution 0 dpi. Using 70 instead.\nToo few characters. Skipping this page\nError during processing.\n'
2026-06-16 15:06:40,290 [ERROR] OSD failed (doc CoroCAM 7 корокам.pdf, page: 1, OCR rectangle: 5, processed image file <tempfile._TemporaryFileWrapper object at 0x7a2bb81a2990>):
 b'Estimating resolution as 344\nToo few characters. Skipping this page\nWarning. Invalid resolution 0 dpi. Using 70 instead.\nToo few characters. Skipping this page\nError during processing.\n'
2026-06-16 15:06:40,290 [INFO] command: tesseract -l rus+eng /tmp/tmph7hzfro8.png stdout tsv
2026-06-16 15:06:40,290 [INFO] command: tesseract -l rus+eng /tmp/tmph7hzfro8.png stdout tsv
2026-06-16 15:06:40,819 [INFO] command: tesseract --psm 0 -l osd /tmp/tmpdlevam39.png stdout
2026-06-16 15:06:40,819 [INFO] command: tesseract --psm 0 -l osd /tmp/tmpdlevam39.png stdout
2026-06-16 15:06:40,900 [ERROR] OSD failed (doc CoroCAM 7 корокам.pdf, page: 1, OCR rectangle: 0, processed image file <tempfile._TemporaryFileWrapper object at 0x7a2bb85cc110>):
 b'Estimating resolution as 724\nToo few characters. Skipping this page\nWarning. Invalid resolution 0 dpi. Using 70 instead.\nToo few characters. Skipping this page\nError during processing.\n'
2026-06-16 15:06:40,900 [ERROR] OSD failed (doc CoroCAM 7 корокам.pdf, page: 1, OCR rectangle: 0, processed image file <tempfile._TemporaryFileWrapper object at 0x7a2bb85cc110>):
 b'Estimating resolution as 724\nToo few characters. Skipping this page\nWarning. Invalid resolution 0 dpi. Using 70 instead.\nToo few characters. Skipping this page\nError during processing.\n'
2026-06-16 15:06:40,900 [INFO] command: tesseract -l rus+eng /tmp/tmpdlevam39.png stdout tsv
2026-06-16 15:06:40,900 [INFO] command: tesseract -l rus+eng /tmp/tmpdlevam39.png stdout tsv
2026-06-16 15:06:41,192 [INFO] command: tesseract --psm 0 -l osd /tmp/tmp_4u932qm.png stdout
2026-06-16 15:06:41,192 [INFO] command: tesseract --psm 0 -l osd /tmp/tmp_4u932qm.png stdout
2026-06-16 15:06:41,452 [INFO] command: tesseract -l rus+eng /tmp/tmp_4u932qm.png stdout tsv
2026-06-16 15:06:41,452 [INFO] command: tesseract -l rus+eng /tmp/tmp_4u932qm.png stdout tsv
2026-06-16 15:06:42,498 [INFO] command: tesseract --psm 0 -l osd /tmp/tmp_pi1v7ja.png stdout
2026-06-16 15:06:42,498 [INFO] command: tesseract --psm 0 -l osd /tmp/tmp_pi1v7ja.png stdout
2026-06-16 15:06:42,625 [INFO] command: tesseract -l rus+eng /tmp/tmp_pi1v7ja.png stdout tsv
2026-06-16 15:06:42,625 [INFO] command: tesseract -l rus+eng /tmp/tmp_pi1v7ja.png stdout tsv
2026-06-16 15:06:42,764 [INFO] command: tesseract --psm 0 -l osd /tmp/tmpa8s41fwu.png stdout
2026-06-16 15:06:42,764 [INFO] command: tesseract --psm 0 -l osd /tmp/tmpa8s41fwu.png stdout
2026-06-16 15:06:42,818 [ERROR] OSD failed (doc CoroCAM 7 корокам.pdf, page: 2, OCR rectangle: 1, processed image file <tempfile._TemporaryFileWrapper object at 0x7a2bb826eab0>):
 b'Estimating resolution as 444\nToo few characters. Skipping this page\nWarning. Invalid resolution 0 dpi. Using 70 instead.\nToo few characters. Skipping this page\nError during processing.\n'
2026-06-16 15:06:42,818 [ERROR] OSD failed (doc CoroCAM 7 корокам.pdf, page: 2, OCR rectangle: 1, processed image file <tempfile._TemporaryFileWrapper object at 0x7a2bb826eab0>):
 b'Estimating resolution as 444\nToo few characters. Skipping this page\nWarning. Invalid resolution 0 dpi. Using 70 instead.\nToo few characters. Skipping this page\nError during processing.\n'
2026-06-16 15:06:42,818 [INFO] command: tesseract -l rus+eng /tmp/tmpa8s41fwu.png stdout tsv
2026-06-16 15:06:42,818 [INFO] command: tesseract -l rus+eng /tmp/tmpa8s41fwu.png stdout tsv
2026-06-16 15:06:42,908 [INFO] command: tesseract --psm 0 -l osd /tmp/tmpykqvvz40.png stdout
2026-06-16 15:06:42,908 [INFO] command: tesseract --psm 0 -l osd /tmp/tmpykqvvz40.png stdout
2026-06-16 15:06:42,961 [ERROR] OSD failed (doc CoroCAM 7 корокам.pdf, page: 2, OCR rectangle: 2, processed image file <tempfile._TemporaryFileWrapper object at 0x7a2bb826c9b0>):
 b'Estimating resolution as 445\nToo few characters. Skipping this page\nWarning. Invalid resolution 0 dpi. Using 70 instead.\nToo few characters. Skipping this page\nError during processing.\n'
2026-06-16 15:06:42,961 [ERROR] OSD failed (doc CoroCAM 7 корокам.pdf, page: 2, OCR rectangle: 2, processed image file <tempfile._TemporaryFileWrapper object at 0x7a2bb826c9b0>):
 b'Estimating resolution as 445\nToo few characters. Skipping this page\nWarning. Invalid resolution 0 dpi. Using 70 instead.\nToo few characters. Skipping this page\nError during processing.\n'
2026-06-16 15:06:42,961 [INFO] command: tesseract -l rus+eng /tmp/tmpykqvvz40.png stdout tsv
2026-06-16 15:06:42,961 [INFO] command: tesseract -l rus+eng /tmp/tmpykqvvz40.png stdout tsv
2026-06-16 15:06:43,041 [INFO] command: tesseract --psm 0 -l osd /tmp/tmph209v2_b.png stdout
2026-06-16 15:06:43,041 [INFO] command: tesseract --psm 0 -l osd /tmp/tmph209v2_b.png stdout
2026-06-16 15:06:43,095 [ERROR] OSD failed (doc CoroCAM 7 корокам.pdf, page: 2, OCR rectangle: 3, processed image file <tempfile._TemporaryFileWrapper object at 0x7a2bb826e0f0>):
 b'Warning. Invalid resolution 0 dpi. Using 70 instead.\nToo few characters. Skipping this page\nError during processing.\n'
2026-06-16 15:06:43,095 [ERROR] OSD failed (doc CoroCAM 7 корокам.pdf, page: 2, OCR rectangle: 3, processed image file <tempfile._TemporaryFileWrapper object at 0x7a2bb826e0f0>):
 b'Warning. Invalid resolution 0 dpi. Using 70 instead.\nToo few characters. Skipping this page\nError during processing.\n'
2026-06-16 15:06:43,095 [INFO] command: tesseract -l rus+eng /tmp/tmph209v2_b.png stdout tsv
2026-06-16 15:06:43,095 [INFO] command: tesseract -l rus+eng /tmp/tmph209v2_b.png stdout tsv
2026-06-16 15:06:44,006 [INFO] command: tesseract --psm 0 -l osd /tmp/tmpfq9pkc53.png stdout
2026-06-16 15:06:44,006 [INFO] command: tesseract --psm 0 -l osd /tmp/tmpfq9pkc53.png stdout
2026-06-16 15:06:44,084 [ERROR] OSD failed (doc CoroCAM 7 корокам.pdf, page: 1, OCR rectangle: 0, processed image file <tempfile._TemporaryFileWrapper object at 0x7a2bc868faa0>):
 b'Estimating resolution as 723\nToo few characters. Skipping this page\nWarning. Invalid resolution 0 dpi. Using 70 instead.\nToo few characters. Skipping this page\nError during processing.\n'
2026-06-16 15:06:44,084 [ERROR] OSD failed (doc CoroCAM 7 корокам.pdf, page: 1, OCR rectangle: 0, processed image file <tempfile._TemporaryFileWrapper object at 0x7a2bc868faa0>):
 b'Estimating resolution as 723\nToo few characters. Skipping this page\nWarning. Invalid resolution 0 dpi. Using 70 instead.\nToo few characters. Skipping this page\nError during processing.\n'
2026-06-16 15:06:44,084 [INFO] command: tesseract -l rus+eng /tmp/tmpfq9pkc53.png stdout tsv
2026-06-16 15:06:44,084 [INFO] command: tesseract -l rus+eng /tmp/tmpfq9pkc53.png stdout tsv
2026-06-16 15:06:44,224 [INFO] command: tesseract --psm 0 -l osd /tmp/tmpspqs94ar.png stdout
2026-06-16 15:06:44,224 [INFO] command: tesseract --psm 0 -l osd /tmp/tmpspqs94ar.png stdout
2026-06-16 15:06:44,296 [ERROR] OSD failed (doc CoroCAM 7 корокам.pdf, page: 1, OCR rectangle: 1, processed image file <tempfile._TemporaryFileWrapper object at 0x7a2bc868ce90>):
 b'Estimating resolution as 555\nToo few characters. Skipping this page\nWarning. Invalid resolution 0 dpi. Using 70 instead.\nToo few characters. Skipping this page\nError during processing.\n'
2026-06-16 15:06:44,296 [ERROR] OSD failed (doc CoroCAM 7 корокам.pdf, page: 1, OCR rectangle: 1, processed image file <tempfile._TemporaryFileWrapper object at 0x7a2bc868ce90>):
 b'Estimating resolution as 555\nToo few characters. Skipping this page\nWarning. Invalid resolution 0 dpi. Using 70 instead.\nToo few characters. Skipping this page\nError during processing.\n'
2026-06-16 15:06:44,297 [INFO] command: tesseract -l rus+eng /tmp/tmpspqs94ar.png stdout tsv
2026-06-16 15:06:44,297 [INFO] command: tesseract -l rus+eng /tmp/tmpspqs94ar.png stdout tsv
2026-06-16 15:06:44,379 [INFO] command: tesseract --psm 0 -l osd /tmp/tmps5u99zsu.png stdout
2026-06-16 15:06:44,379 [INFO] command: tesseract --psm 0 -l osd /tmp/tmps5u99zsu.png stdout
2026-06-16 15:06:44,430 [ERROR] OSD failed (doc CoroCAM 7 корокам.pdf, page: 1, OCR rectangle: 2, processed image file <tempfile._TemporaryFileWrapper object at 0x7a2bc868dca0>):
 b'Warning. Invalid resolution 0 dpi. Using 70 instead.\nToo few characters. Skipping this page\nError during processing.\n'
2026-06-16 15:06:44,430 [ERROR] OSD failed (doc CoroCAM 7 корокам.pdf, page: 1, OCR rectangle: 2, processed image file <tempfile._TemporaryFileWrapper object at 0x7a2bc868dca0>):
 b'Warning. Invalid resolution 0 dpi. Using 70 instead.\nToo few characters. Skipping this page\nError during processing.\n'
2026-06-16 15:06:44,430 [INFO] command: tesseract -l rus+eng /tmp/tmps5u99zsu.png stdout tsv
2026-06-16 15:06:44,430 [INFO] command: tesseract -l rus+eng /tmp/tmps5u99zsu.png stdout tsv
2026-06-16 15:06:44,510 [INFO] command: tesseract --psm 0 -l osd /tmp/tmpf0u1286b.png stdout
2026-06-16 15:06:44,510 [INFO] command: tesseract --psm 0 -l osd /tmp/tmpf0u1286b.png stdout
2026-06-16 15:06:44,563 [ERROR] OSD failed (doc CoroCAM 7 корокам.pdf, page: 1, OCR rectangle: 3, processed image file <tempfile._TemporaryFileWrapper object at 0x7a2bc868dc40>):
 b'Warning. Invalid resolution 0 dpi. Using 70 instead.\nToo few characters. Skipping this page\nError during processing.\n'
2026-06-16 15:06:44,563 [ERROR] OSD failed (doc CoroCAM 7 корокам.pdf, page: 1, OCR rectangle: 3, processed image file <tempfile._TemporaryFileWrapper object at 0x7a2bc868dc40>):
 b'Warning. Invalid resolution 0 dpi. Using 70 instead.\nToo few characters. Skipping this page\nError during processing.\n'
2026-06-16 15:06:44,563 [INFO] command: tesseract -l rus+eng /tmp/tmpf0u1286b.png stdout tsv
2026-06-16 15:06:44,563 [INFO] command: tesseract -l rus+eng /tmp/tmpf0u1286b.png stdout tsv
2026-06-16 15:06:44,777 [INFO] command: tesseract --psm 0 -l osd /tmp/tmptt0jtcvz.png stdout
2026-06-16 15:06:44,777 [INFO] command: tesseract --psm 0 -l osd /tmp/tmptt0jtcvz.png stdout
2026-06-16 15:06:44,852 [ERROR] OSD failed (doc CoroCAM 7 корокам.pdf, page: 2, OCR rectangle: 0, processed image file <tempfile._TemporaryFileWrapper object at 0x7a2bc868d640>):
 b'Estimating resolution as 717\nToo few characters. Skipping this page\nWarning. Invalid resolution 0 dpi. Using 70 instead.\nToo few characters. Skipping this page\nError during processing.\n'
2026-06-16 15:06:44,852 [ERROR] OSD failed (doc CoroCAM 7 корокам.pdf, page: 2, OCR rectangle: 0, processed image file <tempfile._TemporaryFileWrapper object at 0x7a2bc868d640>):
 b'Estimating resolution as 717\nToo few characters. Skipping this page\nWarning. Invalid resolution 0 dpi. Using 70 instead.\nToo few characters. Skipping this page\nError during processing.\n'
2026-06-16 15:06:44,852 [INFO] command: tesseract -l rus+eng /tmp/tmptt0jtcvz.png stdout tsv
2026-06-16 15:06:44,852 [INFO] command: tesseract -l rus+eng /tmp/tmptt0jtcvz.png stdout tsv
2026-06-16 15:06:44,965 [INFO] command: tesseract --psm 0 -l osd /tmp/tmpkr9jk9q2.png stdout
2026-06-16 15:06:44,965 [INFO] command: tesseract --psm 0 -l osd /tmp/tmpkr9jk9q2.png stdout
2026-06-16 15:06:45,022 [ERROR] OSD failed (doc CoroCAM 7 корокам.pdf, page: 2, OCR rectangle: 1, processed image file <tempfile._TemporaryFileWrapper object at 0x7a2bc868f710>):
 b'Estimating resolution as 209\nToo few characters. Skipping this page\nWarning. Invalid resolution 0 dpi. Using 70 instead.\nToo few characters. Skipping this page\nError during processing.\n'
2026-06-16 15:06:45,022 [ERROR] OSD failed (doc CoroCAM 7 корокам.pdf, page: 2, OCR rectangle: 1, processed image file <tempfile._TemporaryFileWrapper object at 0x7a2bc868f710>):
 b'Estimating resolution as 209\nToo few characters. Skipping this page\nWarning. Invalid resolution 0 dpi. Using 70 instead.\nToo few characters. Skipping this page\nError during processing.\n'
2026-06-16 15:06:45,022 [INFO] command: tesseract -l rus+eng /tmp/tmpkr9jk9q2.png stdout tsv
2026-06-16 15:06:45,022 [INFO] command: tesseract -l rus+eng /tmp/tmpkr9jk9q2.png stdout tsv
2026-06-16 15:06:45,124 [INFO] command: tesseract --psm 0 -l osd /tmp/tmpi7bopqgm.png stdout
2026-06-16 15:06:45,124 [INFO] command: tesseract --psm 0 -l osd /tmp/tmpi7bopqgm.png stdout
2026-06-16 15:06:45,181 [ERROR] OSD failed (doc CoroCAM 7 корокам.pdf, page: 2, OCR rectangle: 2, processed image file <tempfile._TemporaryFileWrapper object at 0x7a2bc868f5f0>):
 b'Warning. Invalid resolution 0 dpi. Using 70 instead.\nToo few characters. Skipping this page\nError during processing.\n'
2026-06-16 15:06:45,181 [ERROR] OSD failed (doc CoroCAM 7 корокам.pdf, page: 2, OCR rectangle: 2, processed image file <tempfile._TemporaryFileWrapper object at 0x7a2bc868f5f0>):
 b'Warning. Invalid resolution 0 dpi. Using 70 instead.\nToo few characters. Skipping this page\nError during processing.\n'
2026-06-16 15:06:45,182 [INFO] command: tesseract -l rus+eng /tmp/tmpi7bopqgm.png stdout tsv
2026-06-16 15:06:45,182 [INFO] command: tesseract -l rus+eng /tmp/tmpi7bopqgm.png stdout tsv
2026-06-16 15:06:45,265 [INFO] command: tesseract --psm 0 -l osd /tmp/tmp3492efbu.png stdout
2026-06-16 15:06:45,265 [INFO] command: tesseract --psm 0 -l osd /tmp/tmp3492efbu.png stdout
2026-06-16 15:06:45,318 [ERROR] OSD failed (doc CoroCAM 7 корокам.pdf, page: 2, OCR rectangle: 3, processed image file <tempfile._TemporaryFileWrapper object at 0x7a2bc868e810>):
 b'Estimating resolution as 256\nToo few characters. Skipping this page\nWarning. Invalid resolution 0 dpi. Using 70 instead.\nToo few characters. Skipping this page\nError during processing.\n'
2026-06-16 15:06:45,318 [ERROR] OSD failed (doc CoroCAM 7 корокам.pdf, page: 2, OCR rectangle: 3, processed image file <tempfile._TemporaryFileWrapper object at 0x7a2bc868e810>):
 b'Estimating resolution as 256\nToo few characters. Skipping this page\nWarning. Invalid resolution 0 dpi. Using 70 instead.\nToo few characters. Skipping this page\nError during processing.\n'
2026-06-16 15:06:45,318 [INFO] command: tesseract -l rus+eng /tmp/tmp3492efbu.png stdout tsv
2026-06-16 15:06:45,318 [INFO] command: tesseract -l rus+eng /tmp/tmp3492efbu.png stdout tsv
2026-06-16 15:06:45,412 [INFO] command: tesseract --psm 0 -l osd /tmp/tmp9nikvy37.png stdout
2026-06-16 15:06:45,412 [INFO] command: tesseract --psm 0 -l osd /tmp/tmp9nikvy37.png stdout
2026-06-16 15:06:45,472 [ERROR] OSD failed (doc CoroCAM 7 корокам.pdf, page: 2, OCR rectangle: 4, processed image file <tempfile._TemporaryFileWrapper object at 0x7a2bc868d700>):
 b'Warning. Invalid resolution 0 dpi. Using 70 instead.\nToo few characters. Skipping this page\nError during processing.\n'
2026-06-16 15:06:45,472 [ERROR] OSD failed (doc CoroCAM 7 корокам.pdf, page: 2, OCR rectangle: 4, processed image file <tempfile._TemporaryFileWrapper object at 0x7a2bc868d700>):
 b'Warning. Invalid resolution 0 dpi. Using 70 instead.\nToo few characters. Skipping this page\nError during processing.\n'
2026-06-16 15:06:45,472 [INFO] command: tesseract -l rus+eng /tmp/tmp9nikvy37.png stdout tsv
2026-06-16 15:06:45,472 [INFO] command: tesseract -l rus+eng /tmp/tmp9nikvy37.png stdout tsv
2026-06-16 15:06:45,552 [INFO] command: tesseract --psm 0 -l osd /tmp/tmp1bpq78ww.png stdout
2026-06-16 15:06:45,552 [INFO] command: tesseract --psm 0 -l osd /tmp/tmp1bpq78ww.png stdout
2026-06-16 15:06:45,609 [ERROR] OSD failed (doc CoroCAM 7 корокам.pdf, page: 2, OCR rectangle: 5, processed image file <tempfile._TemporaryFileWrapper object at 0x7a2bc868dd60>):
 b'Estimating resolution as 213\nToo few characters. Skipping this page\nWarning. Invalid resolution 0 dpi. Using 70 instead.\nToo few characters. Skipping this page\nError during processing.\n'
2026-06-16 15:06:45,609 [ERROR] OSD failed (doc CoroCAM 7 корокам.pdf, page: 2, OCR rectangle: 5, processed image file <tempfile._TemporaryFileWrapper object at 0x7a2bc868dd60>):
 b'Estimating resolution as 213\nToo few characters. Skipping this page\nWarning. Invalid resolution 0 dpi. Using 70 instead.\nToo few characters. Skipping this page\nError during processing.\n'
2026-06-16 15:06:45,610 [INFO] command: tesseract -l rus+eng /tmp/tmp1bpq78ww.png stdout tsv
2026-06-16 15:06:45,610 [INFO] command: tesseract -l rus+eng /tmp/tmp1bpq78ww.png stdout tsv
2026-06-16 15:06:46,187 [INFO] command: tesseract --psm 0 -l osd /tmp/tmpnx7hpitt.png stdout
2026-06-16 15:06:46,187 [INFO] command: tesseract --psm 0 -l osd /tmp/tmpnx7hpitt.png stdout
2026-06-16 15:06:46,794 [INFO] command: tesseract -l rus+eng /tmp/tmpnx7hpitt.png stdout tsv
2026-06-16 15:06:46,794 [INFO] command: tesseract -l rus+eng /tmp/tmpnx7hpitt.png stdout tsv
2026-06-16 15:06:50,033 [INFO] command: tesseract --psm 0 -l osd /tmp/tmphs_e4kqv.png stdout
2026-06-16 15:06:50,033 [INFO] command: tesseract --psm 0 -l osd /tmp/tmphs_e4kqv.png stdout
2026-06-16 15:06:50,355 [INFO] command: tesseract -l rus+eng /tmp/tmphs_e4kqv.png stdout tsv
2026-06-16 15:06:50,355 [INFO] command: tesseract -l rus+eng /tmp/tmphs_e4kqv.png stdout tsv
2026-06-16 15:06:51,005 [INFO] Finished converting document CoroCAM 7 корокам.pdf in 50.38 sec.
2026-06-16 15:06:51,005 [INFO] Finished converting document CoroCAM 7 корокам.pdf in 50.38 sec.
☁️ Complex elements (tables/figures) detected on pages: [1, 10, 11, 12, 13, 14, 17, 18, 19, 20, 21, 29, 31, 33, 35, 36, 38, 39, 41, 42, 43, 44, 45, 46, 47, 48, 51, 56, 57, 63, 78, 80]
Page 1: Complex figure processed via Gemini Vision.
Page 10: Complex figure processed via Gemini Vision.
Page 11: Complex figure processed via Gemini Vision.
Page 12: Complex figure processed via Gemini Vision.
Page 13: Complex figure processed via Gemini Vision.
Page 14: Complex figure processed via Gemini Vision.
Page 17: Complex figure processed via Gemini Vision.
Page 18: Complex figure processed via Gemini Vision.
Page 19: Complex figure processed via Gemini Vision.
Page 20: Complex figure processed via Gemini Vision.
Page 21: Complex figure processed via Gemini Vision.
Page 29: Complex figure processed via Gemini Vision.
Page 31: Complex figure processed via Gemini Vision.
Page 33: Complex figure processed via Gemini Vision.
Page 35: Complex figure processed via Gemini Vision.
Page 36: Complex figure processed via Gemini Vision.
Page 38: Complex figure processed via Gemini Vision.
Page 39: Complex figure processed via Gemini Vision.
Page 41: Complex figure processed via Gemini Vision.
Page 42: Complex figure processed via Gemini Vision.
Page 43: Complex figure processed via Gemini Vision.
Page 44: Complex figure processed via Gemini Vision.
Page 45: Complex figure processed via Gemini Vision.
Page 46: Complex figure processed via Gemini Vision.
Page 47: Complex figure processed via Gemini Vision.
Page 48: Complex figure processed via Gemini Vision.
Page 51: Complex figure processed via Gemini Vision.
Page 56: Complex figure processed via Gemini Vision.
Page 57: Complex figure processed via Gemini Vision.
Page 63: Complex figure processed via Gemini Vision.
Page 78: Complex figure processed via Gemini Vision.
Page 80: Complex figure processed via Gemini Vision.
2026-06-16 15:15:14,824 [INFO] Successfully processed CoroCAM 7 корокам.pdf.
Saved Markdown archive: /home/mint/smart-db/PROCESSED/CoroCAM 7 корокам.pdf.md
2026-06-16 15:15:14,824 [INFO] Successfully processed CoroCAM 7 корокам.pdf.
2026-06-16 15:15:14,824 [INFO] Ingesting В.А. Обвинцеву АИД УПК в ремонт согл.docx via OCR...
2026-06-16 15:15:14,824 [INFO] Ingesting В.А. Обвинцеву АИД УПК в ремонт согл.docx via OCR...
2026-06-16 15:15:14,825 [INFO] detected formats: [<InputFormat.DOCX: 'docx'>]
Processing В.А. Обвинцеву АИД УПК в ремонт согл.docx with Docling...
2026-06-16 15:15:14,825 [INFO] detected formats: [<InputFormat.DOCX: 'docx'>]
2026-06-16 15:15:14,830 [INFO] Going to convert document batch...
2026-06-16 15:15:14,830 [INFO] Going to convert document batch...
2026-06-16 15:15:14,830 [INFO] Processing document В.А. Обвинцеву АИД УПК в ремонт согл.docx
2026-06-16 15:15:14,830 [INFO] Processing document В.А. Обвинцеву АИД УПК в ремонт согл.docx
2026-06-16 15:15:14,918 [INFO] Finished converting document В.А. Обвинцеву АИД УПК в ремонт согл.docx in 0.09 sec.
2026-06-16 15:15:14,918 [INFO] Finished converting document В.А. Обвинцеву АИД УПК в ремонт согл.docx in 0.09 sec.
ℹ️ No complex elements flagged for Tier 3 processing.
2026-06-16 15:15:14,922 [INFO] Successfully processed В.А. Обвинцеву АИД УПК в ремонт согл.docx.
Duplicate file detected: В.А. Обвинцеву АИД УПК в ремонт согл.docx. Permanently deleting.
2026-06-16 15:15:14,922 [INFO] Successfully processed В.А. Обвинцеву АИД УПК в ремонт согл.docx.
2026-06-16 15:15:14,922 [INFO] Ingesting ПСП ЧЭ ЦЭС СДЗП.pdf via OCR...
2026-06-16 15:15:14,922 [INFO] Ingesting ПСП ЧЭ ЦЭС СДЗП.pdf via OCR...
2026-06-16 15:15:14,925 [INFO] detected formats: [<InputFormat.PDF: 'pdf'>]
Processing ПСП ЧЭ ЦЭС СДЗП.pdf with Docling...
2026-06-16 15:15:14,925 [INFO] detected formats: [<InputFormat.PDF: 'pdf'>]
2026-06-16 15:15:14,926 [INFO] Going to convert document batch...
2026-06-16 15:15:14,926 [INFO] Going to convert document batch...
2026-06-16 15:15:14,927 [INFO] Processing document ПСП ЧЭ ЦЭС СДЗП.pdf
2026-06-16 15:15:14,927 [INFO] Processing document ПСП ЧЭ ЦЭС СДЗП.pdf
2026-06-16 15:15:15,512 [INFO] command: tesseract --psm 0 -l osd /tmp/tmp99bzzdu6.png stdout
2026-06-16 15:15:15,512 [INFO] command: tesseract --psm 0 -l osd /tmp/tmp99bzzdu6.png stdout
2026-06-16 15:15:16,151 [INFO] command: tesseract -l rus+eng /tmp/tmp99bzzdu6.png stdout tsv
2026-06-16 15:15:16,151 [INFO] command: tesseract -l rus+eng /tmp/tmp99bzzdu6.png stdout tsv
2026-06-16 15:15:17,106 [INFO] command: tesseract --psm 0 -l osd /tmp/tmpq6z0n59c.png stdout
2026-06-16 15:15:17,106 [INFO] command: tesseract --psm 0 -l osd /tmp/tmpq6z0n59c.png stdout
2026-06-16 15:15:17,386 [ERROR] OSD failed (doc ПСП ЧЭ ЦЭС СДЗП.pdf, page: 0, OCR rectangle: 0, processed image file <tempfile._TemporaryFileWrapper object at 0x7a2bb81c60f0>):
 b'Too few characters. Skipping this page\nWarning. Invalid resolution 0 dpi. Using 70 instead.\nToo few characters. Skipping this page\nError during processing.\n'
2026-06-16 15:15:17,386 [ERROR] OSD failed (doc ПСП ЧЭ ЦЭС СДЗП.pdf, page: 0, OCR rectangle: 0, processed image file <tempfile._TemporaryFileWrapper object at 0x7a2bb81c60f0>):
 b'Too few characters. Skipping this page\nWarning. Invalid resolution 0 dpi. Using 70 instead.\nToo few characters. Skipping this page\nError during processing.\n'
2026-06-16 15:15:17,386 [INFO] command: tesseract -l rus+eng /tmp/tmpq6z0n59c.png stdout tsv
2026-06-16 15:15:17,386 [INFO] command: tesseract -l rus+eng /tmp/tmpq6z0n59c.png stdout tsv
2026-06-16 15:15:18,007 [INFO] command: tesseract --psm 0 -l osd /tmp/tmpygf6qtxr.png stdout
2026-06-16 15:15:18,007 [INFO] command: tesseract --psm 0 -l osd /tmp/tmpygf6qtxr.png stdout
2026-06-16 15:15:18,677 [INFO] command: tesseract -l rus+eng /tmp/tmpygf6qtxr.png stdout tsv
2026-06-16 15:15:18,677 [INFO] command: tesseract -l rus+eng /tmp/tmpygf6qtxr.png stdout tsv
2026-06-16 15:15:21,469 [INFO] command: tesseract --psm 0 -l osd /tmp/tmpcb1l9kme.png stdout
2026-06-16 15:15:21,469 [INFO] command: tesseract --psm 0 -l osd /tmp/tmpcb1l9kme.png stdout
2026-06-16 15:15:21,750 [ERROR] OSD failed (doc ПСП ЧЭ ЦЭС СДЗП.pdf, page: 2, OCR rectangle: 0, processed image file <tempfile._TemporaryFileWrapper object at 0x7a2bb867b860>):
 b'Too few characters. Skipping this page\nWarning. Invalid resolution 0 dpi. Using 70 instead.\nToo few characters. Skipping this page\nError during processing.\n'
2026-06-16 15:15:21,750 [ERROR] OSD failed (doc ПСП ЧЭ ЦЭС СДЗП.pdf, page: 2, OCR rectangle: 0, processed image file <tempfile._TemporaryFileWrapper object at 0x7a2bb867b860>):
 b'Too few characters. Skipping this page\nWarning. Invalid resolution 0 dpi. Using 70 instead.\nToo few characters. Skipping this page\nError during processing.\n'
2026-06-16 15:15:21,750 [INFO] command: tesseract -l rus+eng /tmp/tmpcb1l9kme.png stdout tsv
2026-06-16 15:15:21,750 [INFO] command: tesseract -l rus+eng /tmp/tmpcb1l9kme.png stdout tsv
2026-06-16 15:15:22,361 [INFO] command: tesseract --psm 0 -l osd /tmp/tmpd4wzf9pg.png stdout
2026-06-16 15:15:22,361 [INFO] command: tesseract --psm 0 -l osd /tmp/tmpd4wzf9pg.png stdout
2026-06-16 15:15:23,026 [INFO] command: tesseract -l rus+eng /tmp/tmpd4wzf9pg.png stdout tsv
2026-06-16 15:15:23,026 [INFO] command: tesseract -l rus+eng /tmp/tmpd4wzf9pg.png stdout tsv
2026-06-16 15:15:25,462 [INFO] command: tesseract --psm 0 -l osd /tmp/tmpr0zffvzy.png stdout
2026-06-16 15:15:25,462 [INFO] command: tesseract --psm 0 -l osd /tmp/tmpr0zffvzy.png stdout
2026-06-16 15:15:25,739 [ERROR] OSD failed (doc ПСП ЧЭ ЦЭС СДЗП.pdf, page: 0, OCR rectangle: 0, processed image file <tempfile._TemporaryFileWrapper object at 0x7a2bb81c60f0>):
 b'Too few characters. Skipping this page\nWarning. Invalid resolution 0 dpi. Using 70 instead.\nToo few characters. Skipping this page\nError during processing.\n'
2026-06-16 15:15:25,739 [ERROR] OSD failed (doc ПСП ЧЭ ЦЭС СДЗП.pdf, page: 0, OCR rectangle: 0, processed image file <tempfile._TemporaryFileWrapper object at 0x7a2bb81c60f0>):
 b'Too few characters. Skipping this page\nWarning. Invalid resolution 0 dpi. Using 70 instead.\nToo few characters. Skipping this page\nError during processing.\n'
2026-06-16 15:15:25,739 [INFO] command: tesseract -l rus+eng /tmp/tmpr0zffvzy.png stdout tsv
2026-06-16 15:15:25,739 [INFO] command: tesseract -l rus+eng /tmp/tmpr0zffvzy.png stdout tsv
2026-06-16 15:15:26,375 [INFO] command: tesseract --psm 0 -l osd /tmp/tmp7zvqkrw8.png stdout
2026-06-16 15:15:26,375 [INFO] command: tesseract --psm 0 -l osd /tmp/tmp7zvqkrw8.png stdout
2026-06-16 15:15:27,040 [INFO] command: tesseract -l rus+eng /tmp/tmp7zvqkrw8.png stdout tsv
2026-06-16 15:15:27,040 [INFO] command: tesseract -l rus+eng /tmp/tmp7zvqkrw8.png stdout tsv
2026-06-16 15:15:29,654 [INFO] command: tesseract --psm 0 -l osd /tmp/tmp31mu6c71.png stdout
2026-06-16 15:15:29,654 [INFO] command: tesseract --psm 0 -l osd /tmp/tmp31mu6c71.png stdout
2026-06-16 15:15:29,935 [ERROR] OSD failed (doc ПСП ЧЭ ЦЭС СДЗП.pdf, page: 2, OCR rectangle: 0, processed image file <tempfile._TemporaryFileWrapper object at 0x7a2accadbdd0>):
 b'Too few characters. Skipping this page\nWarning. Invalid resolution 0 dpi. Using 70 instead.\nToo few characters. Skipping this page\nError during processing.\n'
2026-06-16 15:15:29,935 [ERROR] OSD failed (doc ПСП ЧЭ ЦЭС СДЗП.pdf, page: 2, OCR rectangle: 0, processed image file <tempfile._TemporaryFileWrapper object at 0x7a2accadbdd0>):
 b'Too few characters. Skipping this page\nWarning. Invalid resolution 0 dpi. Using 70 instead.\nToo few characters. Skipping this page\nError during processing.\n'
2026-06-16 15:15:29,935 [INFO] command: tesseract -l rus+eng /tmp/tmp31mu6c71.png stdout tsv
2026-06-16 15:15:29,935 [INFO] command: tesseract -l rus+eng /tmp/tmp31mu6c71.png stdout tsv
2026-06-16 15:15:30,554 [INFO] command: tesseract --psm 0 -l osd /tmp/tmpdqn2l4cr.png stdout
2026-06-16 15:15:30,554 [INFO] command: tesseract --psm 0 -l osd /tmp/tmpdqn2l4cr.png stdout
2026-06-16 15:15:31,220 [INFO] command: tesseract -l rus+eng /tmp/tmpdqn2l4cr.png stdout tsv
2026-06-16 15:15:31,220 [INFO] command: tesseract -l rus+eng /tmp/tmpdqn2l4cr.png stdout tsv
2026-06-16 15:15:33,998 [INFO] command: tesseract --psm 0 -l osd /tmp/tmpngt_pzzq.png stdout
2026-06-16 15:15:33,998 [INFO] command: tesseract --psm 0 -l osd /tmp/tmpngt_pzzq.png stdout
2026-06-16 15:15:34,269 [ERROR] OSD failed (doc ПСП ЧЭ ЦЭС СДЗП.pdf, page: 0, OCR rectangle: 0, processed image file <tempfile._TemporaryFileWrapper object at 0x7a2bb8180920>):
 b'Too few characters. Skipping this page\nWarning. Invalid resolution 0 dpi. Using 70 instead.\nToo few characters. Skipping this page\nError during processing.\n'
2026-06-16 15:15:34,269 [ERROR] OSD failed (doc ПСП ЧЭ ЦЭС СДЗП.pdf, page: 0, OCR rectangle: 0, processed image file <tempfile._TemporaryFileWrapper object at 0x7a2bb8180920>):
 b'Too few characters. Skipping this page\nWarning. Invalid resolution 0 dpi. Using 70 instead.\nToo few characters. Skipping this page\nError during processing.\n'
2026-06-16 15:15:34,269 [INFO] command: tesseract -l rus+eng /tmp/tmpngt_pzzq.png stdout tsv
2026-06-16 15:15:34,269 [INFO] command: tesseract -l rus+eng /tmp/tmpngt_pzzq.png stdout tsv
2026-06-16 15:15:34,891 [INFO] command: tesseract --psm 0 -l osd /tmp/tmp8xvyk9rr.png stdout
2026-06-16 15:15:34,891 [INFO] command: tesseract --psm 0 -l osd /tmp/tmp8xvyk9rr.png stdout
2026-06-16 15:15:35,565 [INFO] command: tesseract -l rus+eng /tmp/tmp8xvyk9rr.png stdout tsv
2026-06-16 15:15:35,565 [INFO] command: tesseract -l rus+eng /tmp/tmp8xvyk9rr.png stdout tsv
2026-06-16 15:15:38,434 [INFO] command: tesseract --psm 0 -l osd /tmp/tmp0dg6jcmb.png stdout
2026-06-16 15:15:38,434 [INFO] command: tesseract --psm 0 -l osd /tmp/tmp0dg6jcmb.png stdout
2026-06-16 15:15:38,709 [ERROR] OSD failed (doc ПСП ЧЭ ЦЭС СДЗП.pdf, page: 2, OCR rectangle: 0, processed image file <tempfile._TemporaryFileWrapper object at 0x7a2bb81c4d40>):
 b'Too few characters. Skipping this page\nWarning. Invalid resolution 0 dpi. Using 70 instead.\nToo few characters. Skipping this page\nError during processing.\n'
2026-06-16 15:15:38,709 [ERROR] OSD failed (doc ПСП ЧЭ ЦЭС СДЗП.pdf, page: 2, OCR rectangle: 0, processed image file <tempfile._TemporaryFileWrapper object at 0x7a2bb81c4d40>):
 b'Too few characters. Skipping this page\nWarning. Invalid resolution 0 dpi. Using 70 instead.\nToo few characters. Skipping this page\nError during processing.\n'
2026-06-16 15:15:38,709 [INFO] command: tesseract -l rus+eng /tmp/tmp0dg6jcmb.png stdout tsv
2026-06-16 15:15:38,709 [INFO] command: tesseract -l rus+eng /tmp/tmp0dg6jcmb.png stdout tsv
2026-06-16 15:15:39,311 [INFO] command: tesseract --psm 0 -l osd /tmp/tmpmauuy874.png stdout
2026-06-16 15:15:39,311 [INFO] command: tesseract --psm 0 -l osd /tmp/tmpmauuy874.png stdout
2026-06-16 15:15:39,971 [INFO] command: tesseract -l rus+eng /tmp/tmpmauuy874.png stdout tsv
2026-06-16 15:15:39,971 [INFO] command: tesseract -l rus+eng /tmp/tmpmauuy874.png stdout tsv
2026-06-16 15:15:42,255 [INFO] command: tesseract --psm 0 -l osd /tmp/tmpmti3u33r.png stdout
2026-06-16 15:15:42,255 [INFO] command: tesseract --psm 0 -l osd /tmp/tmpmti3u33r.png stdout
2026-06-16 15:15:42,528 [ERROR] OSD failed (doc ПСП ЧЭ ЦЭС СДЗП.pdf, page: 0, OCR rectangle: 0, processed image file <tempfile._TemporaryFileWrapper object at 0x7a2bb82b4230>):
 b'Too few characters. Skipping this page\nWarning. Invalid resolution 0 dpi. Using 70 instead.\nToo few characters. Skipping this page\nError during processing.\n'
2026-06-16 15:15:42,528 [ERROR] OSD failed (doc ПСП ЧЭ ЦЭС СДЗП.pdf, page: 0, OCR rectangle: 0, processed image file <tempfile._TemporaryFileWrapper object at 0x7a2bb82b4230>):
 b'Too few characters. Skipping this page\nWarning. Invalid resolution 0 dpi. Using 70 instead.\nToo few characters. Skipping this page\nError during processing.\n'
2026-06-16 15:15:42,528 [INFO] command: tesseract -l rus+eng /tmp/tmpmti3u33r.png stdout tsv
2026-06-16 15:15:42,528 [INFO] command: tesseract -l rus+eng /tmp/tmpmti3u33r.png stdout tsv
2026-06-16 15:15:43,143 [INFO] command: tesseract --psm 0 -l osd /tmp/tmp690xyla1.png stdout
2026-06-16 15:15:43,143 [INFO] command: tesseract --psm 0 -l osd /tmp/tmp690xyla1.png stdout
2026-06-16 15:15:43,812 [INFO] command: tesseract -l rus+eng /tmp/tmp690xyla1.png stdout tsv
2026-06-16 15:15:43,812 [INFO] command: tesseract -l rus+eng /tmp/tmp690xyla1.png stdout tsv
2026-06-16 15:15:46,706 [INFO] command: tesseract --psm 0 -l osd /tmp/tmpaqvz72lx.png stdout
2026-06-16 15:15:46,706 [INFO] command: tesseract --psm 0 -l osd /tmp/tmpaqvz72lx.png stdout
2026-06-16 15:15:46,978 [ERROR] OSD failed (doc ПСП ЧЭ ЦЭС СДЗП.pdf, page: 2, OCR rectangle: 0, processed image file <tempfile._TemporaryFileWrapper object at 0x7a2bb8182540>):
 b'Too few characters. Skipping this page\nWarning. Invalid resolution 0 dpi. Using 70 instead.\nToo few characters. Skipping this page\nError during processing.\n'
2026-06-16 15:15:46,978 [ERROR] OSD failed (doc ПСП ЧЭ ЦЭС СДЗП.pdf, page: 2, OCR rectangle: 0, processed image file <tempfile._TemporaryFileWrapper object at 0x7a2bb8182540>):
 b'Too few characters. Skipping this page\nWarning. Invalid resolution 0 dpi. Using 70 instead.\nToo few characters. Skipping this page\nError during processing.\n'
2026-06-16 15:15:46,978 [INFO] command: tesseract -l rus+eng /tmp/tmpaqvz72lx.png stdout tsv
2026-06-16 15:15:46,978 [INFO] command: tesseract -l rus+eng /tmp/tmpaqvz72lx.png stdout tsv
2026-06-16 15:15:47,490 [INFO] command: tesseract --psm 0 -l osd /tmp/tmpo3skcb02.png stdout
2026-06-16 15:15:47,490 [INFO] command: tesseract --psm 0 -l osd /tmp/tmpo3skcb02.png stdout
2026-06-16 15:15:48,120 [INFO] command: tesseract -l rus+eng /tmp/tmpo3skcb02.png stdout tsv
2026-06-16 15:15:48,120 [INFO] command: tesseract -l rus+eng /tmp/tmpo3skcb02.png stdout tsv
2026-06-16 15:15:49,361 [INFO] command: tesseract --psm 0 -l osd /tmp/tmpmm6dzxc2.png stdout
2026-06-16 15:15:49,361 [INFO] command: tesseract --psm 0 -l osd /tmp/tmpmm6dzxc2.png stdout
2026-06-16 15:15:49,647 [ERROR] OSD failed (doc ПСП ЧЭ ЦЭС СДЗП.pdf, page: 0, OCR rectangle: 0, processed image file <tempfile._TemporaryFileWrapper object at 0x7a2bc868cec0>):
 b'Too few characters. Skipping this page\nWarning. Invalid resolution 0 dpi. Using 70 instead.\nToo few characters. Skipping this page\nError during processing.\n'
2026-06-16 15:15:49,647 [ERROR] OSD failed (doc ПСП ЧЭ ЦЭС СДЗП.pdf, page: 0, OCR rectangle: 0, processed image file <tempfile._TemporaryFileWrapper object at 0x7a2bc868cec0>):
 b'Too few characters. Skipping this page\nWarning. Invalid resolution 0 dpi. Using 70 instead.\nToo few characters. Skipping this page\nError during processing.\n'
2026-06-16 15:15:49,647 [INFO] command: tesseract -l rus+eng /tmp/tmpmm6dzxc2.png stdout tsv
2026-06-16 15:15:49,647 [INFO] command: tesseract -l rus+eng /tmp/tmpmm6dzxc2.png stdout tsv
2026-06-16 15:15:50,215 [INFO] command: tesseract --psm 0 -l osd /tmp/tmp282aazyp.png stdout
2026-06-16 15:15:50,215 [INFO] command: tesseract --psm 0 -l osd /tmp/tmp282aazyp.png stdout
2026-06-16 15:15:50,873 [INFO] command: tesseract -l rus+eng /tmp/tmp282aazyp.png stdout tsv
2026-06-16 15:15:50,873 [INFO] command: tesseract -l rus+eng /tmp/tmp282aazyp.png stdout tsv
2026-06-16 15:15:52,016 [INFO] command: tesseract --psm 0 -l osd /tmp/tmpd_wu5_66.png stdout
2026-06-16 15:15:52,016 [INFO] command: tesseract --psm 0 -l osd /tmp/tmpd_wu5_66.png stdout
2026-06-16 15:15:52,289 [ERROR] OSD failed (doc ПСП ЧЭ ЦЭС СДЗП.pdf, page: 2, OCR rectangle: 0, processed image file <tempfile._TemporaryFileWrapper object at 0x7a2bb86d4fb0>):
 b'Estimating resolution as 288\nToo few characters. Skipping this page\nWarning. Invalid resolution 0 dpi. Using 70 instead.\nToo few characters. Skipping this page\nError during processing.\n'
2026-06-16 15:15:52,289 [ERROR] OSD failed (doc ПСП ЧЭ ЦЭС СДЗП.pdf, page: 2, OCR rectangle: 0, processed image file <tempfile._TemporaryFileWrapper object at 0x7a2bb86d4fb0>):
 b'Estimating resolution as 288\nToo few characters. Skipping this page\nWarning. Invalid resolution 0 dpi. Using 70 instead.\nToo few characters. Skipping this page\nError during processing.\n'
2026-06-16 15:15:52,289 [INFO] command: tesseract -l rus+eng /tmp/tmpd_wu5_66.png stdout tsv
2026-06-16 15:15:52,289 [INFO] command: tesseract -l rus+eng /tmp/tmpd_wu5_66.png stdout tsv
2026-06-16 15:15:52,896 [INFO] command: tesseract --psm 0 -l osd /tmp/tmphf8_qk5p.png stdout
2026-06-16 15:15:52,896 [INFO] command: tesseract --psm 0 -l osd /tmp/tmphf8_qk5p.png stdout
2026-06-16 15:15:53,556 [INFO] command: tesseract -l rus+eng /tmp/tmphf8_qk5p.png stdout tsv
2026-06-16 15:15:53,556 [INFO] command: tesseract -l rus+eng /tmp/tmphf8_qk5p.png stdout tsv
2026-06-16 15:15:55,738 [INFO] command: tesseract --psm 0 -l osd /tmp/tmp82qsrrid.png stdout
2026-06-16 15:15:55,738 [INFO] command: tesseract --psm 0 -l osd /tmp/tmp82qsrrid.png stdout
2026-06-16 15:15:56,380 [INFO] command: tesseract -l rus+eng /tmp/tmp82qsrrid.png stdout tsv
2026-06-16 15:15:56,380 [INFO] command: tesseract -l rus+eng /tmp/tmp82qsrrid.png stdout tsv
2026-06-16 15:15:57,918 [INFO] command: tesseract --psm 0 -l osd /tmp/tmpkmd8iup9.png stdout
2026-06-16 15:15:57,918 [INFO] command: tesseract --psm 0 -l osd /tmp/tmpkmd8iup9.png stdout
2026-06-16 15:15:58,613 [INFO] command: tesseract -l rus+eng /tmp/tmpkmd8iup9.png stdout tsv
2026-06-16 15:15:58,613 [INFO] command: tesseract -l rus+eng /tmp/tmpkmd8iup9.png stdout tsv
2026-06-16 15:16:00,315 [INFO] command: tesseract --psm 0 -l osd /tmp/tmpzvsw2ey0.png stdout
2026-06-16 15:16:00,315 [INFO] command: tesseract --psm 0 -l osd /tmp/tmpzvsw2ey0.png stdout
2026-06-16 15:16:00,839 [INFO] command: tesseract -l rus+eng /tmp/tmpzvsw2ey0.png stdout tsv
2026-06-16 15:16:00,839 [INFO] command: tesseract -l rus+eng /tmp/tmpzvsw2ey0.png stdout tsv
2026-06-16 15:16:01,856 [INFO] Finished converting document ПСП ЧЭ ЦЭС СДЗП.pdf in 46.93 sec.
2026-06-16 15:16:01,856 [INFO] Finished converting document ПСП ЧЭ ЦЭС СДЗП.pdf in 46.93 sec.
☁️ Complex elements (tables/figures) detected on pages: [1, 19, 21, 22, 23]
Page 1: Complex figure processed via Gemini Vision.
Page 19: Complex figure processed via Gemini Vision.
Page 21: Complex figure processed via Gemini Vision.
Page 22: Complex figure processed via Gemini Vision.
Page 23: Complex figure processed via Gemini Vision.
2026-06-16 15:17:09,116 [INFO] Successfully processed ПСП ЧЭ ЦЭС СДЗП.pdf.
Saved Markdown archive: /home/mint/smart-db/PROCESSED/ПСП ЧЭ ЦЭС СДЗП.pdf.md
2026-06-16 15:17:09,116 [INFO] Successfully processed ПСП ЧЭ ЦЭС СДЗП.pdf.
2026-06-16 15:17:09,116 [INFO] Ingesting export за 2025.XLSX via OCR...
2026-06-16 15:17:09,116 [INFO] Ingesting export за 2025.XLSX via OCR...
2026-06-16 15:17:09,118 [INFO] detected formats: [<InputFormat.XLSX: 'xlsx'>]
Processing export за 2025.XLSX with Docling...
2026-06-16 15:17:09,118 [INFO] detected formats: [<InputFormat.XLSX: 'xlsx'>]
2026-06-16 15:17:09,344 [INFO] Going to convert document batch...
2026-06-16 15:17:09,344 [INFO] Going to convert document batch...
2026-06-16 15:17:09,344 [INFO] Processing document export за 2025.XLSX
2026-06-16 15:17:09,344 [INFO] Processing document export за 2025.XLSX
2026-06-16 15:17:09,344 [INFO] Processing sheet 0: Sheet1 as page 1
2026-06-16 15:17:09,344 [INFO] Processing sheet 0: Sheet1 as page 1
2026-06-16 15:17:09,763 [INFO] Finished converting document export за 2025.XLSX in 0.65 sec.
2026-06-16 15:17:09,763 [INFO] Finished converting document export за 2025.XLSX in 0.65 sec.
ℹ️ No complex elements flagged for Tier 3 processing.
2026-06-16 15:17:10,817 [INFO] Successfully processed export за 2025.XLSX.
Saved Markdown archive: /home/mint/smart-db/PROCESSED/export за 2025.XLSX.md
2026-06-16 15:17:10,817 [INFO] Successfully processed export за 2025.XLSX.
2026-06-16 15:17:10,817 [INFO] Ingesting Служебная записка возложение обязанностей УСА - начальник.doc via OCR...
2026-06-16 15:17:10,817 [INFO] Ingesting Служебная записка возложение обязанностей УСА - начальник.doc via OCR...
2026-06-16 15:17:12,180 [INFO] detected formats: [<InputFormat.PDF: 'pdf'>]
Legacy .doc detected: Служебная записка возложение обязанностей УСА - начальник.doc. Converting to PDF via LibreOffice...
Processing Служебная записка возложение обязанностей УСА - начальник.doc with Docling...
2026-06-16 15:17:12,180 [INFO] detected formats: [<InputFormat.PDF: 'pdf'>]
2026-06-16 15:17:12,180 [INFO] Going to convert document batch...
2026-06-16 15:17:12,180 [INFO] Going to convert document batch...
2026-06-16 15:17:12,181 [INFO] Processing document Служебная записка возложение обязанностей УСА - начальник.pdf
2026-06-16 15:17:12,181 [INFO] Processing document Служебная записка возложение обязанностей УСА - начальник.pdf
2026-06-16 15:17:12,423 [INFO] command: tesseract --psm 0 -l osd /tmp/tmpks01k7ma.png stdout
2026-06-16 15:17:12,423 [INFO] command: tesseract --psm 0 -l osd /tmp/tmpks01k7ma.png stdout
2026-06-16 15:17:12,695 [INFO] command: tesseract -l rus+eng /tmp/tmpks01k7ma.png stdout tsv
2026-06-16 15:17:12,695 [INFO] command: tesseract -l rus+eng /tmp/tmpks01k7ma.png stdout tsv
2026-06-16 15:17:13,053 [INFO] Finished converting document Служебная записка возложение обязанностей УСА - начальник.pdf in 0.87 sec.
2026-06-16 15:17:13,053 [INFO] Finished converting document Служебная записка возложение обязанностей УСА - начальник.pdf in 0.87 sec.
ℹ️ No complex elements flagged for Tier 3 processing.
2026-06-16 15:17:13,202 [INFO] Successfully processed Служебная записка возложение обязанностей УСА - начальник.doc.
Saved Markdown archive: /home/mint/smart-db/PROCESSED/Служебная записка возложение обязанностей УСА - начальник.doc.md
2026-06-16 15:17:13,202 [INFO] Successfully processed Служебная записка возложение обязанностей УСА - начальник.doc.
2026-06-16 15:17:13,202 [INFO] Ingesting В.А. Обвинцеву КороКам в ремонт 202309 согл.docx via OCR...
2026-06-16 15:17:13,202 [INFO] Ingesting В.А. Обвинцеву КороКам в ремонт 202309 согл.docx via OCR...
2026-06-16 15:17:13,203 [INFO] detected formats: [<InputFormat.DOCX: 'docx'>]
Processing В.А. Обвинцеву КороКам в ремонт 202309 согл.docx with Docling...
2026-06-16 15:17:13,203 [INFO] detected formats: [<InputFormat.DOCX: 'docx'>]
2026-06-16 15:17:13,207 [INFO] Going to convert document batch...
2026-06-16 15:17:13,207 [INFO] Going to convert document batch...
2026-06-16 15:17:13,207 [INFO] Processing document В.А. Обвинцеву КороКам в ремонт 202309 согл.docx
2026-06-16 15:17:13,207 [INFO] Processing document В.А. Обвинцеву КороКам в ремонт 202309 согл.docx
2026-06-16 15:17:13,292 [INFO] Finished converting document В.А. Обвинцеву КороКам в ремонт 202309 согл.docx in 0.09 sec.
2026-06-16 15:17:13,292 [INFO] Finished converting document В.А. Обвинцеву КороКам в ремонт 202309 согл.docx in 0.09 sec.
ℹ️ No complex elements flagged for Tier 3 processing.
2026-06-16 15:17:13,296 [INFO] Successfully processed В.А. Обвинцеву КороКам в ремонт 202309 согл.docx.
Duplicate file detected: В.А. Обвинцеву КороКам в ремонт 202309 согл.docx. Permanently deleting.
2026-06-16 15:17:13,296 [INFO] Successfully processed В.А. Обвинцеву КороКам в ремонт 202309 согл.docx.
2026-06-16 15:17:13,296 [INFO] Ingesting Служебная записка возложение обязанностей ВЕЮ-МАБ.docx via OCR...
2026-06-16 15:17:13,296 [INFO] Ingesting Служебная записка возложение обязанностей ВЕЮ-МАБ.docx via OCR...
2026-06-16 15:17:13,297 [INFO] detected formats: [<InputFormat.DOCX: 'docx'>]
Processing Служебная записка возложение обязанностей ВЕЮ-МАБ.docx with Docling...
2026-06-16 15:17:13,297 [INFO] detected formats: [<InputFormat.DOCX: 'docx'>]
2026-06-16 15:17:13,303 [INFO] Going to convert document batch...
2026-06-16 15:17:13,303 [INFO] Going to convert document batch...
2026-06-16 15:17:13,303 [INFO] Processing document Служебная записка возложение обязанностей ВЕЮ-МАБ.docx
2026-06-16 15:17:13,303 [INFO] Processing document Служебная записка возложение обязанностей ВЕЮ-МАБ.docx
2026-06-16 15:17:13,396 [INFO] Finished converting document Служебная записка возложение обязанностей ВЕЮ-МАБ.docx in 0.10 sec.
2026-06-16 15:17:13,396 [INFO] Finished converting document Служебная записка возложение обязанностей ВЕЮ-МАБ.docx in 0.10 sec.
ℹ️ No complex elements flagged for Tier 3 processing.
2026-06-16 15:17:13,530 [INFO] Successfully processed Служебная записка возложение обязанностей ВЕЮ-МАБ.docx.
Saved Markdown archive: /home/mint/smart-db/PROCESSED/Служебная записка возложение обязанностей ВЕЮ-МАБ.docx.md
2026-06-16 15:17:13,530 [INFO] Successfully processed Служебная записка возложение обязанностей ВЕЮ-МАБ.docx.
2026-06-16 15:17:13,530 [INFO] Ingesting Юрину 2023 Ефремов согл.docx via OCR...
2026-06-16 15:17:13,530 [INFO] Ingesting Юрину 2023 Ефремов согл.docx via OCR...
2026-06-16 15:17:13,531 [INFO] detected formats: [<InputFormat.DOCX: 'docx'>]
Processing Юрину 2023 Ефремов согл.docx with Docling...
2026-06-16 15:17:13,531 [INFO] detected formats: [<InputFormat.DOCX: 'docx'>]
2026-06-16 15:17:13,536 [INFO] Going to convert document batch...
2026-06-16 15:17:13,536 [INFO] Going to convert document batch...
2026-06-16 15:17:13,536 [INFO] Processing document Юрину 2023 Ефремов согл.docx
2026-06-16 15:17:13,536 [INFO] Processing document Юрину 2023 Ефремов согл.docx
2026-06-16 15:17:13,619 [INFO] Finished converting document Юрину 2023 Ефремов согл.docx in 0.09 sec.
2026-06-16 15:17:13,619 [INFO] Finished converting document Юрину 2023 Ефремов согл.docx in 0.09 sec.
ℹ️ No complex elements flagged for Tier 3 processing.
2026-06-16 15:17:13,755 [INFO] Successfully processed Юрину 2023 Ефремов согл.docx.
Saved Markdown archive: /home/mint/smart-db/PROCESSED/Юрину 2023 Ефремов согл.docx.md
2026-06-16 15:17:13,755 [INFO] Successfully processed Юрину 2023 Ефремов согл.docx.
2026-06-16 15:17:13,755 [INFO] Ingesting По доплате Отставнову и Чистякову за вакант должн v3.docx via OCR...
2026-06-16 15:17:13,755 [INFO] Ingesting По доплате Отставнову и Чистякову за вакант должн v3.docx via OCR...
2026-06-16 15:17:13,757 [INFO] detected formats: [<InputFormat.DOCX: 'docx'>]
Processing По доплате Отставнову и Чистякову за вакант должн v3.docx with Docling...
2026-06-16 15:17:13,757 [INFO] detected formats: [<InputFormat.DOCX: 'docx'>]
2026-06-16 15:17:13,764 [INFO] Going to convert document batch...
2026-06-16 15:17:13,764 [INFO] Going to convert document batch...
2026-06-16 15:17:13,764 [INFO] Processing document По доплате Отставнову и Чистякову за вакант должн v3.docx
2026-06-16 15:17:13,764 [INFO] Processing document По доплате Отставнову и Чистякову за вакант должн v3.docx
2026-06-16 15:17:13,854 [INFO] Finished converting document По доплате Отставнову и Чистякову за вакант должн v3.docx in 0.10 sec.
2026-06-16 15:17:13,854 [INFO] Finished converting document По доплате Отставнову и Чистякову за вакант должн v3.docx in 0.10 sec.
ℹ️ No complex elements flagged for Tier 3 processing.
2026-06-16 15:17:13,988 [INFO] Successfully processed По доплате Отставнову и Чистякову за вакант должн v3.docx.
Saved Markdown archive: /home/mint/smart-db/PROCESSED/По доплате Отставнову и Чистякову за вакант должн v3.docx.md
2026-06-16 15:17:13,988 [INFO] Successfully processed По доплате Отставнову и Чистякову за вакант должн v3.docx.
2026-06-16 15:17:13,988 [INFO] Ingesting Служебная записка возложение обязанностей АЮА-БЮВ 2025.docx via OCR...
2026-06-16 15:17:13,988 [INFO] Ingesting Служебная записка возложение обязанностей АЮА-БЮВ 2025.docx via OCR...
2026-06-16 15:17:13,990 [INFO] detected formats: [<InputFormat.DOCX: 'docx'>]
Processing Служебная записка возложение обязанностей АЮА-БЮВ 2025.docx with Docling...
2026-06-16 15:17:13,990 [INFO] detected formats: [<InputFormat.DOCX: 'docx'>]
2026-06-16 15:17:13,997 [INFO] Going to convert document batch...
2026-06-16 15:17:13,997 [INFO] Going to convert document batch...
2026-06-16 15:17:13,997 [INFO] Processing document Служебная записка возложение обязанностей АЮА-БЮВ 2025.docx
2026-06-16 15:17:13,997 [INFO] Processing document Служебная записка возложение обязанностей АЮА-БЮВ 2025.docx
2026-06-16 15:17:14,129 [INFO] Finished converting document Служебная записка возложение обязанностей АЮА-БЮВ 2025.docx in 0.14 sec.
2026-06-16 15:17:14,129 [INFO] Finished converting document Служебная записка возложение обязанностей АЮА-БЮВ 2025.docx in 0.14 sec.
ℹ️ No complex elements flagged for Tier 3 processing.
2026-06-16 15:17:14,265 [INFO] Successfully processed Служебная записка возложение обязанностей АЮА-БЮВ 2025.docx.
Saved Markdown archive: /home/mint/smart-db/PROCESSED/Служебная записка возложение обязанностей АЮА-БЮВ 2025.docx.md
2026-06-16 15:17:14,265 [INFO] Successfully processed Служебная записка возложение обязанностей АЮА-БЮВ 2025.docx.
2026-06-16 15:17:14,265 [INFO] Ingesting Служебная записка возложение обязанностей БЮВ-ХАА 23.03 (2).docx via OCR...
2026-06-16 15:17:14,265 [INFO] Ingesting Служебная записка возложение обязанностей БЮВ-ХАА 23.03 (2).docx via OCR...
2026-06-16 15:17:14,267 [INFO] detected formats: [<InputFormat.DOCX: 'docx'>]
Processing Служебная записка возложение обязанностей БЮВ-ХАА 23.03 (2).docx with Docling...
2026-06-16 15:17:14,267 [INFO] detected formats: [<InputFormat.DOCX: 'docx'>]
2026-06-16 15:17:14,273 [INFO] Going to convert document batch...
2026-06-16 15:17:14,273 [INFO] Going to convert document batch...
2026-06-16 15:17:14,274 [INFO] Processing document Служебная записка возложение обязанностей БЮВ-ХАА 23.03 (2).docx
2026-06-16 15:17:14,274 [INFO] Processing document Служебная записка возложение обязанностей БЮВ-ХАА 23.03 (2).docx
2026-06-16 15:17:14,396 [INFO] Finished converting document Служебная записка возложение обязанностей БЮВ-ХАА 23.03 (2).docx in 0.13 sec.
2026-06-16 15:17:14,396 [INFO] Finished converting document Служебная записка возложение обязанностей БЮВ-ХАА 23.03 (2).docx in 0.13 sec.
ℹ️ No complex elements flagged for Tier 3 processing.
2026-06-16 15:17:14,533 [INFO] Successfully processed Служебная записка возложение обязанностей БЮВ-ХАА 23.03 (2).docx.
Saved Markdown archive: /home/mint/smart-db/PROCESSED/Служебная записка возложение обязанностей БЮВ-ХАА 23.03 (2).docx.md
2026-06-16 15:17:14,533 [INFO] Successfully processed Служебная записка возложение обязанностей БЮВ-ХАА 23.03 (2).docx.
2026-06-16 15:17:14,533 [INFO] Ingesting Аргаяшск doc13313020250416102044.pdf via OCR...
2026-06-16 15:17:14,533 [INFO] Ingesting Аргаяшск doc13313020250416102044.pdf via OCR...
2026-06-16 15:17:14,535 [INFO] detected formats: [<InputFormat.PDF: 'pdf'>]
Processing Аргаяшск doc13313020250416102044.pdf with Docling...
2026-06-16 15:17:14,535 [INFO] detected formats: [<InputFormat.PDF: 'pdf'>]
2026-06-16 15:17:14,536 [INFO] Going to convert document batch...
2026-06-16 15:17:14,536 [INFO] Going to convert document batch...
2026-06-16 15:17:14,537 [INFO] Processing document Аргаяшск doc13313020250416102044.pdf
2026-06-16 15:17:14,537 [INFO] Processing document Аргаяшск doc13313020250416102044.pdf
2026-06-16 15:17:15,116 [INFO] command: tesseract --psm 0 -l osd /tmp/tmp37a2y03u.png stdout
2026-06-16 15:17:15,116 [INFO] command: tesseract --psm 0 -l osd /tmp/tmp37a2y03u.png stdout
2026-06-16 15:17:15,803 [INFO] command: tesseract -l rus+eng /tmp/tmp37a2y03u.png stdout tsv
2026-06-16 15:17:15,803 [INFO] command: tesseract -l rus+eng /tmp/tmp37a2y03u.png stdout tsv
2026-06-16 15:17:17,809 [INFO] command: tesseract --psm 0 -l osd /tmp/tmpg2rgqss_.png stdout
2026-06-16 15:17:17,809 [INFO] command: tesseract --psm 0 -l osd /tmp/tmpg2rgqss_.png stdout
2026-06-16 15:17:18,503 [INFO] command: tesseract -l rus+eng /tmp/tmpg2rgqss_.png stdout tsv
2026-06-16 15:17:18,503 [INFO] command: tesseract -l rus+eng /tmp/tmpg2rgqss_.png stdout tsv
2026-06-16 15:17:19,758 [INFO] Finished converting document Аргаяшск doc13313020250416102044.pdf in 5.22 sec.
2026-06-16 15:17:19,758 [INFO] Finished converting document Аргаяшск doc13313020250416102044.pdf in 5.22 sec.
☁️ Complex elements (tables/figures) detected on pages: [1]
2026-06-16 15:17:19,766 [INFO] Successfully processed Аргаяшск doc13313020250416102044.pdf.
Duplicate file detected: Аргаяшск doc13313020250416102044.pdf. Permanently deleting.
2026-06-16 15:17:19,766 [INFO] Successfully processed Аргаяшск doc13313020250416102044.pdf.
2026-06-16 15:17:19,766 [INFO] Ingesting Служебная записка возложение обязанностей ОДИ ЧИВ вакансия.doc via OCR...
2026-06-16 15:17:19,766 [INFO] Ingesting Служебная записка возложение обязанностей ОДИ ЧИВ вакансия.doc via OCR...
2026-06-16 15:17:20,404 [INFO] detected formats: [<InputFormat.PDF: 'pdf'>]
Legacy .doc detected: Служебная записка возложение обязанностей ОДИ ЧИВ вакансия.doc. Converting to PDF via LibreOffice...
Processing Служебная записка возложение обязанностей ОДИ ЧИВ вакансия.doc with Docling...
2026-06-16 15:17:20,404 [INFO] detected formats: [<InputFormat.PDF: 'pdf'>]
2026-06-16 15:17:20,405 [INFO] Going to convert document batch...
2026-06-16 15:17:20,405 [INFO] Going to convert document batch...
2026-06-16 15:17:20,405 [INFO] Processing document Служебная записка возложение обязанностей ОДИ ЧИВ вакансия.pdf
2026-06-16 15:17:20,405 [INFO] Processing document Служебная записка возложение обязанностей ОДИ ЧИВ вакансия.pdf
2026-06-16 15:17:20,622 [INFO] command: tesseract --psm 0 -l osd /tmp/tmp_npe74_k.png stdout
2026-06-16 15:17:20,622 [INFO] command: tesseract --psm 0 -l osd /tmp/tmp_npe74_k.png stdout
2026-06-16 15:17:20,909 [INFO] command: tesseract -l rus+eng /tmp/tmp_npe74_k.png stdout tsv
2026-06-16 15:17:20,909 [INFO] command: tesseract -l rus+eng /tmp/tmp_npe74_k.png stdout tsv
2026-06-16 15:17:21,305 [INFO] Finished converting document Служебная записка возложение обязанностей ОДИ ЧИВ вакансия.pdf in 0.90 sec.
2026-06-16 15:17:21,305 [INFO] Finished converting document Служебная записка возложение обязанностей ОДИ ЧИВ вакансия.pdf in 0.90 sec.
ℹ️ No complex elements flagged for Tier 3 processing.
2026-06-16 15:17:21,456 [INFO] Successfully processed Служебная записка возложение обязанностей ОДИ ЧИВ вакансия.doc.
Saved Markdown archive: /home/mint/smart-db/PROCESSED/Служебная записка возложение обязанностей ОДИ ЧИВ вакансия.doc.md
2026-06-16 15:17:21,456 [INFO] Successfully processed Служебная записка возложение обязанностей ОДИ ЧИВ вакансия.doc.
